drug,cdi,moa,n_targets,target_mut_freq,target_expr_var,target_expr_mean
Budesonide,0.4281686703426047,,1,0.0,0.0948668203865954,4.5468175314673065
Dexamethasone,0.3761500055533002,,1,0.0,0.0948668203865954,4.5468175314673065
Betamethasone dipropionate,0.3634632680025068,,1,0.0,0.0948668203865954,4.5468175314673065
Clobetasol propionate,0.3594183985955301,,2,0.0,0.16800820853874188,2.441259138976081
Selinexor,0.3576629663449019,,1,0.0,0.005841679805870087,4.711912128540899
Rapamycin,0.3530047990207964,,2,0.02,0.0088393540601923,4.374775195559964
Bortezomib,0.3435441942762152,,1,0.0,0.004943497848039448,4.278076033571266
Almonertinib (hydrochloride),0.342544459417417,,1,0.08,0.03938794441741245,4.73702816613291
Triamcinolone,0.3419099721530841,,1,0.0,0.0948668203865954,4.5468175314673065
Dinaciclib,0.3388633624190449,,4,0.0,0.05026379820626266,3.8548389019341203
Panobinostat,0.3373325178528659,,7,0.0,0.0263969201903542,4.2130539748264715
Trametinib (DMSO_TF solvate),0.3368754869855269,,2,0.02,0.009788219305853848,4.39545176283465
Binimetinib,0.335380375123318,,2,0.02,0.009788219305853848,4.39545176283465
Ixazomib citrate,0.333597458091535,,3,0.0,0.0052781141295274205,4.3695116440697035
Cobimetinib,0.3235994410057987,,1,0.04,0.012313400207734453,4.623030025800821
Medroxyprogesterone acetate,0.3161969896762269,,1,0.0,0.4511017412945027,2.1055645937208105
Trimetrexate,0.3159558578103441,,1,0.0,0.0032197503390806303,4.346988212980816
Tofacitinib (citrate),0.311434124742423,,3,0.013333333333333334,0.1840955720809573,4.053394109750031
Gemfibrozil,0.3112314773735155,,5,0.0,0.2205016051730176,1.5895661206925213
Ponatinib,0.3086361650286597,,6,0.006666666666666667,0.38036740935370233,3.203071801078577
Sinomenine,0.3062723095301759,,1,0.0,0.045218696666245874,2.354027827459877
4EGI-1,0.302222440448893,,1,0.0,0.01059473601340443,4.36422658009025
Tofacitinib,0.3017002201861751,,3,0.013333333333333334,0.1840955720809573,4.053394109750031
Neratinib (maleate),0.2982340684313249,,2,0.07,0.04934680323550705,4.429522107752083
Aliskiren,0.2952949584519415,,1,0.0,0.31426775806424684,1.679434085083827
Clotrimazole,0.2952569580951541,,2,0.0,0.039080744795602466,2.3692090477232637
Lenalidomide (hemihydrate),0.2920183828695069,,3,0.0,0.25245594809029637,2.8757643579946026
Thymol,0.2899630692639415,,1,0.0,0.38925099119007994,3.0276978016492877
Resveratrol,0.2817148973200036,,1,0.0,0.010907455333862701,4.407691623773235
Norepinephrine (hydrochloride),0.2808339032349999,,7,0.0,0.5705713018598063,1.7855067757320424
Trametinib,0.2803556698458486,,2,0.02,0.009788219305853848,4.39545176283465
Vilanterol,0.2704819855319081,,1,0.0,0.6644709429713714,2.8778780071369368
Capmatinib,0.2702542405727213,,1,0.06,0.04991946660930168,4.6228820436166975
Tazarotene,0.267378441480949,,3,0.0,0.13039045744021013,3.8952272884128796
Relugolix,0.2666591992073984,,1,0.0,0.05794505793490327,2.193322863728555
BI-3406,0.2660171006486889,,2,0.25,0.010998279455901715,4.612789469401252
Sodium Salicylate,0.2656630801520538,,1,0.0,0.2178087595470829,4.099292348684719
Elimusertib hydrochloride,0.2635120192426295,,1,0.0,0.008539117270808087,4.469297444828179
Amsacrine,0.2613696376945043,,1,0.0,0.01027853855499154,4.694148901372842
AZD-8055,0.261285720400437,,1,0.04,0.009394665625205188,4.306759566709168
Furosemide,0.2596906645008208,,2,0.0,0.08452205271391933,3.1398885086195643
Everolimus,0.2574763197461152,,2,0.02,0.0088393540601923,4.374775195559964
HI-TOPK-032,0.2571980101175087,,1,0.0,0.05148651408073889,4.13079323046194
Radotinib,0.2532220276615113,,1,0.04,0.014003782330415174,4.572441967571391
Balsalazide (sodium hydrate),0.251702077004343,,2,0.0,0.17573884855986907,4.212483221999356
c-Kit-IN-1,0.248148502695929,,5,0.012,0.5545622101027022,2.7333310926373846
(R)-Verapamil (hydrochloride),0.2459359573231675,,1,0.0,0.24372633524566797,3.3473067034270803
Tucidinostat,0.2449704475273837,,6,0.0,0.02882315142683171,4.223025907008874
Lumateperone (tosylate),0.2447754053613408,,2,0.0,0.46767164369298,1.6995834758705497
Goserelin (acetate),0.2424891798595591,,1,0.0,0.05794505793490327,2.193322863728555
Neratinib,0.2414611174390507,,2,0.07,0.04934680323550705,4.429522107752083
Atazanavir (sulfate),0.2406967460477525,,1,0.0,0.17577695153395642,0.94681272430004
Adenosine,0.2400230063138752,,4,0.0,0.22647381981986356,2.6137942257997304
Larotrectinib,0.2363915608769054,,3,0.0,0.31871118139861293,2.7050667040522534
Capivasertib,0.2342833493665284,,7,0.002857142857142857,0.02751341547559389,4.374856089076871
Sulfisoxazole,0.2332722555674985,,2,0.0,0.7044828817813176,2.410371618113935
Mitoxantrone (dihydrochloride),0.2332388159809504,,3,0.0,0.0170525056554088,4.6701559691564904
Bexarotene,0.2322471334806108,,3,0.0,0.18611575992517324,3.052350564426311
Retinoic acid,0.2316619466718884,,4,0.0,0.10543321076196126,4.051155711290344
Tolcapone,0.2313972096276908,,1,0.0,0.038972856830423785,4.190992010244901
Temsirolimus,0.229824386733979,,1,0.04,0.009394665625205188,4.306759566709168
RMC-6236,0.2291208094276253,,1,0.48,0.014669483798447139,4.502414052618064
Lidocaine (hydrochloride),0.2288605999152084,,3,0.02,0.01073267072481906,4.579069974737631
Vemurafenib,0.2287743140293651,,1,0.18,0.00673003945323886,4.718053959585722
Peretinoin,0.2287224799769152,,3,0.0,0.18611575992517324,3.052350564426311
EX229,0.2287213884203791,,1,0.0,0.008666267774340502,4.446426129834071
venetoclax,0.2283906607245664,,1,0.0,0.15962973283472043,3.841158018306938
Belumosudil (mesylate),0.2279589725297808,,2,0.0,0.013662154498562111,4.683267474413933
Elagolix sodium,0.2232512864284959,,1,0.0,0.05794505793490327,2.193322863728555
Vandetanib,0.2220729142613075,,2,0.04,0.47841358877558987,3.1477941934975733
5-Fluorouracil,0.2184496412632893,,1,0.0,0.03129200166553565,4.185018458613248
Ixazomib,0.2162107809565245,,1,0.0,0.004943497848039448,4.278076033571266
Belinostat,0.215218994364016,,1,0.0,0.011839532771489138,4.153222381732059
Olanzapine,0.2145180723653018,,13,0.0,0.364649495507447,2.215545822153707
palbociclib,0.2144594952350297,,2,0.0,0.02741121626705732,4.370362146031274
Pasireotide (acetate),0.2143205686274654,,4,0.0,0.484601232423375,0.9551627458685444
Raltitrexed,0.2123227721719182,,1,0.0,0.03129200166553565,4.185018458613248
Proglumide,0.2120950830897168,,2,0.0,0.27131762313770447,0.4453883643319429
Oxaprozin,0.2120537050747759,,3,0.0,0.21509038617795218,3.929481532917119
Bimiralisib,0.2091475084798072,,3,0.09999999999999999,0.008882711130319777,4.4769419728869195
Irinotecan,0.2083063873191138,,1,0.0,0.010973134824705163,4.7410385367501195
Darolutamide,0.2079427753252533,,1,0.0,0.5438319965359807,3.288932643961204
Alpelisib,0.2076837846678386,,1,0.22,0.006767660574309818,4.58731643512064
Fedratinib (hydrochloride hydrate),0.2075358437350996,,3,0.0,0.3422464539602225,3.0156746425506484
5-Azacytidine,0.2069403301473172,,1,0.0,0.010723194807914007,4.430198102302131
Volasertib,0.2026357797155216,,3,0.0,0.054295307906856057,4.111565944349593
Pitavastatin (Calcium),0.2017127256548722,,1,0.0,0.012818975997633065,4.3281645810423415
ULK-101,0.2013736362571628,,2,0.0,0.10790801693009913,4.132580372870461
Rimonabant,0.1994314150104828,,1,0.0,1.0600828795968327,1.3366385098451334
Verteporfin,0.1988537487041048,,1,0.0,0.02078745489223973,4.684314198552426
Indacaterol (maleate),0.1978910870757678,,1,0.0,0.6644709429713714,2.8778780071369368
LB-100,0.1964417600989615,,2,0.0,0.009252404873379645,4.5478915265483515
Cepharanthine,0.1960228414323566,,3,0.0,0.21935982745088708,1.6954439195553885
Lapatinib ditosylate,0.1952826223477123,,2,0.07,0.04934680323550705,4.429522107752083
Entrectinib,0.1933347176264386,,5,0.0,0.36658007894589795,2.7914508809221816
Pentagastrin,0.1928012188595841,,1,0.0,0.14866219745760254,0.472648048287351
Aspirin,0.1925816181399373,,2,0.0,0.31638818919110934,3.6003058728616613
Aprepitant,0.1922379599973502,,1,0.0,0.19622920541689315,2.5744425095840957
LJI308,0.1912693017616323,,3,0.0,0.06146504870286392,4.286953329471549
Osimertinib (mesylate),0.1907242451855915,,1,0.08,0.03938794441741245,4.73702816613291
AT7519,0.1863575012930075,,8,0.0,0.03407333184813185,4.168760659380123
Zileuton,0.1809211017507632,,1,0.0,0.5799269030448649,3.083360454293495
Pioglitazone,0.1808465621387867,,1,0.0,0.12461560994659082,4.283286394124887
AZD-7648,0.1786840005863775,,1,0.0,0.010179992808677558,4.698017058797641
L-Eflornithine (monohydrochloride),0.1781690558397049,,1,0.0,0.03575973014213582,4.272906608874629
MK-3903,0.1778247592565862,,1,0.0,0.008666267774340502,4.446426129834071
CP21R7,0.1772143048603529,,2,0.0,0.019308964214122294,4.752228290340634
AZD1390,0.1769002371716314,,1,0.18,0.011967476723043956,4.629072823751863
Celecoxib,0.1723653273107364,,1,0.0,0.2178087595470829,4.099292348684719
Palmatine (chloride),0.1713333608164835,,1,0.0,0.769175403366917,2.2285580958986717
Pimitespib,0.170854794881832,,2,0.0,0.008492027468851642,4.877449321705179
Tucatinib,0.1682822111803359,,1,0.06,0.05930566205360166,4.122016049371257
APTO-253,0.167448593934354,,2,0.06,0.077671497565171,4.142659356523842
Idarubicin (hydrochloride),0.1671979699294997,,1,0.0,0.01027853855499154,4.694148901372842
Bentamapimod,0.1671372874991444,,3,0.0,0.0604468960703989,4.230229786091693
Asciminib,0.1648217517295778,,1,0.04,0.014003782330415174,4.572441967571391
GSK1059615,0.1642758935393175,,5,0.06,0.16824648087600252,3.695553517124438
Clonidine (hydrochloride),0.1636053048564442,,3,0.0,0.6725336154425188,1.3970246094813896
MK-8353,0.1635260019961881,,2,0.02,0.013823267986489916,4.199596201178353
Imiquimod (maleate),0.1611114715163751,,1,0.0,0.19898965943182786,0.7296653071064622
LY2090314,0.1603613533084296,,2,0.0,0.008151101292409134,4.3857910035511045
Anastrozole,0.1598241027252184,,1,0.0,0.15560757147317733,2.7271160271788193
Piroxicam,0.1596024782234346,,2,0.0,0.31638818919110934,3.6003058728616613
Cabozantinib (S-malate),0.1584638635739506,,3,0.02,0.36727865739292836,3.510033909206412
Phenylephrine (hydrochloride),0.1577112265183631,,3,0.0,0.40961037203323114,2.1851414929826474
Vismodegib,0.1564698171471307,,3,0.0,0.3590838572892318,3.1799337159886782
Sunitinib,0.1538821824571585,,2,0.0,0.7575994870898843,2.2476505926406234
TAK-733,0.1531470198186049,,1,0.04,0.012313400207734453,4.623030025800821
Simotinib,0.1524342832841144,,1,0.08,0.03938794441741245,4.73702816613291
Allopurinol,0.1516229799300789,,1,0.0,0.23867026792697765,3.6974801047428953
Dexmedetomidine,0.1503689255907684,,3,0.0,0.6725336154425188,1.3970246094813896
LY-2584702 (tosylate salt),0.1486474667342668,,1,0.0,0.008220055774488684,4.456667989926424
Tirabrutinib (hydrochloride),0.1485716259625899,,1,0.0,0.328902560719064,1.601383671430675
Cyclosporin A,0.1484027537418825,,3,0.0,0.01836378104159142,4.485994465762988
Flutamide,0.1459915285947699,,1,0.0,0.5438319965359807,3.288932643961204
Crizotinib (hydrochloride),0.1441924392826604,,3,0.02,0.308895439047651,3.4883121120236145
Adagrasib,0.1429773248924718,,1,0.48,0.014669483798447139,4.502414052618064
Pemigatinib,0.1424151313585383,,4,0.02,0.4008310039439169,3.5359075298986733
Clopidogrel,0.1390940620828163,,1,0.0,0.24751381390296717,1.5101957348490478
Vortioxetine,0.1387594656458657,,3,0.0,0.29978772703258766,1.9080114173364955
Docetaxel (Trihydrate),0.138481727196055,,6,0.0,0.3191594519732394,3.1858329464667587
Torkinib,0.1344404813300986,,13,0.03230769230769231,0.2318921316470246,3.6098206785981644
Citalopram (hydrobromide),0.1339562041740239,,1,0.0,0.20638346030196672,2.2050754502666288
Fulvestrant,0.1325593097154489,,1,0.0,0.21936141938677042,3.0691334938606745
Bicalutamide,0.1313186648450327,,1,0.0,0.5438319965359807,3.288932643961204
Lonafarnib,0.1299936926075815,,3,0.22,0.03137028239180552,4.149317725524972
Valdecoxib,0.1291748570056218,,1,0.0,0.2178087595470829,4.099292348684719
Minodronic acid,0.1277641146183352,,2,0.0,0.19232002574977025,0.5223643561331109
Pexidartinib (hydrochloride),0.1274575901258405,,3,0.0,0.5105174622565557,2.1840423798782873
Abemaciclib,0.1269430342997386,,2,0.0,0.02741121626705732,4.370362146031274
Pimozide,0.1255595353948806,,2,0.0,0.4150532193573156,1.9187132435733734
OTS514,0.1252359657107215,,1,0.0,0.06496352535801385,4.23354226905345
Penfluridol,0.1246763628496313,,1,0.0,0.5503783641662904,2.1744606721006594
TAK-901,0.1246010904856461,,1,0.0,0.10380547888929184,3.975699572036374
NG25,0.1234293555378147,,12,0.006666666666666667,0.03903511617586088,4.3628407384716725
NVP-BHG712,0.1233944100621006,,1,0.0,0.06336709714916383,3.998648076707253
Tirabrutinib,0.1220522316900612,,1,0.0,0.328902560719064,1.601383671430675
Infigratinib,0.1217893359270172,,4,0.02,0.4008310039439169,3.5359075298986733
Imiquimod (hydrochloride),0.1195990180080533,,1,0.0,0.19898965943182786,0.7296653071064622
Auranofin,0.1195036352725692,,2,0.0,0.030623510811152645,4.351336439125226
Niclosamide (olamine),0.1187741875749889,,1,0.0,0.011017243421085525,4.6793727708925195
Dabrafenib,0.1186480858766271,,2,0.11,0.008707416316716628,4.606277423948425
Cinacalcet,0.1182281302657723,,1,0.0,0.2572864968288027,1.3255976284401327
AZD2858,0.118005336496399,,2,0.0,0.008151101292409134,4.3857910035511045
olaparib,0.1176045188167349,,2,0.0,0.015370911685586788,4.266040391333657
Doxycycline (monohydrate),0.1151961285298873,,5,0.0,0.5197759088713672,2.4982648039555677
Fingolimod (hydrochloride),0.1129813560067931,,1,0.0,0.016640928519733166,4.462588596195499
Procainamide (hydrochloride),0.1124439459847722,,1,0.0,0.010723194807914007,4.430198102302131
ML264,0.1112372484338628,,1,0.0,0.08327445208062441,4.4436390125456855
Methotrexate,0.1105414684621495,,1,0.0,0.0032197503390806303,4.346988212980816
Ataluren,0.1103544681943699,,1,0.0,0.1967698467136777,3.083818502896089
Pemetrexed,0.1082069553711803,,3,0.0,0.015975635405219065,4.325726956729986
Sapanisertib,0.1077038456518399,,1,0.04,0.009394665625205188,4.306759566709168
Mozavaptan,0.1070793454231054,,1,0.0,0.39969848785215384,0.7470757609241234
Gefitinib,0.1068019000212754,,1,0.08,0.03938794441741245,4.73702816613291
Pentamidine (isethionate),0.1046988256054055,,1,0.0,0.2899920639154445,2.89342679519537
Bosentan (hydrate),0.1001508223832822,,2,0.0,0.7044828817813176,2.410371618113935
Ferulic acid,0.0995511287628564,,2,0.02,0.07812842819114135,4.1867159149683015
Ipatasertib,0.0994013186139013,,3,0.006666666666666667,0.04578547971092898,4.279567250466568
Meloxicam,0.0991717204122992,,2,0.0,0.31638818919110934,3.6003058728616613
Mifepristone,0.0986351154164989,,2,0.0,0.27298428084054904,3.3261910625940585
Silodosin,0.0981839797125569,,3,0.0,0.40961037203323114,2.1851414929826474
Hydroxyurea,0.0977247285911471,,2,0.0,0.017885406929042304,4.407770457887032
Rosiglitazone,0.0976796362315429,,3,0.0,0.13820479339143,3.3783922921743694
Bestatin,0.0972921209466937,,1,0.0,0.48570288041605536,3.187575685381505
Decitabine,0.0953438621932896,,3,0.0,0.05438524952888344,4.1512005680848585
BAY1125976,0.0951772944260441,,3,0.006666666666666667,0.04578547971092898,4.279567250466568
Terfenadine,0.0932902938288601,,1,0.0,0.07300881196748357,4.421634184958427
Canagliflozin (hemihydrate),0.0919774140625924,,1,0.0,0.2046039456488662,2.0944501766153136
Fluvoxamine,0.0910127116953247,,1,0.0,0.20638346030196672,2.2050754502666288
Belzutifan,0.0905451460343047,,1,0.0,0.06723154515744736,4.505188146797125
Dapagliflozin,0.0905436390308931,,1,0.0,0.2046039456488662,2.0944501766153136
Bisoprolol (hemifumarate),0.0903321439548237,,1,0.0,0.7475671505913941,1.7520491227321855
ERK5-IN-2,0.0883621269737608,,1,0.0,0.07944309643099531,3.7167632523580845
Encorafenib,0.086934823146816,,1,0.18,0.00673003945323886,4.718053959585722
Fenofibrate,0.0868632481264169,,6,0.0,0.32713521868699985,1.6361460185118215
Monocrotaline,0.0848660023207693,,2,0.0,0.13880783626311846,2.7743371210848378
Dimethyl fumarate,0.0843129849781565,,1,0.0,0.008200207334555272,4.702116287855926
Canagliflozin,0.0842720426787052,,1,0.0,0.2046039456488662,2.0944501766153136
Sacubitril/Valsartan,0.0835196403890162,,1,0.0,0.8155141542865211,2.2070331325252313
Malotilate,0.083132642765309,,1,0.0,0.5799269030448649,3.083360454293495
Abiraterone acetate,0.082249966932378,,1,0.0,0.16288489639298206,0.37729263120307527
Filgotinib,0.0822089593522664,,4,0.01,0.14259715578147789,4.081150261371148
Epirubicin (hydrochloride),0.0820629810403184,,1,0.0,0.01027853855499154,4.694148901372842
"Dapagliflozin ((2S)-1,2-propanediol, hydrate)",0.082017608494287,,1,0.0,0.2046039456488662,2.0944501766153136
Dorzolamide (hydrochloride),0.0810084417044809,,1,0.0,0.4290456341690607,3.3119377098568368
Futibatinib,0.0792415798197732,,4,0.02,0.4008310039439169,3.5359075298986733
Finasteride,0.0786760026179325,,1,0.0,0.23947448559829151,1.1683473142431762
Arbutin,0.0783558870572369,,2,0.06,0.077671497565171,4.142659356523842
Doxorubicin (hydrochloride),0.075311951689797,,3,0.0,0.010616074089180748,4.663474180521438
9-ING-41,0.0748662699022597,,1,0.0,0.008335498904855269,4.743372678025991
Captopril,0.0747604490218718,,1,0.0,0.6439642308836525,2.3855857249316585
Perindopril (erbumine),0.0728169701630344,,2,0.0,0.32749073715236904,3.532479247912089
Mebendazole,0.0727407987858348,,10,0.0,0.19541829607944255,3.764180838143699
Sulfatinib,0.0717331883443051,,5,0.0,0.602712230859534,2.7079911966052377
Tadalafil,0.0713243383904321,,1,0.0,0.05862154417226777,4.017748400845158
Diphenhydramine,0.0694867322986385,,1,0.0,0.07300881196748357,4.421634184958427
crizotinib,0.0692913053454316,,3,0.02,0.308895439047651,3.4883121120236145
Apalutamide,0.0691122219083644,,1,0.0,0.5438319965359807,3.288932643961204
Pralsetinib,0.067447389948983,,1,0.0,0.7594569411747445,2.3573434667550703
PH-797804,0.0671124539193127,,1,0.0,0.008941674570847198,4.524303371576116
Erlotinib,0.0668481482836653,,1,0.08,0.03938794441741245,4.73702816613291
Cilostazol,0.0662949386140078,,1,0.0,0.12420851575486383,4.047395886742112
Eplerenone,0.0651300888400273,,1,0.0,0.13549314539444365,3.9447097125293316
Esmolol (hydrochloride),0.0610401046123531,,1,0.0,0.7475671505913941,1.7520491227321855
Brimonidine,0.0597164946829685,,3,0.0,0.6725336154425188,1.3970246094813896
Rucaparib (phosphate),0.0588436482505252,,3,0.0,0.046793581845154,3.974971869953975
Benproperine (phosphate),0.0588135604217857,,1,0.0,0.008967747967585489,4.722272317514978
Erdafitinib,0.0586287730169181,,4,0.02,0.4008310039439169,3.5359075298986733
Verapamil,0.0507437476728924,,2,0.0,0.2097516433898122,2.1470597138635603
Levobupivacaine (hydrochloride),0.049672160910579,,1,0.0,0.3120960251371068,3.2630903592888605
(S)-Crizotinib,0.047082221366997,,1,0.0,0.5577555581636172,3.448915269807711
Tolmetin,0.0460053645262414,,2,0.0,0.31638818919110934,3.6003058728616613
Tranilast,0.0393134621239403,,2,0.0,0.26252449637520137,3.607528758050961
Sildenafil,0.036827139205429,,1,0.0,0.05862154417226777,4.017748400845158
Methylprednisolone succinate,0.0363278100394871,,1,0.0,0.0948668203865954,4.5468175314673065
Quinidine (15% dihydroquinidine),0.0352328306260671,,1,0.0,1.1225333131013726,2.2468284833073957
Sonidegib,0.0348761047196401,,1,0.0,0.4966865916387033,3.2329304604706453
Hydroxyfasudil,0.0245576168721448,,3,0.0,0.015672471140627205,4.442874294070656
Sivelestat (sodium tetrahydrate),0.0227547687295193,,1,0.0,1.015619656829656,1.5985912550679806
Ralimetinib dimesylate,0.0172928441473239,,3,0.0,0.15427241412850282,3.9531651388648332
Macitentan,0.017130375910125,,2,0.0,0.7044828817813176,2.410371618113935
PF-06260933,0.0093128183777527,,1,0.0,0.020928664317105366,4.737115902568887
Irinotecan (hydrochloride),0.0,,1,0.0,0.010973134824705163,4.7410385367501195
Daidzin,0.0,,1,0.0,0.09536755432017469,4.053131303642095
Flumatinib (mesylate),0.0,,1,0.04,0.014003782330415174,4.572441967571391
Afatinib,0.0,,2,0.07,0.04934680323550705,4.429522107752083
Naproxen,0.0,,2,0.0,0.31638818919110934,3.6003058728616613
Pravastatin (sodium),0.0,,1,0.0,0.012818975997633065,4.3281645810423415
Regorafenib,0.0,,9,0.024444444444444446,0.5300790901293839,2.846163849911145
Berbamine,0.0,,1,0.0,0.1784954123280333,3.8224061152865185
Belumosudil,0.0,,2,0.0,0.013662154498562111,4.683267474413933
Almonertinib (mesylate),0.0,,1,0.08,0.03938794441741245,4.73702816613291
Topotecan (hydrochloride),0.0,,1,0.0,0.010973134824705163,4.7410385367501195
