unit,driver_gene,n_mut,n_wt,effect,p,q
HDAC inhibitor,TERT,11,37,1.4176435470581055,0.0003418075275821845,0.13415652940492737
Glucocorticoid receptor agonist,CDKN2A,21,27,2.394526481628418,0.0005607507670295813,0.13415652940492737
Proteasome inhibitor,TERT,11,37,2.540163993835449,0.00059434314226836,0.13415652940492737
CDK inhibitor,SETD1B,11,37,1.1236088275909424,0.0006504559001451023,0.13415652940492737
RAS inhibitor,SETD1B,11,37,-0.6122701168060303,0.003510938038797029,0.40459042425326036
Glucocorticoid receptor agonist,BRCA2,9,39,-1.9892120361328125,0.00433435413693397,0.40459042425326036
Glucocorticoid receptor agonist,ATM,9,39,-2.1686298847198486,0.005111602074476712,0.40459042425326036
Glucocorticoid receptor agonist,SETD1B,11,37,-2.004326581954956,0.005573423727060034,0.40459042425326036
RAF inhibitor,KRAS,23,25,0.9130284786224365,0.005684692865771625,0.40459042425326036
RAF inhibitor,TERT,11,37,-1.0905295610427856,0.0060079666012468,0.40459042425326036
CDK inhibitor,KMT2D,14,34,0.9005147218704224,0.006271655040287903,0.40459042425326036
DNA methyltransferase inhibitor,CDKN2A,21,27,-0.36018210649490356,0.006478455035941218,0.40459042425326036
Cyclooxygenase inhibitor,SMARCA4,12,36,0.3390094041824341,0.006884483316483309,0.40459042425326036
Glucocorticoid receptor agonist,CTNNB1,5,43,-1.9710816144943237,0.007094534615348677,0.40459042425326036
HDAC inhibitor,PTEN,9,39,1.2445768117904663,0.007633973995733398,0.40459042425326036
Glucocorticoid receptor agonist,KMT2D,14,34,-1.989072561264038,0.00879767534927056,0.40459042425326036
EGFR/ERBB inhibitor,ATM,9,39,0.408541738986969,0.008922348191359845,0.40459042425326036
Adrenoceptor agonist,APC,10,38,0.4895036816596985,0.009265375040791717,0.40459042425326036
DNA synthesis/repair inhibitor,TERT,11,37,-0.6689363121986389,0.009317840073711451,0.40459042425326036
CDK inhibitor,CDKN2A,21,27,-0.5708141326904297,0.011229203945142348,0.4335963924684532
Sonic inhibitor,PRDM2,6,42,0.7553393840789795,0.011557662983990889,0.4335963924684532
CDK inhibitor,CTNNB1,5,43,0.9533860683441162,0.011624104131042153,0.4335963924684532
Other TK inhibitor,KRAS,23,25,0.2961979806423187,0.013267428825323287,0.4335963924684532
Glucocorticoid receptor agonist,PIK3CA,10,38,-1.945339322090149,0.01331719874228375,0.4335963924684532
CDK inhibitor,BRCA2,9,39,0.9533860683441162,0.014028630694267583,0.4335963924684532
Glucocorticoid receptor agonist,TGFBR2,7,41,-1.9250805377960205,0.014160520724748509,0.4335963924684532
DNA synthesis/repair inhibitor,PRDM2,6,42,1.238898515701294,0.01419042738987665,0.4335963924684532
Other TK inhibitor,STK11,6,42,0.46816831827163696,0.015681686168745955,0.44963875186282015
RAS inhibitor,POLE,8,40,-1.11836838722229,0.01587880740447926,0.44963875186282015
HDAC inhibitor,KRAS,23,25,-0.7441800236701965,0.016667626444841082,0.44963875186282015
Glucose transporter inhibitor,TERT,11,37,-0.7984210848808289,0.017340936193060687,0.44963875186282015
MEK inhibitor,ATM,9,39,-0.9763272404670715,0.017440533405588175,0.44963875186282015
Adrenoceptor agonist,EP300,7,41,0.6361163854598999,0.018559679796045784,0.4545189183059963
Other MAPK inhibitor,BRCA2,9,39,0.4812113046646118,0.02010096196314441,0.4545189183059963
DNA synthesis/repair inhibitor,CDKN2A,21,27,-0.6028867363929749,0.021061798540445095,0.4545189183059963
Other TK inhibitor,TERT,11,37,-0.23270584642887115,0.021121336201559513,0.4545189183059963
EGFR/ERBB inhibitor,PTEN,9,39,-0.291530966758728,0.02155930376220828,0.4545189183059963
Sonic inhibitor,APC,10,38,0.6836949586868286,0.02159211882186604,0.4545189183059963
RAS inhibitor,ARID1A,15,33,-0.5845610499382019,0.021962767140382162,0.4545189183059963
Glucocorticoid receptor agonist,PRDM2,6,42,-1.8043789863586426,0.022984779707667647,0.4545189183059963
Glucocorticoid receptor agonist,APC,10,38,-1.9571462869644165,0.024659546993002553,0.4545189183059963
Sonic inhibitor,TERT,11,37,-0.626252293586731,0.02560050234011448,0.4545189183059963
RAS inhibitor,SMARCA4,12,36,-1.2943919897079468,0.026001425620643764,0.4545189183059963
CDK inhibitor,EP300,7,41,0.9628032445907593,0.02612427330334953,0.4545189183059963
Androgen receptor antagonist,EP300,7,41,0.5468281507492065,0.02612427330334953,0.4545189183059963
Proteasome inhibitor,CDKN2A,21,27,1.6843206882476807,0.02616565859070014,0.4545189183059963
GSK3 inhibitor,CTNNB1,5,43,0.6339772343635559,0.02748460553733449,0.4545189183059963
Retinoic receptor agonist,STK11,6,42,0.5167639255523682,0.027556506484286532,0.4545189183059963
Other TK inhibitor,ACVR2A,8,40,0.4735181927680969,0.027876109827392304,0.4545189183059963
DNA synthesis/repair inhibitor,APC,10,38,1.0670095682144165,0.028097533131643405,0.4545189183059963
DNA methyltransferase inhibitor,APC,10,38,0.6084251403808594,0.028097533131643405,0.4545189183059963
DNA synthesis/repair inhibitor,CDKN2B,12,36,-0.45991694927215576,0.029363520608593784,0.4599711575009394
MEK inhibitor,KRAS,23,25,-0.8475333452224731,0.030239021016148636,0.4599711575009394
Sonic inhibitor,CDKN2A,21,27,-0.5228375196456909,0.03066474383339596,0.4599711575009394
Other TK inhibitor,CDKN2A,21,27,-0.25768738985061646,0.03066474383339596,0.4599711575009394
Glucocorticoid receptor agonist,ACVR2A,8,40,-1.8978694677352905,0.032425012904632254,0.47523835670932807
MEK inhibitor,TERT,11,37,0.881035327911377,0.03283465009991721,0.47523835670932807
Other TK inhibitor,CDKN2B,12,36,-0.25275611877441406,0.035105198377006396,0.48615085562218346
DNA synthesis/repair inhibitor,KRAS,23,25,0.6019498109817505,0.03528846771113008,0.48615085562218346
Protein synthesis inhibitor,NF1,7,41,-1.5466729402542114,0.03603905261769428,0.48615085562218346
Sonic inhibitor,SETD1B,11,37,0.5671118497848511,0.037065707673356284,0.48615085562218346
Androgen receptor antagonist,SETD1B,11,37,0.5607256293296814,0.037065707673356284,0.48615085562218346
Sonic inhibitor,KRAS,23,25,0.6926923990249634,0.0371242471566031,0.48615085562218346
RAF inhibitor,STK11,6,42,1.0560634136199951,0.03889659236775386,0.4963882720783306
MTOR inhibitor,PIK3R1,5,43,-0.6123417615890503,0.04017744512656631,0.4963882720783306
MEK inhibitor,EP300,7,41,-1.3707787990570068,0.04202831729293017,0.4963882720783306
HDAC inhibitor,NF1,7,41,0.7874617576599121,0.04202831729293017,0.4963882720783306
Other MAPK inhibitor,TGFBR2,7,41,0.4812113046646118,0.04202831729293017,0.4963882720783306
Other TK inhibitor,PRDM2,6,42,0.6886259317398071,0.04224287928007567,0.4963882720783306
Multi-TK inhibitor,FBXW7,5,43,0.4633042812347412,0.04397817210028126,0.4963882720783306
MEK inhibitor,CTNNB1,5,43,-1.003820776939392,0.04397817210028126,0.4963882720783306
CDK inhibitor,PRDM2,6,42,0.9778175950050354,0.04581587012260591,0.4963882720783306
Androgen receptor antagonist,CDKN2A,21,27,-0.31079035997390747,0.046028158350889706,0.4963882720783306
Adrenoceptor agonist,CDKN2A,21,27,-0.26959747076034546,0.046028158350889706,0.4963882720783306
CDK inhibitor,POLE,8,40,0.9432731866836548,0.046492923736269454,0.4963882720783306
Multi-TK inhibitor,RNF43,8,40,0.4583875834941864,0.046492923736269454,0.4963882720783306
Cyclooxygenase inhibitor,WNK2,8,40,0.35284143686294556,0.046492923736269454,0.4963882720783306
Glucocorticoid receptor agonist,TERT,11,37,2.1936795711517334,0.046931254814678525,0.4963882720783306
GSK3 inhibitor,CDKN2A,21,27,-0.5091346502304077,0.04834169328578721,0.5048341387439803
Other TK inhibitor,RNF43,8,40,0.5139501094818115,0.04982259473043672,0.5137955081576286
Adrenoceptor agonist,ZFHX3,13,35,0.17363619804382324,0.05131990358807113,0.5222415291330641
Proteasome inhibitor,APC,10,38,-2.227583885192871,0.05213006636585032,0.5222415291330641
Glucocorticoid receptor agonist,WNK2,8,40,-1.6181246042251587,0.05334104057529301,0.5222415291330641
Adrenoceptor agonist,PIK3CA,10,38,0.4403141140937805,0.05527964944315744,0.5222415291330641
Glucose transporter inhibitor,APC,10,38,0.7682703137397766,0.05527964944315744,0.5222415291330641
Androgen receptor antagonist,TERT,11,37,-0.6476113796234131,0.05570576310752683,0.5222415291330641
CDK inhibitor,TERT,11,37,-0.34799057245254517,0.05570576310752683,0.5222415291330641
DNA methyltransferase inhibitor,SETD1B,11,37,0.2519201934337616,0.05570576310752683,0.5222415291330641
Other TK inhibitor,EP300,7,41,0.4335450530052185,0.05639180132543298,0.5227329898144067
Protein synthesis inhibitor,B2M,6,42,-1.7948904037475586,0.05797688174040818,0.531454749287075
DNA synthesis/repair inhibitor,NF1,7,41,1.032216191291809,0.0605279121268838,0.5366013880444355
CDK inhibitor,ARID1A,15,33,0.39678671956062317,0.06170669002831265,0.5366013880444355
EGFR/ERBB inhibitor,STK11,6,42,0.27066177129745483,0.06254828255882404,0.5366013880444355
Glucose transporter inhibitor,PRDM2,6,42,0.828709065914154,0.06254828255882404,0.5366013880444355
Glucose transporter inhibitor,KRAS,23,25,0.5777500867843628,0.06325686343591062,0.5366013880444355
CDK inhibitor,TGFBR2,7,41,0.8998990058898926,0.06489928326137263,0.5366013880444355
CDK inhibitor,NRAS,7,41,0.5418151617050171,0.06489928326137263,0.5366013880444355
CDK inhibitor,SMARCA4,12,36,0.47585529088974,0.06500291114340466,0.5366013880444355
MEK inhibitor,ACVR2A,8,40,-1.3737095594406128,0.06509769574210127,0.5366013880444355
Androgen receptor antagonist,APC,10,38,0.3135308027267456,0.06569301841513694,0.5366013880444355
RAF inhibitor,APC,10,38,0.8105301856994629,0.06569301841513694,0.5366013880444355
Sonic inhibitor,ACVR2A,8,40,0.5852606296539307,0.06944157905983445,0.5562068225666351
CDK inhibitor,ACVR2A,8,40,0.6232187747955322,0.06944157905983445,0.5562068225666351
DNA synthesis/repair inhibitor,SMAD4,6,42,0.7940455675125122,0.07252276655069073,0.5681877789915496
MEK inhibitor,APC,10,38,-1.100515365600586,0.07349574716649691,0.5681877789915496
Adrenoceptor agonist,ACVR2A,8,40,0.6149612665176392,0.07400949371551788,0.5681877789915496
Sonic inhibitor,EP300,7,41,0.6034094095230103,0.07438094561343922,0.5681877789915496
DNA methyltransferase inhibitor,EP300,7,41,0.7140617370605469,0.07438094561343922,0.5681877789915496
Proteasome inhibitor,ATM,9,39,-1.5895943641662598,0.0767675017757617,0.5753881929166584
GSK3 inhibitor,KMT2D,14,34,0.3299255073070526,0.07876683828765972,0.5753881929166584
RAS inhibitor,WNK2,8,40,-0.4868784546852112,0.07880950651215991,0.5753881929166584
Proteasome inhibitor,ACVR2A,8,40,-1.7203929424285889,0.07880950651215991,0.5753881929166584
Microtubule inhibitor,NF1,7,41,-0.5786182284355164,0.07950818665757461,0.5753881929166584
Cyclooxygenase inhibitor,EP300,7,41,0.34704792499542236,0.07950818665757461,0.5753881929166584
Other MAPK inhibitor,ATM,9,39,0.38708335161209106,0.08127363574111607,0.5784911050303363
RAF inhibitor,PIK3CA,10,38,0.6045582294464111,0.08204055671339314,0.5784911050303363
EGFR/ERBB inhibitor,APC,10,38,0.3234104514122009,0.08204055671339314,0.5784911050303363
Other TK inhibitor,NF1,7,41,0.4163421392440796,0.08490464201423048,0.5886246190062198
Glucocorticoid receptor agonist,EP300,7,41,-1.6836776733398438,0.08490464201423048,0.5886246190062198
Adrenoceptor agonist,ATM,9,39,0.45966196060180664,0.0859921127675324,0.5911957752767852
Other MAPK inhibitor,WNK2,8,40,0.39850544929504395,0.08913292611030518,0.6049744509596352
Glucocorticoid receptor agonist,ZFHX3,13,35,-1.357370376586914,0.09034213390047563,0.6049744509596352
Adrenoceptor agonist,TERT,11,37,-0.24690882861614227,0.09053895626323864,0.6049744509596352
DNA synthesis/repair inhibitor,BRAF,9,39,1.0140056610107422,0.09092949323514518,0.6049744509596352
EGFR/ERBB inhibitor,FBXW7,5,43,0.26461178064346313,0.09214485278315064,0.6079656389194573
RAF inhibitor,SMARCA4,12,36,0.8105301856994629,0.09323559877987687,0.6079656389194573
Adrenoceptor agonist,SETD1B,11,37,0.6246620416641235,0.09530944081166284,0.6079656389194573
Glucocorticoid receptor agonist,BRAF,9,39,-1.6836776733398438,0.0960923294556733,0.6079656389194573
RAS inhibitor,PTEN,9,39,-0.5663905739784241,0.0960923294556733,0.6079656389194573
GSK3 inhibitor,BRCA2,9,39,0.2687837779521942,0.0960923294556733,0.6079656389194573
Protein synthesis inhibitor,EP300,7,41,-1.234044075012207,0.09653757417993808,0.6079656389194573
Androgen receptor antagonist,ZFHX3,13,35,0.20092684030532837,0.09951780126515197,0.6107395929000853
GSK3 inhibitor,SETD1B,11,37,0.2687837779521942,0.10027915555614865,0.6107395929000853
Glucose transporter inhibitor,CDKN2A,21,27,-0.3414134979248047,0.10062527295230043,0.6107395929000853
HDAC inhibitor,ATM,9,39,-0.3250734210014343,0.10148715127948635,0.6107395929000853
Other TK inhibitor,PTEN,9,39,-0.41324132680892944,0.10148715127948635,0.6107395929000853
Multi-TK inhibitor,EP300,7,41,0.42428159713745117,0.1027905118782429,0.6107395929000853
Proteasome inhibitor,PRDM2,6,42,-1.7510075569152832,0.10279890530197093,0.6107395929000853
MEK inhibitor,SMARCA4,12,36,-0.781531572341919,0.1029003677734689,0.6107395929000853
CDK inhibitor,WNK2,8,40,0.6363137364387512,0.10653390532160792,0.6257963708154188
Multi-TK inhibitor,APC,10,38,0.3845023512840271,0.10695428883027158,0.6257963708154188
Adrenoceptor agonist,SMARCA4,12,36,0.19118660688400269,0.10802303377184383,0.6275986117026139
HDAC inhibitor,B2M,6,42,0.48246821761131287,0.1098506850663553,0.6293528831926606
Androgen receptor antagonist,STK11,6,42,0.19895942509174347,0.1098506850663553,0.6293528831926606
Proteasome inhibitor,KRAS,23,25,-1.3620197772979736,0.11203933907494001,0.631361861127823
CDK inhibitor,ATM,9,39,0.5830698013305664,0.11299866834966883,0.631361861127823
EGFR/ERBB inhibitor,BRAF,9,39,0.3127882182598114,0.11299866834966883,0.631361861127823
Other MAPK inhibitor,KMT2D,14,34,0.3686244487762451,0.11492739101800871,0.631361861127823
Microtubule inhibitor,TP53,31,17,0.2012195885181427,0.11556671964053755,0.631361861127823
GSK3 inhibitor,TGFBR2,7,41,0.29887253046035767,0.11620985797566485,0.631361861127823
HDAC inhibitor,STK11,6,42,-0.42940008640289307,0.11725352181540465,0.631361861127823
Protein synthesis inhibitor,SMAD4,6,42,0.8987096548080444,0.11725352181540465,0.631361861127823
Multi-TK inhibitor,SMAD4,6,42,0.4218307137489319,0.11725352181540465,0.631361861127823
Other TK inhibitor,APC,10,38,0.2796821594238281,0.11846185146831756,0.631361861127823
EGFR/ERBB inhibitor,POLE,8,40,-0.22423844039440155,0.1194928480450646,0.631361861127823
CDK inhibitor,ZFHX3,13,35,0.4097599983215332,0.12008997195778318,0.631361861127823
Retinoic receptor agonist,MYC,5,43,0.3809061646461487,0.12314051710443938,0.631361861127823
DNA synthesis/repair inhibitor,CTNNB1,5,43,0.7120822668075562,0.12314051710443938,0.631361861127823
MEK inhibitor,TGFBR2,7,41,-1.3382455110549927,0.12339183087897675,0.631361861127823
Other MAPK inhibitor,STK11,6,42,-0.19932503998279572,0.12502240962645841,0.631361861127823
Sonic inhibitor,RNF43,8,40,0.23421330749988556,0.1264000454709043,0.631361861127823
Androgen receptor antagonist,ACVR2A,8,40,0.34270918369293213,0.1264000454709043,0.631361861127823
Glucose transporter inhibitor,SETD1B,11,37,0.3999325931072235,0.12829688092921232,0.631361861127823
Multi-TK inhibitor,SETD1B,11,37,0.22667214274406433,0.12829688092921232,0.631361861127823
EGFR/ERBB inhibitor,CDKN2B,12,36,-0.24337173998355865,0.1305580924714138,0.631361861127823
GSK3 inhibitor,CDKN2B,12,36,-0.3802528381347656,0.1305580924714138,0.631361861127823
RAS inhibitor,TGFBR2,7,41,-0.39316248893737793,0.1308983494997737,0.631361861127823
Adrenoceptor agonist,NF1,7,41,0.6033139228820801,0.1308983494997737,0.631361861127823
Cyclooxygenase inhibitor,BRCA2,9,39,0.33342602849006653,0.13216608222726486,0.631361861127823
Retinoic receptor agonist,PTEN,9,39,0.5282606482505798,0.13216608222726486,0.631361861127823
PI3K/AKT inhibitor,BRCA2,9,39,0.25687626004219055,0.13216608222726486,0.631361861127823
RAS inhibitor,BRCA2,9,39,-0.39316248893737793,0.13216608222726486,0.631361861127823
Other MAPK inhibitor,B2M,6,42,0.4257737398147583,0.13315995616514084,0.631361861127823
Proteasome inhibitor,STK11,6,42,-1.707140326499939,0.13315995616514084,0.631361861127823
MTOR inhibitor,SETD1B,11,37,-0.573756217956543,0.13456962825392862,0.6323652394512911
GSK3 inhibitor,ARID1A,15,33,0.23018771409988403,0.13615341301561001,0.6323652394512911
Glucocorticoid receptor agonist,CDKN2B,12,36,1.3722878694534302,0.13672577912120343,0.6323652394512911
Androgen receptor antagonist,SMARCA4,12,36,0.25127092003822327,0.13672577912120343,0.6323652394512911
RAS inhibitor,KMT2D,14,34,-0.363786518573761,0.13735913946459608,0.6323652394512911
RAS inhibitor,EP300,7,41,-0.519776463508606,0.13873710101901054,0.6323652394512911
Glucose transporter inhibitor,EP300,7,41,0.8342287540435791,0.13873710101901054,0.6323652394512911
Cyclooxygenase inhibitor,CDKN2A,21,27,-0.10782834887504578,0.14005974212499514,0.634886193698467
DNA methyltransferase inhibitor,ACVR2A,8,40,0.43751081824302673,0.1411006544249592,0.6361095076535046
Sonic inhibitor,NF1,7,41,0.5999085307121277,0.14691457743756434,0.6508819082339602
DNA synthesis/repair inhibitor,RNF43,8,40,0.5865505933761597,0.14890616085755354,0.6508819082339602
MTOR inhibitor,SMARCA4,12,36,-0.4301762282848358,0.1497327214777914,0.6508819082339602
Proteasome inhibitor,SMAD4,6,42,-2.431490421295166,0.15058828936483132,0.6508819082339602
GSK3 inhibitor,STK11,6,42,-0.3557577133178711,0.15058828936483132,0.6508819082339602
Sonic inhibitor,B2M,6,42,0.4628239870071411,0.15058828936483132,0.6508819082339602
Multi-TK inhibitor,STK11,6,42,0.33467400074005127,0.15058828936483132,0.6508819082339602
DNA synthesis/repair inhibitor,PIK3R1,5,43,0.6552525758743286,0.150905446696381,0.6508819082339602
Androgen receptor antagonist,PIK3CA,10,38,0.18860097229480743,0.15147797137081256,0.6508819082339602
Other TK inhibitor,SETD1B,11,37,0.30689775943756104,0.15481360180854048,0.6553578053132182
Retinoic receptor agonist,TGFBR2,7,41,-0.32398611307144165,0.1554378955095346,0.6553578053132182
RAS inhibitor,ACVR2A,8,40,-0.4558178782463074,0.15702355363904855,0.6553578053132182
GSK3 inhibitor,APC,10,38,0.2768503427505493,0.15885169320604886,0.6553578053132182
Glucocorticoid receptor agonist,HNF1A,6,42,-1.4436283111572266,0.1598950479777879,0.6553578053132182
Microtubule inhibitor,STK11,6,42,-0.5101351737976074,0.1598950479777879,0.6553578053132182
HDAC inhibitor,SMAD4,6,42,-0.49964872002601624,0.1598950479777879,0.6553578053132182
Cyclooxygenase inhibitor,MYC,5,43,-0.1803152859210968,0.1610730337603603,0.6553578053132182
HDAC inhibitor,CTNNB1,5,43,-0.47764888405799866,0.1610730337603603,0.6553578053132182
Other TK inhibitor,ATM,9,39,0.23178350925445557,0.16152600432588793,0.6553578053132182
Retinoic receptor agonist,BRCA2,9,39,-0.2935584783554077,0.16152600432588793,0.6553578053132182
Protein synthesis inhibitor,TERT,11,37,-1.205742359161377,0.1620521118592685,0.6553578053132182
Cyclooxygenase inhibitor,ZFHX3,13,35,0.1122111976146698,0.16392346581108586,0.659293898157798
HDAC inhibitor,POLE,8,40,0.8007362484931946,0.16545721067961827,0.659293898157798
Microtubule inhibitor,ATM,9,39,0.14241904020309448,0.1695834964924039,0.659293898157798
Protein synthesis inhibitor,ATM,9,39,1.0089197158813477,0.1695834964924039,0.659293898157798
Adrenoceptor agonist,STK11,6,42,0.28036391735076904,0.16960240922227024,0.659293898157798
MTOR inhibitor,CDKN2A,21,27,0.5169304013252258,0.17017076676098064,0.659293898157798
RAF inhibitor,ZFHX3,13,35,0.6013869047164917,0.1710628851370123,0.659293898157798
PI3K/AKT inhibitor,CTNNB1,5,43,0.3248538374900818,0.17171366766648913,0.659293898157798
JAK/STAT inhibitor,CTNNB1,5,43,-0.414154976606369,0.17171366766648913,0.659293898157798
PI3K/AKT inhibitor,TGFBR2,7,41,0.2467380166053772,0.17354615035756527,0.659293898157798
RAF inhibitor,EP300,7,41,0.8106600642204285,0.17354615035756527,0.659293898157798
Androgen receptor antagonist,NF1,7,41,0.5583980679512024,0.17354615035756527,0.659293898157798
MEK inhibitor,RNF43,8,40,-0.8873072266578674,0.1742134179374545,0.659293898157798
JAK/STAT inhibitor,POLE,8,40,-0.3311631679534912,0.1742134179374545,0.659293898157798
Other TK inhibitor,KMT2D,14,34,0.2214876115322113,0.1771433240510788,0.6619301440081012
EGFR/ERBB inhibitor,TERT,11,37,-0.2911250591278076,0.17729095563287411,0.6619301440081012
Proteasome inhibitor,BRAF,9,39,-1.9803009033203125,0.17793867420683107,0.6619301440081012
MTOR inhibitor,ZFHX3,13,35,-0.5514284372329712,0.1784326516203395,0.6619301440081012
RAF inhibitor,PRDM2,6,42,0.8938336372375488,0.17972406334280566,0.6619301440081012
Androgen receptor antagonist,PRDM2,6,42,0.6299154758453369,0.17972406334280566,0.6619301440081012
Multi-TK inhibitor,ACVR2A,8,40,0.4066433906555176,0.18329596500792583,0.6691113766882248
Cyclooxygenase inhibitor,ACVR2A,8,40,0.330116868019104,0.18329596500792583,0.6691113766882248
Retinoic receptor agonist,ATM,9,39,-0.2935584783554077,0.1865964930708104,0.675184678874643
Proteasome inhibitor,BRCA2,9,39,-1.299248218536377,0.1865964930708104,0.675184678874643
Cyclooxygenase inhibitor,SMAD4,6,42,-0.2446681559085846,0.19025919544388661,0.6823442767541864
DNA synthesis/repair inhibitor,HNF1A,6,42,0.37322717905044556,0.19025919544388661,0.6823442767541864
Other MAPK inhibitor,APC,10,38,0.3842910826206207,0.19107737445027972,0.6823442767541864
DNA synthesis/repair inhibitor,ACVR2A,8,40,0.4491037130355835,0.1927105654348187,0.6823442767541864
Microtubule inhibitor,POLE,8,40,-0.28746896982192993,0.1927105654348187,0.6823442767541864
DNA methyltransferase inhibitor,CDKN2B,12,36,-0.21163725852966309,0.19441827353741392,0.6843090833887508
Other TK inhibitor,PIK3CA,10,38,0.19097602367401123,0.19983836164800928,0.6843090833887508
Glucose transporter inhibitor,PIK3CA,10,38,0.40910568833351135,0.19983836164800928,0.6843090833887508
PI3K/AKT inhibitor,KRAS,23,25,-0.2393789142370224,0.2007106094285933,0.6843090833887508
DNA methyltransferase inhibitor,PRDM2,6,42,0.6284071207046509,0.2012216587491419,0.6843090833887508
Proteasome inhibitor,POLE,8,40,0.6332717537879944,0.20246030919589522,0.6843090833887508
EGFR/ERBB inhibitor,ACVR2A,8,40,0.1610455960035324,0.20246030919589522,0.6843090833887508
Proteasome inhibitor,WNK2,8,40,-1.3243467807769775,0.20246030919589522,0.6843090833887508
Androgen receptor antagonist,POLE,8,40,0.34616756439208984,0.20246030919589522,0.6843090833887508
Other MAPK inhibitor,SMARCA4,12,36,0.20405471324920654,0.20273092910463897,0.6843090833887508
DNA synthesis/repair inhibitor,EP300,7,41,0.9904659986495972,0.20344732852262484,0.6843090833887508
RAF inhibitor,PTEN,9,39,-0.4283577799797058,0.20483860622850103,0.6843090833887508
Glucocorticoid receptor agonist,ARID1A,15,33,-1.5905526876449585,0.2048546880753105,0.6843090833887508
Proteasome inhibitor,CTNNB1,5,43,-3.391359567642212,0.20653692335005933,0.6843090833887508
Adrenoceptor agonist,CTNNB1,5,43,0.4985036849975586,0.20653692335005933,0.6843090833887508
Microtubule inhibitor,CTNNB1,5,43,0.15458999574184418,0.20653692335005933,0.6843090833887508
Proteasome inhibitor,ZFHX3,13,35,-1.642915964126587,0.2102796569745088,0.6905586387437216
Androgen receptor antagonist,RNF43,8,40,0.11075451970100403,0.21255026851880254,0.6905586387437216
MTOR inhibitor,WNK2,8,40,-0.3996681272983551,0.21255026851880254,0.6905586387437216
RAF inhibitor,RNF43,8,40,0.5345166921615601,0.21255026851880254,0.6905586387437216
MEK inhibitor,PRDM2,6,42,-1.2867352962493896,0.21260835665564276,0.6905586387437216
Sonic inhibitor,TGFBR2,7,41,0.11970938742160797,0.21416458976964967,0.692885437490043
Proteasome inhibitor,PIK3CA,10,38,-1.6091599464416504,0.2182333195640247,0.6931480100319549
Sonic inhibitor,PIK3CA,10,38,0.3212146759033203,0.2182333195640247,0.6931480100319549
DNA methyltransferase inhibitor,PIK3CA,10,38,0.155738964676857,0.2182333195640247,0.6931480100319549
RAS inhibitor,ZFHX3,13,35,-0.28822529315948486,0.2188480970793132,0.6931480100319549
Other MAPK inhibitor,CTNNB1,5,43,0.2596695125102997,0.21913632158775542,0.6931480100319549
DNA synthesis/repair inhibitor,SETD1B,11,37,0.12416625022888184,0.22001287988885032,0.6931480100319549
MTOR inhibitor,CDKN2B,12,36,0.39991462230682373,0.2201270043980269,0.6931480100319549
DNA synthesis/repair inhibitor,WNK2,8,40,0.46056443452835083,0.22298278076236241,0.6934701712462072
Sonic inhibitor,BRAF,9,39,0.3913639187812805,0.22434413386823215,0.6934701712462072
Cyclooxygenase inhibitor,HNF1A,6,42,0.2421935796737671,0.2244321645124089,0.6934701712462072
Sonic inhibitor,STK11,6,42,0.24682877957820892,0.2244321645124089,0.6934701712462072
Multi-TK inhibitor,PRDM2,6,42,0.38831982016563416,0.2244321645124089,0.6934701712462072
GSK3 inhibitor,TERT,11,37,-0.17049053311347961,0.22937747827031219,0.7000616301675376
MTOR inhibitor,RNF43,8,40,-0.656512439250946,0.2337621867358152,0.7000616301675376
MTOR inhibitor,POLE,8,40,-0.5818850994110107,0.2337621867358152,0.7000616301675376
Sonic inhibitor,ATM,9,39,0.2510075867176056,0.2345800700938523,0.7000616301675376
RAF inhibitor,ATM,9,39,0.5254087448120117,0.2345800700938523,0.7000616301675376
Other TK inhibitor,BRCA2,9,39,0.10076089203357697,0.2345800700938523,0.7000616301675376
Cyclooxygenase inhibitor,B2M,6,42,0.3687003254890442,0.23668933380010548,0.7000616301675376
Adrenoceptor agonist,B2M,6,42,0.6042872667312622,0.23668933380010548,0.7000616301675376
MTOR inhibitor,STK11,6,42,-0.5537241697311401,0.23668933380010548,0.7000616301675376
MTOR inhibitor,EP300,7,41,-0.5900139808654785,0.23674811492938547,0.7000616301675376
Multi-TK inhibitor,NF1,7,41,0.34563183784484863,0.23674811492938547,0.7000616301675376
Proteasome inhibitor,TGFBR2,7,41,-1.507524013519287,0.23674811492938547,0.7000616301675376
Adrenoceptor agonist,KMT2D,14,34,0.17466649413108826,0.24274873555018273,0.7145489758663167
Proteasome inhibitor,RNF43,8,40,-1.7510075569152832,0.24488998637690818,0.7145489758663167
MEK inhibitor,PTEN,9,39,0.3023250102996826,0.24514246493410285,0.7145489758663167
Proteasome inhibitor,CDKN2B,12,36,0.98722243309021,0.24818794128966015,0.7145489758663167
Cyclooxygenase inhibitor,CDKN2B,12,36,-0.05663810297846794,0.24818794128966015,0.7145489758663167
RAS inhibitor,PRDM2,6,42,-0.36180317401885986,0.24939078411853405,0.7145489758663167
DNA synthesis/repair inhibitor,KMT2D,14,34,0.22526288032531738,0.2520180480659203,0.7145489758663167
Other TK inhibitor,BRAF,9,39,0.23066063225269318,0.2560341287713688,0.7145489758663167
Multi-TK inhibitor,KRAS,23,25,0.20741885900497437,0.2563474083717906,0.7145489758663167
RAF inhibitor,MYC,5,43,0.18536794185638428,0.2599725282426485,0.7145489758663167
DNA synthesis/repair inhibitor,TGFBR2,7,41,0.12416625022888184,0.2608842604997113,0.7145489758663167
Glucose transporter inhibitor,NF1,7,41,0.7529217004776001,0.2608842604997113,0.7145489758663167
Proteasome inhibitor,KMT2D,14,34,-1.3631435632705688,0.26153133952692575,0.7145489758663167
Glucose transporter inhibitor,SMAD4,6,42,0.3191988468170166,0.2625311371573446,0.7145489758663167
Other TK inhibitor,SMAD4,6,42,0.20500946044921875,0.2625311371573446,0.7145489758663167
Sonic inhibitor,SMAD4,6,42,0.41551902890205383,0.2625311371573446,0.7145489758663167
Microtubule inhibitor,SMAD4,6,42,0.3457632064819336,0.2625311371573446,0.7145489758663167
Cyclooxygenase inhibitor,KRAS,23,25,-0.10221826285123825,0.26509517082151457,0.7145489758663167
Sonic inhibitor,ARID1A,15,33,0.11750493943691254,0.26607738079943555,0.7145489758663167
DNA synthesis/repair inhibitor,ATM,9,39,0.2762830853462219,0.26725749315438785,0.7145489758663167
RAS inhibitor,BRAF,9,39,0.3439794182777405,0.26725749315438785,0.7145489758663167
Proteasome inhibitor,PTEN,9,39,0.6988956332206726,0.26725749315438785,0.7145489758663167
Microtubule inhibitor,WNK2,8,40,0.15683287382125854,0.2682019923445192,0.7145489758663167
Cyclooxygenase inhibitor,APC,10,38,0.21231402456760406,0.2694597485453756,0.7145489758663167
Cyclooxygenase inhibitor,KMT2D,14,34,0.2237507402896881,0.2712900099095943,0.7145489758663167
Microtubule inhibitor,KMT2D,14,34,0.19457077980041504,0.2712900099095943,0.7145489758663167
HDAC inhibitor,EP300,7,41,0.5228142142295837,0.27354013099608265,0.7145489758663167
DNA methyltransferase inhibitor,CTNNB1,5,43,0.057641513645648956,0.2746112839776114,0.7145489758663167
EGFR/ERBB inhibitor,ZFHX3,13,35,0.17176367342472076,0.2755381981462115,0.7145489758663167
DNA synthesis/repair inhibitor,B2M,6,42,0.6497871279716492,0.27612114953723715,0.7145489758663167
DNA synthesis/repair inhibitor,STK11,6,42,0.46001696586608887,0.27612114953723715,0.7145489758663167
DNA methyltransferase inhibitor,HNF1A,6,42,0.2331816405057907,0.27612114953723715,0.7145489758663167
Other TK inhibitor,B2M,6,42,0.18515323102474213,0.27612114953723715,0.7145489758663167
Glucose transporter inhibitor,STK11,6,42,0.5090658068656921,0.27612114953723715,0.7145489758663167
Multi-TK inhibitor,CDKN2B,12,36,0.012780368328094482,0.27866049489924416,0.7145489758663167
Androgen receptor antagonist,CDKN2B,12,36,0.046597570180892944,0.27866049489924416,0.7145489758663167
Glucose transporter inhibitor,ATM,9,39,-0.08481842279434204,0.27881459396172914,0.7145489758663167
EGFR/ERBB inhibitor,CDKN2A,21,27,-0.2590976357460022,0.27983141828079294,0.7145489758663167
Other TK inhibitor,WNK2,8,40,0.21396121382713318,0.2803894900538678,0.7145489758663167
RAF inhibitor,POLE,8,40,-0.3217726945877075,0.2803894900538678,0.7145489758663167
JAK/STAT inhibitor,RNF43,8,40,-0.310808002948761,0.2803894900538678,0.7145489758663167
Androgen receptor antagonist,WNK2,8,40,0.2540031671524048,0.2803894900538678,0.7145489758663167
Glucose transporter inhibitor,ACVR2A,8,40,0.559318482875824,0.2803894900538678,0.7145489758663167
DNA methyltransferase inhibitor,TERT,11,37,-0.2798580527305603,0.28044750319904466,0.7145489758663167
CDK inhibitor,PIK3CA,10,38,0.37295395135879517,0.2806228705220444,0.7145489758663167
Protein synthesis inhibitor,NRAS,7,41,-0.5696656703948975,0.28659003063355193,0.7235591651104077
EGFR/ERBB inhibitor,MYC,5,43,0.2226528823375702,0.28976513516291497,0.7235591651104077
Other TK inhibitor,HNF1A,6,42,0.20258069038391113,0.2901526723031359,0.7235591651104077
Proteasome inhibitor,HNF1A,6,42,-1.4373260736465454,0.2901526723031359,0.7235591651104077
Adrenoceptor agonist,PRDM2,6,42,0.6149612665176392,0.2901526723031359,0.7235591651104077
Protein synthesis inhibitor,PTEN,9,39,-0.7441736459732056,0.29070705517298034,0.7235591651104077
JAK/STAT inhibitor,TERT,11,37,-0.2613709270954132,0.2915237898559595,0.7235591651104077
Sonic inhibitor,KMT2D,14,34,0.21787357330322266,0.29154798209494115,0.7235591651104077
CDK inhibitor,APC,10,38,0.4360031187534332,0.29209595827262913,0.7235591651104077
GSK3 inhibitor,ACVR2A,8,40,0.25303423404693604,0.29293183169318326,0.7235591651104077
Multi-TK inhibitor,ZFHX3,13,35,0.22022777795791626,0.2964866132763838,0.7250298590461712
PI3K/AKT inhibitor,NF1,7,41,-0.4436028003692627,0.30003423104395505,0.7250298590461712
MTOR inhibitor,NRAS,7,41,-0.6081099510192871,0.30003423104395505,0.7250298590461712
Other TK inhibitor,TGFBR2,7,41,0.08355794847011566,0.30003423104395505,0.7250298590461712
Retinoic receptor agonist,TP53,31,17,0.20949579775333405,0.3007933833160642,0.7250298590461712
Glucose transporter inhibitor,TP53,31,17,0.22344142198562622,0.3007933833160642,0.7250298590461712
Cyclooxygenase inhibitor,SETD1B,11,37,0.3268077075481415,0.3028903864254481,0.7250298590461712
HDAC inhibitor,BRCA2,9,39,-0.3205258548259735,0.3029360733233497,0.7250298590461712
Multi-TK inhibitor,BRAF,9,39,0.1367214471101761,0.3029360733233497,0.7250298590461712
GSK3 inhibitor,PTEN,9,39,-0.08192681521177292,0.3029360733233497,0.7250298590461712
RAS inhibitor,APC,10,38,-0.30978360772132874,0.3038800221038105,0.7250298590461712
JAK/STAT inhibitor,STK11,6,42,0.14831458032131195,0.3046351582429288,0.7250298590461712
Other MAPK inhibitor,FBXW7,5,43,0.22326336801052094,0.3054375858492417,0.7250298590461712
RAF inhibitor,ACVR2A,8,40,0.4467950463294983,0.3058307769067486,0.7250298590461712
Sonic inhibitor,ZFHX3,13,35,0.11750493943691254,0.3073504298756149,0.7265447124566828
MTOR inhibitor,TP53,31,17,-0.342708021402359,0.3109758349599483,0.7330144681198781
DNA methyltransferase inhibitor,NF1,7,41,0.5990231037139893,0.3138732754909637,0.7377363312821796
Glucose transporter inhibitor,ZFHX3,13,35,0.4103167653083801,0.31847458706546417,0.7464248134346817
Androgen receptor antagonist,PIK3R1,5,43,0.18268722295761108,0.32162513198590903,0.7468107346423075
RAS inhibitor,CTNNB1,5,43,-0.21826140582561493,0.32162513198590903,0.7468107346423075
Glucocorticoid receptor agonist,SMARCA4,12,36,-1.028631567955017,0.3231060076807605,0.7468107346423075
EGFR/ERBB inhibitor,TGFBR2,7,41,0.009970739483833313,0.3281062132631524,0.7468107346423075
DNA methyltransferase inhibitor,PTEN,9,39,0.010909318923950195,0.32840634147129233,0.7468107346423075
JAK/STAT inhibitor,PTEN,9,39,0.19133365154266357,0.32840634147129233,0.7468107346423075
Adrenoceptor agonist,BRAF,9,39,0.2559662163257599,0.32840634147129233,0.7468107346423075
DNA synthesis/repair inhibitor,PTEN,9,39,-0.3233954906463623,0.32840634147129233,0.7468107346423075
Androgen receptor antagonist,TP53,31,17,0.075742706656456,0.3320152584302235,0.7468107346423075
Retinoic receptor agonist,KRAS,23,25,0.23911026120185852,0.3320634317662615,0.7468107346423075
DNA methyltransferase inhibitor,RNF43,8,40,0.16918733716011047,0.33269512307219773,0.7468107346423075
Protein synthesis inhibitor,RNF43,8,40,-1.085756778717041,0.33269512307219773,0.7468107346423075
CDK inhibitor,RNF43,8,40,0.4872463345527649,0.33269512307219773,0.7468107346423075
CDK inhibitor,CDKN2B,12,36,-0.27906954288482666,0.3349027010994733,0.7468107346423075
Adrenoceptor agonist,CDKN2B,12,36,-0.05748172849416733,0.3349027010994733,0.7468107346423075
Protein synthesis inhibitor,CDKN2B,12,36,0.7689794898033142,0.3349027010994733,0.7468107346423075
MTOR inhibitor,PRDM2,6,42,-0.3996681272983551,0.33493329917291365,0.7468107346423075
RAS inhibitor,B2M,6,42,-0.3096333146095276,0.33493329917291365,0.7468107346423075
Microtubule inhibitor,FBXW7,5,43,0.2467494159936905,0.33833010960670534,0.7480268691468666
Other TK inhibitor,ZFHX3,13,35,0.16891635954380035,0.3415040814648467,0.7480268691468666
Other MAPK inhibitor,ZFHX3,13,35,-0.010576846078038216,0.3415040814648467,0.7480268691468666
MTOR inhibitor,ATM,9,39,0.20428907871246338,0.3416477184700354,0.7480268691468666
PI3K/AKT inhibitor,ATM,9,39,0.28256797790527344,0.3416477184700354,0.7480268691468666
Androgen receptor antagonist,KRAS,23,25,0.32913342118263245,0.34245359251361285,0.7480268691468666
Proteasome inhibitor,EP300,7,41,-1.521714210510254,0.3427323109545643,0.7480268691468666
Cyclooxygenase inhibitor,TGFBR2,7,41,0.33342602849006653,0.3427323109545643,0.7480268691468666
Androgen receptor antagonist,KMT2D,14,34,0.12698066234588623,0.346540988460019,0.7532974197375627
JAK/STAT inhibitor,SMARCA4,12,36,0.06271827220916748,0.34697335697002885,0.7532974197375627
Cyclooxygenase inhibitor,ATM,9,39,0.13733923435211182,0.35522588128727894,0.7678691357785515
Sonic inhibitor,PIK3R1,5,43,0.0996745303273201,0.35554667862715966,0.7678691357785515
Other MAPK inhibitor,NRAS,7,41,-0.42966753244400024,0.35774939551051255,0.7706090112171615
Microtubule inhibitor,ACVR2A,8,40,0.20065626502037048,0.36097587688282,0.7709680563007448
PI3K/AKT inhibitor,TP53,31,17,-0.25394725799560547,0.3652578484486141,0.7709680563007448
Other TK inhibitor,TP53,31,17,0.15108433365821838,0.3652578484486141,0.7709680563007448
PI3K/AKT inhibitor,STK11,6,42,-0.28159424662590027,0.36700253399907035,0.7709680563007448
MEK inhibitor,STK11,6,42,-0.6036238670349121,0.36700253399907035,0.7709680563007448
Sonic inhibitor,HNF1A,6,42,0.4043203890323639,0.36700253399907035,0.7709680563007448
Other MAPK inhibitor,PRDM2,6,42,0.31201159954071045,0.36700253399907035,0.7709680563007448
GSK3 inhibitor,B2M,6,42,0.16629435122013092,0.36700253399907035,0.7709680563007448
Androgen receptor antagonist,HNF1A,6,42,0.16702152788639069,0.36700253399907035,0.7709680563007448
Adrenoceptor agonist,BRCA2,9,39,0.4762827455997467,0.3691396851593608,0.7709680563007448
Microtubule inhibitor,BRCA2,9,39,0.11357281357049942,0.3691396851593608,0.7709680563007448
MTOR inhibitor,PTEN,9,39,-0.8337274789810181,0.3691396851593608,0.7709680563007448
EGFR/ERBB inhibitor,KMT2D,14,34,0.08121608197689056,0.3702767922444494,0.7709680563007448
Multi-TK inhibitor,CDKN2A,21,27,-0.15175752341747284,0.3715069282220872,0.7709680563007448
EGFR/ERBB inhibitor,SMARCA4,12,36,0.10508717596530914,0.3719336804941775,0.7709680563007448
Adrenoceptor agonist,TGFBR2,7,41,0.6024410724639893,0.37315540252904456,0.7715619225224605
Glucose transporter inhibitor,RNF43,8,40,0.22520989179611206,0.3756426709858937,0.7721742732883451
JAK/STAT inhibitor,ACVR2A,8,40,0.26141950488090515,0.3756426709858937,0.7721742732883451
RAF inhibitor,SETD1B,11,37,0.04528486728668213,0.3771954328911552,0.7721742732883451
Multi-TK inhibitor,TERT,11,37,-0.209578275680542,0.3771954328911552,0.7721742732883451
MEK inhibitor,CDKN2A,21,27,-0.20418274402618408,0.38273308888522606,0.7815712829958205
DNA methyltransferase inhibitor,B2M,6,42,0.3577163815498352,0.38369110505698073,0.7815929917827386
Other TK inhibitor,ARID1A,15,33,-0.03827154263854027,0.38568440425197714,0.7837183091327121
Adrenoceptor agonist,TP53,31,17,0.04361344128847122,0.3885345986789349,0.7858705405541264
MTOR inhibitor,NF1,7,41,-0.342708021402359,0.38894682795947777,0.7858705405541264
Androgen receptor antagonist,CTNNB1,5,43,0.15693321824073792,0.39150641474878295,0.7858705405541264
PI3K/AKT inhibitor,FBXW7,5,43,0.32912489771842957,0.39150641474878295,0.7858705405541264
Proteasome inhibitor,FBXW7,5,43,-2.503248691558838,0.39150641474878295,0.7858705405541264
MEK inhibitor,KMT2D,14,34,-0.17071598768234253,0.3949970355730359,0.7909528018149383
JAK/STAT inhibitor,ATM,9,39,-0.3549562990665436,0.3979671169819944,0.7930719351283042
Multi-TK inhibitor,SMARCA4,12,36,0.18774157762527466,0.3979779165371127,0.7930719351283042
Microtubule inhibitor,B2M,6,42,-0.42318201065063477,0.4008162971278519,0.7947903520951892
MEK inhibitor,B2M,6,42,-0.9604122638702393,0.4008162971278519,0.7947903520951892
Cyclooxygenase inhibitor,NRAS,7,41,0.08023924380540848,0.40512030356704753,0.7947903520951892
RAS inhibitor,CDKN2A,21,27,0.320201575756073,0.40580064558149476,0.7947903520951892
GSK3 inhibitor,POLE,8,40,-0.0674286037683487,0.40601699338305375,0.7947903520951892
PI3K/AKT inhibitor,WNK2,8,40,0.15090179443359375,0.40601699338305375,0.7947903520951892
Protein synthesis inhibitor,PIK3CA,10,38,-0.576400101184845,0.40933902319992277,0.7947903520951892
GSK3 inhibitor,FBXW7,5,43,0.29541540145874023,0.41023906969790414,0.7947903520951892
EGFR/ERBB inhibitor,CTNNB1,5,43,0.22365310788154602,0.41023906969790414,0.7947903520951892
DNA synthesis/repair inhibitor,BRCA2,9,39,0.12416625022888184,0.41287591036806537,0.7947903520951892
MEK inhibitor,SETD1B,11,37,-1.104529857635498,0.4182356779560542,0.7947903520951892
Glucocorticoid receptor agonist,B2M,6,42,-1.1444792747497559,0.4183636050716489,0.7947903520951892
CDK inhibitor,HNF1A,6,42,0.382189005613327,0.4183636050716489,0.7947903520951892
Cyclooxygenase inhibitor,NF1,7,41,0.31318581104278564,0.4216709943050756,0.7947903520951892
Adrenoceptor agonist,NRAS,7,41,0.07682148367166519,0.4216709943050756,0.7947903520951892
Glucocorticoid receptor agonist,RNF43,8,40,-1.3078577518463135,0.4217174724997412,0.7947903520951892
Cyclooxygenase inhibitor,ARID1A,15,33,-0.07873803377151489,0.4232811550319905,0.7947903520951892
DNA methyltransferase inhibitor,ARID1A,15,33,0.11377318948507309,0.4232811550319905,0.7947903520951892
Other MAPK inhibitor,ARID1A,15,33,0.21409568190574646,0.4232811550319905,0.7947903520951892
Multi-TK inhibitor,PIK3CA,10,38,0.2861519753932953,0.4239014480001275,0.7947903520951892
Other MAPK inhibitor,PTEN,9,39,-0.21779008209705353,0.4281106619408591,0.7947903520951892
Sonic inhibitor,CTNNB1,5,43,-0.07333716750144958,0.42946229174258777,0.7947903520951892
Other TK inhibitor,PIK3R1,5,43,0.46679580211639404,0.42946229174258777,0.7947903520951892
Microtubule inhibitor,PIK3R1,5,43,-0.23685501515865326,0.42946229174258777,0.7947903520951892
Microtubule inhibitor,CDKN2A,21,27,-0.30465418100357056,0.4296790790891768,0.7947903520951892
RAS inhibitor,TERT,11,37,0.2574833333492279,0.43247932089179597,0.7947903520951892
DNA methyltransferase inhibitor,KMT2D,14,34,0.14253687858581543,0.43389553469966424,0.7947903520951892
Microtubule inhibitor,ARID1A,15,33,-0.044994473457336426,0.4362749288405292,0.7947903520951892
EGFR/ERBB inhibitor,ARID1A,15,33,-0.15471477806568146,0.4362749288405292,0.7947903520951892
JAK/STAT inhibitor,TP53,31,17,0.13015073537826538,0.43771938727014414,0.7947903520951892
JAK/STAT inhibitor,TGFBR2,7,41,0.15087635815143585,0.4385941194532508,0.7947903520951892
EGFR/ERBB inhibitor,EP300,7,41,0.009970739483833313,0.4385941194532508,0.7947903520951892
HDAC inhibitor,SMARCA4,12,36,-0.09589219093322754,0.43904343966761483,0.7947903520951892
Retinoic receptor agonist,SMARCA4,12,36,-0.021339379251003265,0.43904343966761483,0.7947903520951892
Sonic inhibitor,BRCA2,9,39,0.11970938742160797,0.4436676407892133,0.7947903520951892
JAK/STAT inhibitor,BRCA2,9,39,-0.08092227578163147,0.4436676407892133,0.7947903520951892
GSK3 inhibitor,ZFHX3,13,35,-0.03429456800222397,0.44391549887365533,0.7947903520951892
Microtubule inhibitor,KRAS,23,25,-0.28892338275909424,0.44511145053926726,0.7947903520951892
GSK3 inhibitor,PIK3R1,5,43,-0.2962110638618469,0.4491714088152571,0.7947903520951892
Multi-TK inhibitor,PIK3R1,5,43,0.1548338532447815,0.4491714088152571,0.7947903520951892
Cyclooxygenase inhibitor,PIK3R1,5,43,0.10288946330547333,0.4491714088152571,0.7947903520951892
DNA synthesis/repair inhibitor,FBXW7,5,43,0.4909483790397644,0.4491714088152571,0.7947903520951892
Adrenoceptor agonist,MYC,5,43,0.13474112749099731,0.4491714088152571,0.7947903520951892
HDAC inhibitor,MYC,5,43,-0.3217635154724121,0.4491714088152571,0.7947903520951892
Glucocorticoid receptor agonist,MYC,5,43,-1.5101149082183838,0.4491714088152571,0.7947903520951892
JAK/STAT inhibitor,ARID1A,15,33,-0.08092227578163147,0.44949565297160865,0.7947903520951892
Adrenoceptor agonist,ARID1A,15,33,0.09408707171678543,0.44949565297160865,0.7947903520951892
DNA synthesis/repair inhibitor,ARID1A,15,33,-0.2762830853462219,0.44949565297160865,0.7947903520951892
RAF inhibitor,CDKN2B,12,36,0.5450944304466248,0.4532547047537364,0.7947903520951892
PI3K/AKT inhibitor,PIK3CA,10,38,0.18809734284877777,0.45391855083675425,0.7947903520951892
Sonic inhibitor,WNK2,8,40,0.4257560670375824,0.454121798983781,0.7947903520951892
Glucocorticoid receptor agonist,POLE,8,40,-0.5811288356781006,0.454121798983781,0.7947903520951892
Protein synthesis inhibitor,WNK2,8,40,1.0017229318618774,0.454121798983781,0.7947903520951892
DNA methyltransferase inhibitor,WNK2,8,40,0.3343502879142761,0.454121798983781,0.7947903520951892
GSK3 inhibitor,WNK2,8,40,0.12774823606014252,0.454121798983781,0.7947903520951892
MEK inhibitor,SMAD4,6,42,-0.7825646996498108,0.4547164196229446,0.7947903520951892
PI3K/AKT inhibitor,SMAD4,6,42,-0.12925149500370026,0.4547164196229446,0.7947903520951892
Proteasome inhibitor,B2M,6,42,-0.7488616704940796,0.4547164196229446,0.7947903520951892
DNA methyltransferase inhibitor,BRAF,9,39,0.1977047473192215,0.4595425828742937,0.7998367739900681
Protein synthesis inhibitor,BRCA2,9,39,0.8465448021888733,0.4595425828742937,0.7998367739900681
CDK inhibitor,PIK3R1,5,43,0.4097599983215332,0.46935357273007594,0.8075675275536276
Protein synthesis inhibitor,KRAS,23,25,0.1157139241695404,0.4701007598741286,0.8075675275536276
Adrenoceptor agonist,RNF43,8,40,0.2628936767578125,0.47081522628890327,0.8075675275536276
Other MAPK inhibitor,ACVR2A,8,40,0.2649476230144501,0.47081522628890327,0.8075675275536276
Retinoic receptor agonist,HNF1A,6,42,0.34679609537124634,0.4735077470486115,0.8075675275536276
Multi-TK inhibitor,B2M,6,42,0.36257442831993103,0.4735077470486115,0.8075675275536276
Cyclooxygenase inhibitor,STK11,6,42,0.19582056999206543,0.4735077470486115,0.8075675275536276
JAK/STAT inhibitor,SMAD4,6,42,-0.31692102551460266,0.4735077470486115,0.8075675275536276
JAK/STAT inhibitor,NF1,7,41,0.34835606813430786,0.47353306313571364,0.8075675275536276
HDAC inhibitor,KMT2D,14,34,0.11646661162376404,0.4749206724662183,0.8075675275536276
MTOR inhibitor,BRAF,9,39,-0.49200916290283203,0.4757306889588643,0.8075675275536276
DNA methyltransferase inhibitor,ATM,9,39,0.6551547646522522,0.4757306889588643,0.8075675275536276
Retinoic receptor agonist,TERT,11,37,-0.1807759404182434,0.4768571861563097,0.8078176151518593
Sonic inhibitor,CDKN2B,12,36,-0.19643788039684296,0.48244162077185226,0.8080905954672756
DNA synthesis/repair inhibitor,SMARCA4,12,36,0.4002946615219116,0.48244162077185226,0.8080905954672756
DNA synthesis/repair inhibitor,PIK3CA,10,38,0.3449270725250244,0.4850987352110817,0.8080905954672756
MEK inhibitor,FBXW7,5,43,-0.4363689422607422,0.490000607368785,0.8080905954672756
Glucose transporter inhibitor,CTNNB1,5,43,0.2309918850660324,0.490000607368785,0.8080905954672756
Protein synthesis inhibitor,PIK3R1,5,43,-1.0994973182678223,0.490000607368785,0.8080905954672756
RAF inhibitor,CTNNB1,5,43,0.5047470331192017,0.490000607368785,0.8080905954672756
Androgen receptor antagonist,ARID1A,15,33,0.03970335051417351,0.4904912879807346,0.8080905954672756
JAK/STAT inhibitor,NRAS,7,41,-0.13015073537826538,0.49153519142547397,0.8080905954672756
DNA methyltransferase inhibitor,TGFBR2,7,41,0.057641513645648956,0.49153519142547397,0.8080905954672756
PI3K/AKT inhibitor,SETD1B,11,37,-0.39377060532569885,0.4921857228233024,0.8080905954672756
MTOR inhibitor,SMAD4,6,42,-0.2628506124019623,0.4926903872970177,0.8080905954672756
Glucose transporter inhibitor,HNF1A,6,42,0.22803425788879395,0.4926903872970177,0.8080905954672756
JAK/STAT inhibitor,PRDM2,6,42,-0.23124666512012482,0.4926903872970177,0.8080905954672756
RAF inhibitor,HNF1A,6,42,0.26642245054244995,0.4926903872970177,0.8080905954672756
GSK3 inhibitor,HNF1A,6,42,0.21869182586669922,0.4926903872970177,0.8080905954672756
PI3K/AKT inhibitor,ZFHX3,13,35,0.12945665419101715,0.5010756222441322,0.8086278693693577
RAF inhibitor,ARID1A,15,33,0.04528486728668213,0.5045902276311798,0.8086278693693577
DNA methyltransferase inhibitor,POLE,8,40,0.10596634447574615,0.5051559300036188,0.8086278693693577
Glucose transporter inhibitor,POLE,8,40,0.31546226143836975,0.5051559300036188,0.8086278693693577
Adrenoceptor agonist,WNK2,8,40,0.24856871366500854,0.5051559300036188,0.8086278693693577
EGFR/ERBB inhibitor,RNF43,8,40,0.06696754693984985,0.5051559300036188,0.8086278693693577
EGFR/ERBB inhibitor,BRCA2,9,39,0.009970739483833313,0.5090245180524944,0.8086278693693577
Glucose transporter inhibitor,BRAF,9,39,0.3157947063446045,0.5090245180524944,0.8086278693693577
MEK inhibitor,BRCA2,9,39,-0.6437569856643677,0.5090245180524944,0.8086278693693577
MTOR inhibitor,TGFBR2,7,41,0.2466248720884323,0.5098824007995103,0.8086278693693577
DNA methyltransferase inhibitor,NRAS,7,41,0.0859847143292427,0.5098824007995103,0.8086278693693577
DNA synthesis/repair inhibitor,MYC,5,43,0.26143306493759155,0.5110973285117596,0.8086278693693577
MTOR inhibitor,FBXW7,5,43,-0.1869944930076599,0.5110973285117596,0.8086278693693577
Androgen receptor antagonist,FBXW7,5,43,0.025398574769496918,0.5110973285117596,0.8086278693693577
Glucocorticoid receptor agonist,SMAD4,6,42,-0.4490492045879364,0.5122651552636709,0.8086278693693577
Adrenoceptor agonist,HNF1A,6,42,0.27368664741516113,0.5122651552636709,0.8086278693693577
Glucocorticoid receptor agonist,STK11,6,42,1.4139021635055542,0.5122651552636709,0.8086278693693577
Retinoic receptor agonist,B2M,6,42,-0.20848442614078522,0.5122651552636709,0.8086278693693577
RAF inhibitor,SMAD4,6,42,0.12774658203125,0.5122651552636709,0.8086278693693577
Microtubule inhibitor,CDKN2B,12,36,-0.3439520597457886,0.512621061430514,0.8086278693693577
Microtubule inhibitor,ZFHX3,13,35,0.15458999574184418,0.5159516963585487,0.8106300630016782
DNA methyltransferase inhibitor,ZFHX3,13,35,0.17268016934394836,0.5159516963585487,0.8106300630016782
HDAC inhibitor,APC,10,38,-0.009006261825561523,0.517403699783322,0.8106300630016782
Proteasome inhibitor,TP53,31,17,-1.0570124387741089,0.5178206584265266,0.8106300630016782
Protein synthesis inhibitor,ARID1A,15,33,-0.862578272819519,0.5188999798919258,0.8107812185811341
Proteasome inhibitor,SETD1B,11,37,-1.299248218536377,0.5236189749724728,0.8166080422538564
Retinoic receptor agonist,BRAF,9,39,0.16745412349700928,0.5261179686617202,0.8174149230619947
Cyclooxygenase inhibitor,PTEN,9,39,0.07873803377151489,0.5261179686617202,0.8174149230619947
Cyclooxygenase inhibitor,TP53,31,17,0.06556309759616852,0.5318716340627717,0.8198179287420437
Microtubule inhibitor,PRDM2,6,42,-0.08947093784809113,0.5322120045190846,0.8198179287420437
Other MAPK inhibitor,MYC,5,43,-0.1704002022743225,0.532633224006952,0.8198179287420437
MEK inhibitor,PIK3R1,5,43,0.5253868699073792,0.532633224006952,0.8198179287420437
Other TK inhibitor,FBXW7,5,43,0.39331960678100586,0.532633224006952,0.8198179287420437
Cyclooxygenase inhibitor,PIK3CA,10,38,0.21941880881786346,0.533964013468505,0.8203357748817814
Other MAPK inhibitor,SETD1B,11,37,0.21409568190574646,0.5397130741620672,0.8261827697404512
Androgen receptor antagonist,BRAF,9,39,0.2007172405719757,0.5435000448443555,0.8261827697404512
DNA methyltransferase inhibitor,BRCA2,9,39,0.057641513645648956,0.5435000448443555,0.8261827697404512
MEK inhibitor,BRAF,9,39,0.3781314492225647,0.5435000448443555,0.8261827697404512
HDAC inhibitor,CDKN2B,12,36,-0.19737759232521057,0.5437561105754912,0.8261827697404512
Proteasome inhibitor,NRAS,7,41,-0.15574470162391663,0.547576587682648,0.8261827697404512
RAS inhibitor,NRAS,7,41,0.13116788864135742,0.547576587682648,0.8261827697404512
Microtubule inhibitor,TGFBR2,7,41,0.1257437765598297,0.547576587682648,0.8261827697404512
Retinoic receptor agonist,KMT2D,14,34,-0.25477248430252075,0.5477842121794264,0.8261827697404512
Glucose transporter inhibitor,KMT2D,14,34,0.05736266076564789,0.5477842121794264,0.8261827697404512
EGFR/ERBB inhibitor,PIK3CA,10,38,0.07067321240901947,0.5507878667376294,0.8272895506204033
RAS inhibitor,PIK3CA,10,38,-0.2883756160736084,0.5507878667376294,0.8272895506204033
Androgen receptor antagonist,B2M,6,42,0.29189833998680115,0.5525291422931421,0.8272895506204033
CDK inhibitor,B2M,6,42,0.19924312829971313,0.5525291422931421,0.8272895506204033
Androgen receptor antagonist,MYC,5,43,0.16129839420318604,0.5545907736009493,0.8281926947917715
Protein synthesis inhibitor,SETD1B,11,37,-0.862578272819519,0.5560510926213516,0.8281926947917715
Microtubule inhibitor,RNF43,8,40,-0.09952156990766525,0.5589431252067946,0.8281926947917715
DNA synthesis/repair inhibitor,POLE,8,40,-0.12908756732940674,0.5589431252067946,0.8281926947917715
Multi-TK inhibitor,TP53,31,17,-0.1428317278623581,0.5605413561965147,0.8281926947917715
Other MAPK inhibitor,CDKN2A,21,27,-0.22326336801052094,0.5606243580191617,0.8281926947917715
Androgen receptor antagonist,BRCA2,9,39,0.024517051875591278,0.5611632925922427,0.8281926947917715
PI3K/AKT inhibitor,PTEN,9,39,-0.42537713050842285,0.5611632925922427,0.8281926947917715
Multi-TK inhibitor,ARID1A,15,33,0.1428317278623581,0.5630524807001882,0.8294969581743844
Proteasome inhibitor,NF1,7,41,-1.521714210510254,0.5669045509632392,0.8321340412470746
RAF inhibitor,NF1,7,41,0.6352168321609497,0.5669045509632392,0.8321340412470746
Protein synthesis inhibitor,APC,10,38,0.07591603696346283,0.5678684426934582,0.8321340412470746
Microtubule inhibitor,TERT,11,37,-0.07024939358234406,0.5726267508256527,0.8340134951387094
RAS inhibitor,SMAD4,6,42,-0.03738200664520264,0.5731947293862403,0.8340134951387094
GSK3 inhibitor,PRDM2,6,42,0.25274503231048584,0.5731947293862403,0.8340134951387094
DNA methyltransferase inhibitor,STK11,6,42,0.08475957810878754,0.5731947293862403,0.8340134951387094
Proteasome inhibitor,PIK3R1,5,43,-1.3636356592178345,0.5769571291079154,0.8356828385863244
Retinoic receptor agonist,CTNNB1,5,43,-0.19286379218101501,0.5769571291079154,0.8356828385863244
Adrenoceptor agonist,KRAS,23,25,0.055067792534828186,0.5773808702960059,0.8356828385863244
Microtubule inhibitor,BRAF,9,39,0.07384069263935089,0.5790997419539188,0.8367027795306182
Other MAPK inhibitor,PIK3CA,10,38,0.06811584532260895,0.5851984871180451,0.8430227795117885
DNA synthesis/repair inhibitor,NRAS,7,41,-0.21556031703948975,0.5865394853815353,0.8430227795117885
PI3K/AKT inhibitor,EP300,7,41,-0.35201776027679443,0.5865394853815353,0.8430227795117885
RAS inhibitor,STK11,6,42,-0.20463058352470398,0.5942066470700595,0.8496022250135167
MEK inhibitor,HNF1A,6,42,-0.17071598768234253,0.5942066470700595,0.8496022250135167
EGFR/ERBB inhibitor,HNF1A,6,42,-0.13819001615047455,0.5942066470700595,0.8496022250135167
Adrenoceptor agonist,PTEN,9,39,-0.10530362278223038,0.5973009156790852,0.8525488848360644
Adrenoceptor agonist,PIK3R1,5,43,-0.055067792534828186,0.5997124342406488,0.8530392383595435
Glucose transporter inhibitor,PIK3R1,5,43,0.28754109144210815,0.5997124342406488,0.8530392383595435
RAF inhibitor,CDKN2A,21,27,-0.04528486728668213,0.6033658181528988,0.8552782569224067
Sonic inhibitor,TP53,31,17,-0.07214801758527756,0.6049001634476168,0.8552782569224067
RAS inhibitor,KRAS,23,25,-0.1780960112810135,0.6058967554764548,0.8552782569224067
JAK/STAT inhibitor,SETD1B,11,37,-0.08092227578163147,0.6064639785786612,0.8552782569224067
Androgen receptor antagonist,NRAS,7,41,0.18180570006370544,0.6064700367267974,0.8552782569224067
PI3K/AKT inhibitor,CDKN2B,12,36,0.23222436010837555,0.6087176652988944,0.8558376727163444
Glucose transporter inhibitor,ARID1A,15,33,-0.1453811377286911,0.6089414713751444,0.8558376727163444
HDAC inhibitor,WNK2,8,40,-0.11752858757972717,0.6152603284799004,0.858108475546754
Sonic inhibitor,POLE,8,40,-0.029720157384872437,0.6152603284799004,0.858108475546754
Cyclooxygenase inhibitor,RNF43,8,40,0.14218154549598694,0.6152603284799004,0.858108475546754
RAF inhibitor,B2M,6,42,0.39795589447021484,0.615540285500271,0.858108475546754
CDK inhibitor,BRAF,9,39,0.07864044606685638,0.6157578394226404,0.858108475546754
PI3K/AKT inhibitor,APC,10,38,-0.027264803647994995,0.6205758246915476,0.8592713067610506
Cyclooxygenase inhibitor,CTNNB1,5,43,-0.03075719252228737,0.622841504779525,0.8592713067610506
Multi-TK inhibitor,MYC,5,43,0.10699295997619629,0.622841504779525,0.8592713067610506
Other TK inhibitor,CTNNB1,5,43,0.21345768868923187,0.622841504779525,0.8592713067610506
Retinoic receptor agonist,FBXW7,5,43,-0.18174466490745544,0.622841504779525,0.8592713067610506
Sonic inhibitor,FBXW7,5,43,0.0996745303273201,0.622841504779525,0.8592713067610506
PI3K/AKT inhibitor,KMT2D,14,34,0.23402349650859833,0.6257823900953647,0.8602577575072058
Retinoic receptor agonist,NRAS,7,41,0.18065935373306274,0.6266847421355523,0.8602577575072058
GSK3 inhibitor,NF1,7,41,-0.1625891923904419,0.6266847421355523,0.8602577575072058
HDAC inhibitor,BRAF,9,39,0.269733726978302,0.6344610534960006,0.8610183683648158
Other TK inhibitor,POLE,8,40,-0.10726603865623474,0.6345513405555813,0.8610183683648158
Protein synthesis inhibitor,TP53,31,17,-0.0807841569185257,0.63531960464515,0.8610183683648158
Microtubule inhibitor,SETD1B,11,37,0.15458999574184418,0.6411670628211317,0.8610183683648158
Other TK inhibitor,SMARCA4,12,36,0.06829056888818741,0.6424430576742304,0.8610183683648158
Adrenoceptor agonist,FBXW7,5,43,-0.07665368169546127,0.6463233164204486,0.8610183683648158
CDK inhibitor,MYC,5,43,0.42524218559265137,0.6463233164204486,0.8610183683648158
DNA methyltransferase inhibitor,FBXW7,5,43,0.06704099476337433,0.6463233164204486,0.8610183683648158
EGFR/ERBB inhibitor,NF1,7,41,0.1451699435710907,0.6471710522169831,0.8610183683648158
Multi-TK inhibitor,NRAS,7,41,0.2445525825023651,0.6471710522169831,0.8610183683648158
RAS inhibitor,TP53,31,17,0.1780960112810135,0.650767725564871,0.8610183683648158
Glucocorticoid receptor agonist,TP53,31,17,0.001986205577850342,0.650767725564871,0.8610183683648158
GSK3 inhibitor,TP53,31,17,-0.2071959227323532,0.650767725564871,0.8610183683648158
Androgen receptor antagonist,PTEN,9,39,-0.024517051875591278,0.653400626146726,0.8610183683648158
Protein synthesis inhibitor,ACVR2A,8,40,-0.4030904769897461,0.654083127090568,0.8610183683648158
Glucose transporter inhibitor,WNK2,8,40,0.31592118740081787,0.654083127090568,0.8610183683648158
HDAC inhibitor,ACVR2A,8,40,0.2028607428073883,0.654083127090568,0.8610183683648158
Retinoic receptor agonist,ARID1A,15,33,-0.2189008593559265,0.656423431887982,0.8610183683648158
JAK/STAT inhibitor,PIK3CA,10,38,0.1891610324382782,0.6568534184528299,0.8610183683648158
Protein synthesis inhibitor,KMT2D,14,34,0.46893590688705444,0.6582671359243869,0.8610183683648158
HDAC inhibitor,SETD1B,11,37,0.27649590373039246,0.6588237067863189,0.8610183683648158
MTOR inhibitor,TERT,11,37,0.35165271162986755,0.6588237067863189,0.8610183683648158
Cyclooxygenase inhibitor,PRDM2,6,42,0.3174622058868408,0.6591373581348412,0.8610183683648158
PI3K/AKT inhibitor,B2M,6,42,0.09583622962236404,0.6591373581348412,0.8610183683648158
CDK inhibitor,STK11,6,42,0.223471537232399,0.6591373581348412,0.8610183683648158
MTOR inhibitor,B2M,6,42,0.24712422490119934,0.6591373581348412,0.8610183683648158
Protein synthesis inhibitor,STK11,6,42,-0.5770214200019836,0.6591373581348412,0.8610183683648158
DNA methyltransferase inhibitor,SMARCA4,12,36,0.18775905668735504,0.6595922530988649,0.8610183683648158
Other MAPK inhibitor,CDKN2B,12,36,0.035579562187194824,0.6595922530988649,0.8610183683648158
RAS inhibitor,CDKN2B,12,36,-0.023165345191955566,0.6595922530988649,0.8610183683648158
PI3K/AKT inhibitor,SMARCA4,12,36,0.2336888611316681,0.6595922530988649,0.8610183683648158
RAF inhibitor,TP53,31,17,-0.04528486728668213,0.6663673328035704,0.8684882299572599
RAF inhibitor,FBXW7,5,43,0.16069498658180237,0.6701403489100065,0.8720280565469328
EGFR/ERBB inhibitor,KRAS,23,25,0.12396436184644699,0.6797886913817313,0.8824648456918014
RAS inhibitor,HNF1A,6,42,-0.3093346059322357,0.681369826309912,0.8824648456918014
PI3K/AKT inhibitor,PRDM2,6,42,-0.16935251653194427,0.681369826309912,0.8824648456918014
Multi-TK inhibitor,TGFBR2,7,41,0.32751941680908203,0.6889069306754267,0.8834415784095652
Other TK inhibitor,NRAS,7,41,0.14615532755851746,0.6889069306754267,0.8834415784095652
GSK3 inhibitor,EP300,7,41,0.05247844010591507,0.6889069306754267,0.8834415784095652
JAK/STAT inhibitor,KMT2D,14,34,0.06271827220916748,0.6914101629413419,0.8834415784095652
Glucocorticoid receptor agonist,PTEN,9,39,0.16705381870269775,0.6919468500150245,0.8834415784095652
Retinoic receptor agonist,POLE,8,40,-0.006979450583457947,0.6938271259840698,0.8834415784095652
Protein synthesis inhibitor,FBXW7,5,43,-1.0994973182678223,0.694270409927209,0.8834415784095652
EGFR/ERBB inhibitor,PIK3R1,5,43,-0.0355958491563797,0.694270409927209,0.8834415784095652
MTOR inhibitor,CTNNB1,5,43,0.1869944930076599,0.694270409927209,0.8834415784095652
Cyclooxygenase inhibitor,FBXW7,5,43,0.005447857081890106,0.694270409927209,0.8834415784095652
EGFR/ERBB inhibitor,SETD1B,11,37,-0.1309697926044464,0.6947050346436174,0.8834415784095652
CDK inhibitor,KRAS,23,25,-0.11567188799381256,0.6949740416821913,0.8834415784095652
JAK/STAT inhibitor,HNF1A,6,42,0.2582924962043762,0.7038630610474081,0.8906242720308462
Protein synthesis inhibitor,HNF1A,6,42,-0.7098511457443237,0.7038630610474081,0.8906242720308462
CDK inhibitor,SMAD4,6,42,-0.007219299674034119,0.7038630610474081,0.8906242720308462
Retinoic receptor agonist,EP300,7,41,0.3261292576789856,0.7101291728897521,0.8908110191636702
JAK/STAT inhibitor,EP300,7,41,0.15087635815143585,0.7101291728897521,0.8908110191636702
Retinoic receptor agonist,NF1,7,41,0.24129928648471832,0.7101291728897521,0.8908110191636702
RAF inhibitor,TGFBR2,7,41,0.04528486728668213,0.7101291728897521,0.8908110191636702
Androgen receptor antagonist,TGFBR2,7,41,0.024517051875591278,0.7101291728897521,0.8908110191636702
JAK/STAT inhibitor,ZFHX3,13,35,-0.08092227578163147,0.710489273466297,0.8908110191636702
HDAC inhibitor,RNF43,8,40,0.3871544897556305,0.714015694447565,0.8925197490452309
MEK inhibitor,TP53,31,17,0.20418274402618408,0.7140157992361847,0.8925197490452309
Multi-TK inhibitor,CTNNB1,5,43,-0.027405425906181335,0.7186936431848548,0.8970079510249701
Adrenoceptor agonist,SMAD4,6,42,0.0014973506331443787,0.7266111950996749,0.9041542020471067
GSK3 inhibitor,SMAD4,6,42,0.14737355709075928,0.7266111950996749,0.9041542020471067
JAK/STAT inhibitor,CDKN2B,12,36,0.14392900466918945,0.7299153814686656,0.9068978760717608
Glucocorticoid receptor agonist,NF1,7,41,-0.6641325354576111,0.7315684489409292,0.9075849178590474
MEK inhibitor,WNK2,8,40,-0.17071598768234253,0.7343977813811265,0.9097269814405847
RAF inhibitor,KMT2D,14,34,-0.20630615949630737,0.742235146610604,0.9153642057980217
Glucocorticoid receptor agonist,FBXW7,5,43,-0.44065749645233154,0.74338668834506,0.9153642057980217
JAK/STAT inhibitor,MYC,5,43,-0.20789043605327606,0.74338668834506,0.9153642057980217
Protein synthesis inhibitor,CTNNB1,5,43,0.8465448021888733,0.74338668834506,0.9153642057980217
HDAC inhibitor,PRDM2,6,42,0.2028607428073883,0.7495852181866425,0.9182130183866145
PI3K/AKT inhibitor,HNF1A,6,42,-0.41868671774864197,0.7495852181866425,0.9182130183866145
MTOR inhibitor,HNF1A,6,42,-0.26485124230384827,0.7495852181866425,0.9182130183866145
Glucose transporter inhibitor,BRCA2,9,39,-0.1453811377286911,0.7512651968617755,0.9182130183866145
Androgen receptor antagonist,ATM,9,39,0.06055641174316406,0.7512651968617755,0.9182130183866145
Other MAPK inhibitor,EP300,7,41,-0.20664669573307037,0.7532100635466382,0.918648731199538
Retinoic receptor agonist,RNF43,8,40,-0.027766771614551544,0.7549622300039841,0.918648731199538
Other MAPK inhibitor,RNF43,8,40,-0.05971755459904671,0.7549622300039841,0.918648731199538
MTOR inhibitor,KRAS,23,25,0.22933028638362885,0.7568928234566845,0.91964150125444
RAS inhibitor,MYC,5,43,0.1351345181465149,0.7683285211037291,0.9288065655993031
Other MAPK inhibitor,PIK3R1,5,43,0.02172022871673107,0.7683285211037291,0.9288065655993031
MTOR inhibitor,PIK3CA,10,38,-0.17305126786231995,0.7703299185415247,0.9288065655993031
Glucose transporter inhibitor,PTEN,9,39,0.08481842279434204,0.7713899629136499,0.9288065655993031
PI3K/AKT inhibitor,ARID1A,15,33,0.24380901455879211,0.7724614267072366,0.9288065655993031
Other MAPK inhibitor,KRAS,23,25,0.01974453218281269,0.7726379704313897,0.9288065655993031
DNA methyltransferase inhibitor,SMAD4,6,42,0.12146354466676712,0.7727781222069458,0.9288065655993031
Glucose transporter inhibitor,TGFBR2,7,41,-0.1453811377286911,0.7750385608554187,0.9288065655993031
EGFR/ERBB inhibitor,WNK2,8,40,-0.03324246406555176,0.7756942105429332,0.9288065655993031
Retinoic receptor agonist,ACVR2A,8,40,-0.24775423109531403,0.7756942105429332,0.9288065655993031
DNA methyltransferase inhibitor,TP53,31,17,0.2033538818359375,0.7792931308576615,0.9304150983467014
EGFR/ERBB inhibitor,TP53,31,17,-0.0355958491563797,0.7792931308576615,0.9304150983467014
Retinoic receptor agonist,ZFHX3,13,35,-0.17233960330486298,0.7807058608488888,0.9307548196536609
Cyclooxygenase inhibitor,TERT,11,37,-0.07873803377151489,0.7872920790952712,0.9372524751134181
Sonic inhibitor,PTEN,9,39,-0.5260075330734253,0.7916697690043559,0.9388286659718965
Multi-TK inhibitor,BRCA2,9,39,-0.027405425906181335,0.7916697690043559,0.9388286659718965
HDAC inhibitor,PIK3R1,5,43,0.6969614028930664,0.7934946131060838,0.9388286659718965
JAK/STAT inhibitor,FBXW7,5,43,-0.16261520981788635,0.7934946131060838,0.9388286659718965
EGFR/ERBB inhibitor,B2M,6,42,0.054787054657936096,0.796160896880515,0.9388286659718965
JAK/STAT inhibitor,B2M,6,42,0.14364054799079895,0.796160896880515,0.9388286659718965
RAS inhibitor,RNF43,8,40,-0.00499609112739563,0.7965818984003971,0.9388286659718965
Microtubule inhibitor,APC,10,38,0.0997922345995903,0.8094228850067364,0.9484889799250683
Microtubule inhibitor,PIK3CA,10,38,-0.08382515609264374,0.8094228850067364,0.9484889799250683
Multi-TK inhibitor,KMT2D,14,34,0.06762443482875824,0.8117529236750811,0.9484889799250683
CDK inhibitor,PTEN,9,39,0.2528875470161438,0.812091556823204,0.9484889799250683
Multi-TK inhibitor,ATM,9,39,-0.027405425906181335,0.812091556823204,0.9484889799250683
MEK inhibitor,ZFHX3,13,35,-0.48902690410614014,0.8165384702916892,0.9484889799250683
MTOR inhibitor,MYC,5,43,0.22661685943603516,0.8188627720311346,0.9484889799250683
Sonic inhibitor,MYC,5,43,0.11400409042835236,0.8188627720311346,0.9484889799250683
PI3K/AKT inhibitor,CDKN2A,21,27,0.12945665419101715,0.8191726590954407,0.9484889799250683
HDAC inhibitor,TGFBR2,7,41,0.1359877586364746,0.8191933479753758,0.9484889799250683
RAS inhibitor,NF1,7,41,0.13116788864135742,0.8191933479753758,0.9484889799250683
Androgen receptor antagonist,SMAD4,6,42,0.06784512102603912,0.819724415377665,0.9484889799250683
Retinoic receptor agonist,SMAD4,6,42,-0.12379345297813416,0.819724415377665,0.9484889799250683
Retinoic receptor agonist,PIK3CA,10,38,0.03669437766075134,0.8291559382288431,0.9516885570265674
HDAC inhibitor,TP53,31,17,0.08092111349105835,0.8293233473739174,0.9516885570265674
Multi-TK inhibitor,PTEN,9,39,0.1700221747159958,0.8326419778982495,0.9516885570265674
GSK3 inhibitor,BRAF,9,39,-0.0006683021783828735,0.8326419778982495,0.9516885570265674
Microtubule inhibitor,PTEN,9,39,-0.12904995679855347,0.8326419778982495,0.9516885570265674
HDAC inhibitor,ZFHX3,13,35,0.08546867966651917,0.8346047842824124,0.9516885570265674
JAK/STAT inhibitor,CDKN2A,21,27,0.09652434289455414,0.8353643918305484,0.9516885570265674
MEK inhibitor,POLE,8,40,-0.589752197265625,0.8387655963911222,0.9516885570265674
Retinoic receptor agonist,CDKN2B,12,36,0.021952658891677856,0.8396189181026732,0.9516885570265674
MTOR inhibitor,ARID1A,15,33,0.2466248720884323,0.8413355517201337,0.9516885570265674
HDAC inhibitor,ARID1A,15,33,0.14746451377868652,0.8413355517201337,0.9516885570265674
RAF inhibitor,NRAS,7,41,0.388372004032135,0.8414871777821673,0.9516885570265674
PI3K/AKT inhibitor,NRAS,7,41,-0.48203152418136597,0.8414871777821673,0.9516885570265674
MEK inhibitor,NF1,7,41,-0.16090956330299377,0.8414871777821673,0.9516885570265674
HDAC inhibitor,NRAS,7,41,-0.08092111349105835,0.8414871777821673,0.9516885570265674
EGFR/ERBB inhibitor,SMAD4,6,42,0.12322229146957397,0.8434386895437173,0.9516885570265674
JAK/STAT inhibitor,PIK3R1,5,43,-0.16261520981788635,0.8444073015072089,0.9516885570265674
Microtubule inhibitor,MYC,5,43,-0.26041337847709656,0.8444073015072089,0.9516885570265674
HDAC inhibitor,FBXW7,5,43,0.1359877586364746,0.8444073015072089,0.9516885570265674
MTOR inhibitor,APC,10,38,-0.46267223358154297,0.8489973795165737,0.9551948727840842
PI3K/AKT inhibitor,BRAF,9,39,-0.2718157172203064,0.8533074196871153,0.9551948727840842
Other MAPK inhibitor,BRAF,9,39,-0.172231987118721,0.8533074196871153,0.9551948727840842
GSK3 inhibitor,ATM,9,39,-0.00912611186504364,0.8533074196871153,0.9551948727840842
RAF inhibitor,BRCA2,9,39,0.04528486728668213,0.8533074196871153,0.9551948727840842
GSK3 inhibitor,NRAS,7,41,0.03429456800222397,0.8639030789359942,0.9635389181034214
MTOR inhibitor,KMT2D,14,34,0.030508100986480713,0.8649173065426065,0.9635389181034214
Multi-TK inhibitor,HNF1A,6,42,0.09536347538232803,0.8672950814862912,0.9635389181034214
Glucose transporter inhibitor,B2M,6,42,0.21588337421417236,0.8672950814862912,0.9635389181034214
DNA methyltransferase inhibitor,KRAS,23,25,0.17130056023597717,0.8688648019273151,0.9635389181034214
MEK inhibitor,PIK3CA,10,38,-0.17071598768234253,0.8689349516305399,0.9635389181034214
DNA methyltransferase inhibitor,PIK3R1,5,43,0.010909318923950195,0.870104841196423,0.9635389181034214
Glucose transporter inhibitor,FBXW7,5,43,0.08157163858413696,0.870104841196423,0.9635389181034214
Cyclooxygenase inhibitor,BRAF,9,39,0.0912020206451416,0.8740740325709885,0.9666368322668438
GSK3 inhibitor,RNF43,8,40,-0.027694448828697205,0.8813997156171033,0.9721320392835697
Multi-TK inhibitor,WNK2,8,40,0.05907703936100006,0.8813997156171033,0.9721320392835697
Other MAPK inhibitor,TERT,11,37,-0.01974453218281269,0.8829905267528138,0.972586361243086
GSK3 inhibitor,PIK3CA,10,38,0.10778190940618515,0.8889562137855975,0.9769190671156769
Protein synthesis inhibitor,ZFHX3,13,35,0.05639726296067238,0.8892923871562102,0.9769190671156769
Protein synthesis inhibitor,SMARCA4,12,36,-0.25449705123901367,0.8958129774081515,0.9777010557537845
Sonic inhibitor,SMARCA4,12,36,0.016108255833387375,0.8958129774081515,0.9777010557537845
DNA methyltransferase inhibitor,MYC,5,43,0.056261904537677765,0.8959296947271044,0.9777010557537845
RAF inhibitor,PIK3R1,5,43,0.7328951358795166,0.8959296947271044,0.9777010557537845
RAS inhibitor,PIK3R1,5,43,0.3390774428844452,0.8959296947271044,0.9777010557537845
HDAC inhibitor,CDKN2A,21,27,-0.09938645362854004,0.9007642738800817,0.9787782182835152
Glucocorticoid receptor agonist,KRAS,23,25,0.3602466583251953,0.9014534815806008,0.9787782182835152
Protein synthesis inhibitor,POLE,8,40,-0.7128036022186279,0.9028487565015213,0.9787782182835152
Other MAPK inhibitor,POLE,8,40,0.1640942394733429,0.9028487565015213,0.9787782182835152
PI3K/AKT inhibitor,RNF43,8,40,-0.1098160445690155,0.9028487565015213,0.9787782182835152
CDK inhibitor,NF1,7,41,-0.08540821075439453,0.909033241652156,0.9810868652947027
Other MAPK inhibitor,NF1,7,41,-0.01974453218281269,0.909033241652156,0.9810868652947027
Glucocorticoid receptor agonist,NRAS,7,41,0.7092393636703491,0.909033241652156,0.9810868652947027
CDK inhibitor,TP53,31,17,-0.048376768827438354,0.9141664478244584,0.9810868652947027
DNA synthesis/repair inhibitor,TP53,31,17,-0.0774085521697998,0.9141664478244584,0.9810868652947027
HDAC inhibitor,HNF1A,6,42,0.11646661162376404,0.9153286082432222,0.9810868652947027
RAS inhibitor,ATM,9,39,0.22163058817386627,0.9158543553365116,0.9810868652947027
Protein synthesis inhibitor,BRAF,9,39,0.05639726296067238,0.9158543553365116,0.9810868652947027
PI3K/AKT inhibitor,TERT,11,37,-0.055065542459487915,0.9218373957159086,0.9810868652947027
PI3K/AKT inhibitor,MYC,5,43,-0.17955614626407623,0.9218573337444751,0.9810868652947027
Proteasome inhibitor,MYC,5,43,-0.24568483233451843,0.9218573337444751,0.9810868652947027
MEK inhibitor,MYC,5,43,0.6210464835166931,0.9218573337444751,0.9810868652947027
MTOR inhibitor,ACVR2A,8,40,0.07090651988983154,0.9243670754293836,0.9810868652947027
JAK/STAT inhibitor,WNK2,8,40,0.05959126725792885,0.9243670754293836,0.9810868652947027
DNA synthesis/repair inhibitor,ZFHX3,13,35,-0.09225857257843018,0.9260626377827146,0.9810868652947027
MEK inhibitor,ARID1A,15,33,0.3023250102996826,0.9291047126421658,0.9810868652947027
JAK/STAT inhibitor,APC,10,38,0.17861759662628174,0.92919926746507,0.9810868652947027
Other MAPK inhibitor,TP53,31,17,0.010576846078038216,0.9312853379556282,0.9810868652947027
MEK inhibitor,NRAS,7,41,-0.16090956330299377,0.9317129516449697,0.9810868652947027
Sonic inhibitor,NRAS,7,41,0.0996745303273201,0.9317129516449697,0.9810868652947027
Microtubule inhibitor,EP300,7,41,0.04140317812561989,0.9317129516449697,0.9810868652947027
Glucose transporter inhibitor,SMARCA4,12,36,0.2999200224876404,0.9335864962947554,0.9810868652947027
MEK inhibitor,CDKN2B,12,36,-0.5317085981369019,0.9335864962947554,0.9810868652947027
JAK/STAT inhibitor,KRAS,23,25,0.08092227578163147,0.9342091217624057,0.9810868652947027
MTOR inhibitor,BRCA2,9,39,0.20428907871246338,0.9368394343815468,0.9810868652947027
Protein synthesis inhibitor,PRDM2,6,42,-0.4030904769897461,0.9394649982822002,0.9810868652947027
Retinoic receptor agonist,PRDM2,6,42,0.10131983458995819,0.9394649982822002,0.9810868652947027
EGFR/ERBB inhibitor,PRDM2,6,42,-0.03324246406555176,0.9394649982822002,0.9810868652947027
Microtubule inhibitor,HNF1A,6,42,-0.03985920548439026,0.9394649982822002,0.9810868652947027
PI3K/AKT inhibitor,POLE,8,40,0.09583622962236404,0.945937908078801,0.9830433636220611
Retinoic receptor agonist,WNK2,8,40,-0.20161190629005432,0.945937908078801,0.9830433636220611
PI3K/AKT inhibitor,ACVR2A,8,40,-0.1098160445690155,0.945937908078801,0.9830433636220611
Glucocorticoid receptor agonist,PIK3R1,5,43,-0.44065749645233154,0.9478620618768628,0.9830433636220611
RAS inhibitor,FBXW7,5,43,-0.29087597131729126,0.9478620618768628,0.9830433636220611
HDAC inhibitor,PIK3CA,10,38,0.17760120332241058,0.9493954715789704,0.9830433636220611
Protein synthesis inhibitor,CDKN2A,21,27,-0.27808883786201477,0.9502857293024086,0.9830433636220611
Microtubule inhibitor,SMARCA4,12,36,-0.08382515609264374,0.9525349018385726,0.9830433636220611
GSK3 inhibitor,SMARCA4,12,36,-0.021331235766410828,0.9525349018385726,0.9830433636220611
Protein synthesis inhibitor,TGFBR2,7,41,0.05639726296067238,0.9544457384985103,0.9830433636220611
Glucose transporter inhibitor,NRAS,7,41,0.28754109144210815,0.9544457384985103,0.9830433636220611
JAK/STAT inhibitor,BRAF,9,39,0.15087635815143585,0.9578684816821988,0.9841114537830811
RAF inhibitor,BRAF,9,39,0.12161815166473389,0.9578684816821988,0.9841114537830811
Retinoic receptor agonist,SETD1B,11,37,-0.18174466490745544,0.9608716757104543,0.9859690702252796
GSK3 inhibitor,KRAS,23,25,0.03429456800222397,0.9670765439062068,0.9891287729198758
Cyclooxygenase inhibitor,POLE,8,40,-0.04459592327475548,0.9675477815107147,0.9891287729198758
Adrenoceptor agonist,POLE,8,40,-0.014241069555282593,0.9675477815107147,0.9891287729198758
Retinoic receptor agonist,APC,10,38,0.025308236479759216,0.9696242397040076,0.9900247496977801
Glucose transporter inhibitor,CDKN2B,12,36,0.1289370208978653,0.9715101794666455,0.9907242250432418
Glucose transporter inhibitor,MYC,5,43,0.16969414055347443,0.9739181827525952,0.9907305804819866
Protein synthesis inhibitor,MYC,5,43,0.09132702648639679,0.9739181827525952,0.9907305804819866
EGFR/ERBB inhibitor,NRAS,7,41,-0.08310454338788986,0.9772140004698143,0.9916378233549776
Microtubule inhibitor,NRAS,7,41,0.17380523681640625,0.9772140004698143,0.9916378233549776
Proteasome inhibitor,ARID1A,15,33,-0.18206952512264252,0.9822542550441598,0.9955279611934051
Other MAPK inhibitor,HNF1A,6,42,0.0037244968116283417,0.9878810369903888,0.9987767837219004
Other MAPK inhibitor,SMAD4,6,42,-0.0854833722114563,0.9878810369903888,0.9987767837219004
Multi-TK inhibitor,POLE,8,40,-0.07608020305633545,0.989179756498834,0.9988657271867051
Proteasome inhibitor,SMARCA4,12,36,0.4537203013896942,0.9905015986342394,0.9989777736836766
Retinoic receptor agonist,PIK3R1,5,43,0.10945144295692444,0.9999999999999999,1.0
GSK3 inhibitor,MYC,5,43,-0.0006683021783828735,0.9999999999999999,1.0
CDK inhibitor,FBXW7,5,43,0.2836343050003052,0.9999999999999999,1.0
PI3K/AKT inhibitor,PIK3R1,5,43,0.12502655386924744,0.9999999999999999,1.0
Other TK inhibitor,MYC,5,43,0.13051939010620117,0.9999999999999999,1.0
Retinoic receptor agonist,CDKN2A,21,27,0.12966084480285645,1.0,1.0
RAF inhibitor,WNK2,8,40,0.0905194878578186,1.0,1.0
