drug,n_targets,n_lines,rho,null_mean,z,moa-fine
(R)-Verapamil (hydrochloride),1,48,0.028658271819366043,-0.009360073816760748,0.23015151607138296,unclear
(S)-Crizotinib,1,48,-0.1717325227963526,-0.026924120712114634,-0.8999290680987252,unclear
4EGI-1,1,48,-0.051237516283108984,0.008887863656100744,-0.35177940386574946,Protein synthesis inhibitor
5-Azacytidine,1,48,0.1279852366478506,0.04030612244897959,0.7202237437172928,DNA methyltransferase inhibitor
5-Fluorouracil,1,48,0.015523230568823274,0.05345201910551454,-0.25064649373587355,DNA synthesis/repair inhibitor
9-ING-41,1,48,-0.12092922275293096,0.0279716673903604,-0.9240694030151432,GSK3 inhibitor
APTO-253,2,48,-0.11376465479808943,0.011463308727746417,-0.8398097839805277,unclear
AT7519,8,48,-0.07066869300911854,-0.006993595310464613,-0.40476150924088605,CDK inhibitor
AZD-7648,1,47,0.07273358001850139,0.006313598519888991,0.3621272336645858,DNA synthesis/repair inhibitor
AZD-8055,1,48,0.009769865392965696,0.03549174989144594,-0.1227997388825494,MTOR inhibitor
AZD1390,1,48,0.35822839774207554,0.0033271819366044266,2.6399732038397237,unclear
AZD2858,2,48,-0.06372123317412072,-0.018218085106382974,-0.25721457258891145,GSK3 inhibitor
Abemaciclib,2,48,-0.10681719496309162,0.051579461571862786,-1.0202750164603132,CDK inhibitor
Abiraterone acetate,1,48,-0.2270829612474025,-0.15777828834321045,-0.42951275841642506,unclear
Adagrasib,1,48,-0.0547112462006079,0.027065240990013024,-0.4422424929620094,RAS inhibitor
Adenosine,4,48,-0.02116804168475901,-0.046957772470690405,0.13231543449893382,unclear
Afatinib,2,48,0.026812852800694748,0.02815620929222753,-0.008449805521860212,EGFR/ERBB inhibitor
Aliskiren,1,48,-0.3444420321320017,-0.03300043421623969,-1.744959467298596,unclear
Allopurinol,1,48,-0.20440729483282674,-0.01907837603126357,-0.9434661080578568,unclear
Almonertinib (hydrochloride),1,48,-0.07142857142857142,0.006258141554494135,-0.5820857114047784,EGFR/ERBB inhibitor
Almonertinib (mesylate),1,48,0.007598784194528876,0.020052648719062097,-0.09599551542190961,EGFR/ERBB inhibitor
Alpelisib,1,48,-0.011506730351715153,0.024962006079027352,-0.2136092155022456,PI3K/AKT inhibitor
Amsacrine,1,48,0.08651758575770734,-0.016451367781155007,0.6975205933055971,DNA synthesis/repair inhibitor
Anastrozole,1,48,0.161202778983934,-0.029887646547980894,1.3920458249163843,unclear
Apalutamide,1,48,0.12223187147199306,-0.012890794615718631,0.8708743340773203,Androgen receptor antagonist
Aprepitant,1,48,-0.1295049934867564,0.01681773773339123,-0.8182740050078735,unclear
Arbutin,2,48,-0.23284845853234912,0.02780340859748155,-1.84342957428567,unclear
Asciminib,1,48,0.2359965262700825,0.08361105080330003,1.1437866143885276,Other TK inhibitor
Aspirin,2,48,-0.14014329135909684,0.006798198002605298,-1.077731365979523,Cyclooxygenase inhibitor
Ataluren,1,48,0.07283977420755536,0.0073871037776812865,0.38635943982216914,unclear
Atazanavir (sulfate),1,48,-0.12386354388907597,-0.06521376209218924,-0.335232805633887,unclear
Auranofin,2,48,-0.2637863656100738,-0.06896439426834564,-0.9625633723578547,unclear
BAY1125976,3,48,0.11333043855840208,0.0076747720364741655,0.6641962028316769,PI3K/AKT inhibitor
BI-3406,2,48,0.10421189752496743,0.020826096396005214,0.6553886740758831,RAS inhibitor
Balsalazide (sodium hydrate),2,48,0.05167173252279635,0.011308619192357797,0.2696152753265793,JAK/STAT inhibitor
Belinostat,1,48,-0.10149804602692139,0.03306828050369084,-1.0703252121085844,HDAC inhibitor
Belumosudil,2,48,0.07338254450716457,0.030669235779418148,0.31149852757658025,unclear
Belumosudil (mesylate),2,48,-0.014112027789839337,-0.02112733391228832,0.05375963177820293,unclear
Belzutifan,1,48,-0.2317629179331307,0.0032430525401649993,-1.3432321860691525,unclear
Benproperine (phosphate),1,48,-0.006838905775075988,0.053416739036039954,-0.38290557804085706,unclear
Bentamapimod,3,48,0.27399044724272686,-0.01063015631784629,1.6408249269847235,Other MAPK inhibitor
Berbamine,1,48,0.03473729917498915,-0.01797926617455493,0.312111525770433,unclear
Bestatin,1,48,0.06350412505427702,0.030047763786365606,0.2196172068612311,unclear
Betamethasone dipropionate,1,48,0.093573599652627,-0.006754776378636561,0.6418808589809152,Glucocorticoid receptor agonist
Bexarotene,3,48,-0.02344767694311767,-0.09519105514546242,0.5091653949188368,Retinoic receptor agonist
Bicalutamide,1,48,-0.013677811550151976,-0.007188992618323925,-0.04243764535371419,Androgen receptor antagonist
Bimiralisib,3,48,-0.10399478940512374,0.007123860182370828,-0.6902805660069044,PI3K/AKT inhibitor
Binimetinib,2,48,0.055471124620060784,0.050559053408597475,0.0339307558100259,MEK inhibitor
Bisoprolol (hemifumarate),1,47,-0.05400092506938021,0.00010529697309849054,-0.2910952679486725,Adrenoceptor agonist
Bortezomib,1,48,0.034085974815458095,-0.018731003039513684,0.31436051127028075,Proteasome inhibitor
Bosentan (hydrate),2,48,0.14231437255753362,-0.0136615284411637,1.1121742675312518,unclear
Brimonidine,3,48,0.0784845853234911,-0.11930633955709942,1.2874325361825338,Adrenoceptor agonist
Budesonide,1,48,0.3815675206252714,0.045419018671298314,1.7763011169655545,Glucocorticoid receptor agonist
CP21R7,2,48,-0.09791576204950066,0.01070071645679549,-0.8108036962801652,GSK3 inhibitor
Cabozantinib (S-malate),3,48,-0.23122014763352147,-0.058133412939643934,-1.000083072633082,Multi-TK inhibitor
Canagliflozin,1,48,0.03332609639600521,-0.07122243788510856,0.5186963185649663,Glucose transporter inhibitor
Canagliflozin (hemihydrate),1,48,-0.026921406860616587,-0.062475686478740355,0.20335015945434018,Glucose transporter inhibitor
Capivasertib,7,48,0.2921189752496743,-0.028278332609639606,1.8561571442664886,PI3K/AKT inhibitor
Capmatinib,1,48,-0.48643074250976986,0.027040816326530614,-3.0597694013238113,EGFR/ERBB inhibitor
Captopril,1,48,-0.21971341728180632,-0.005821211463308726,-1.7013469816870848,unclear
Carbidopa (monohydrate),1,48,0.056556665219279205,0.05418475900998696,0.015852957926161065,unclear
Celecoxib,1,48,-0.0026052974381241857,0.04080275727312202,-0.20677039179940623,Cyclooxygenase inhibitor
Cepharanthine,3,48,0.04928354320451585,-0.06121092053842814,0.7447512468271943,unclear
Cilostazol,1,48,0.3168693009118541,0.0456198436821537,1.5582236762914488,unclear
Cinacalcet,1,48,-0.30254016500217107,-0.04856105867542414,-1.5487850937061627,unclear
Citalopram (hydrobromide),1,48,0.26953973078593135,-0.00575466999218141,1.796357641668463,unclear
Clobetasol propionate,2,47,-0.06579555966697503,-0.04638066604995375,-0.1040670939273561,unclear
Clonidine (hydrochloride),3,48,-0.04874077290490664,-0.15751465479808946,0.8645726303266325,Adrenoceptor agonist
Clopidogrel,1,48,0.21200607902735563,-0.08736097365557238,1.7951362107865758,unclear
Clotrimazole,2,48,-0.1881241858445506,-0.14799446374294398,-0.3164359712271496,unclear
Cobimetinib,1,47,0.01017576318223867,0.061574930619796485,-0.35813616976330676,MEK inhibitor
Crizotinib (hydrochloride),3,48,-0.01801997394702562,0.012315458098132873,-0.2217666115047789,Multi-TK inhibitor
Cyclosporin A,3,48,0.05851063829787234,0.0010312635692574916,0.49184854450556037,unclear
Dabrafenib,2,48,0.37288319583152413,0.08821102909248806,1.7478357743074542,RAF inhibitor
Daidzin,1,48,0.03386886669561442,0.016709183673469387,0.10872583434879811,unclear
Dapagliflozin,1,48,-0.019431176726009552,-0.03586897524967434,0.11441028525524996,Glucose transporter inhibitor
"Dapagliflozin ((2S)-1,2-propanediol, hydrate)",1,47,-0.030296022201665124,-0.03207678075855689,0.01134206151743277,Glucose transporter inhibitor
Darolutamide,1,48,0.07468519322622666,-0.02997177594442032,0.6586403425807493,Androgen receptor antagonist
Decitabine,3,47,0.09146623496762257,0.05467449121184089,0.23315946642263932,DNA methyltransferase inhibitor
Dexamethasone,1,48,0.44887103777681286,-0.025089557099435517,2.885814038991209,Glucocorticoid receptor agonist
Dexmedetomidine,3,48,0.05188884064264003,-0.10959075119409464,1.1298192014044939,Adrenoceptor agonist
Dimethyl fumarate,1,48,0.13840642640034737,-0.002149370386452451,1.2477553318719237,unclear
Dinaciclib,4,47,0.1725254394079556,0.022158302497687327,0.7798514179196199,CDK inhibitor
Diphenhydramine,1,48,-0.11962657403386888,0.017026704298740775,-0.9507660139600919,unclear
Docetaxel (Trihydrate),6,48,-0.026595744680851064,-0.07606382978723403,0.34806682498304004,Microtubule inhibitor
Dorzolamide (hydrochloride),1,48,-0.12700825010855404,-0.01775673035171516,-0.6211450617355941,unclear
Doxorubicin (hydrochloride),3,48,0.21005210594876247,-0.04412179765523231,1.3661234840488279,DNA synthesis/repair inhibitor
Doxycycline (monohydrate),5,47,-0.06325161887141535,-0.047643963922294176,-0.09259199680341423,unclear
ERK5-IN-2,1,48,0.2510855405992184,0.012565132435953096,1.2511063550702903,Other MAPK inhibitor
EX229,1,48,0.09813287016934434,0.022497828918801557,0.4936177451260337,unclear
Edoxaban (tosylate monohydrate),1,48,0.08412939643942684,0.022215588363004773,0.3464822283254795,unclear
Elagolix sodium,1,48,0.27105948762483717,-0.07465262700825011,2.512485824218046,unclear
Elimusertib hydrochloride,1,48,-0.048198002605297434,0.0634199956578376,-0.8187443841797724,unclear
Encorafenib,1,48,0.2915762049500651,0.033668041684759,1.8474566969789201,RAF inhibitor
Entrectinib,5,48,0.0900998697351281,-0.024856165870603558,0.7536436255855089,Other TK inhibitor
Epirubicin (hydrochloride),1,48,0.02116804168475901,0.016950716456795484,0.024441732207290227,DNA synthesis/repair inhibitor
Eplerenone,1,48,-0.18106817194963093,0.005886343899261831,-1.3595270137489581,unclear
Erdafitinib,4,48,-0.15946591402518456,0.01852746417716022,-1.1782489630347206,Other TK inhibitor
Erlotinib,1,48,0.015197568389057751,-0.03041413373860182,0.3474781313686548,EGFR/ERBB inhibitor
Esmolol (hydrochloride),1,48,-0.0014112027789839339,-0.05279790974578617,0.26781353756877396,unclear
Everolimus,2,48,0.21026921406860616,0.024438232739904468,1.0758458096027312,MTOR inhibitor
Fedratinib (hydrochloride hydrate),3,48,0.21320017368649585,-0.06125705601389492,1.2995220411061523,JAK/STAT inhibitor
Fenofibrate,6,48,-0.20332175423360835,-0.084552757273122,-0.8569688298693515,unclear
Ferulic acid,2,47,-0.018617021276595747,-0.006229764107308046,-0.08108011560452474,Other TK inhibitor
Filgotinib,4,48,0.0486322188449848,0.011398176291793316,0.2223396049061835,JAK/STAT inhibitor
Finasteride,1,47,0.21241905642923217,-0.08332479739401868,1.4556871755379277,unclear
Fingolimod (hydrochloride),1,48,-0.01107251411202779,0.07232414242292662,-0.659534381446605,unclear
Flumatinib (mesylate),1,48,0.26888840642640033,0.07405557967867997,1.9341502921052047,Other TK inhibitor
Flutamide,1,48,0.08923143725575336,0.03786094224924012,0.3401732264940668,Androgen receptor antagonist
Fluvoxamine,1,48,0.30351715154146763,-0.033041141988710374,1.9136851400844552,unclear
Fostamatinib (disodium hexahydrate),4,48,-0.13862353452019105,-0.03502496743378202,-0.7469558679468341,Other TK inhibitor
Fulvestrant,1,48,0.08293530178028659,0.012209617889709071,0.3882013375676105,unclear
Furosemide,2,48,0.07283977420755536,-0.062166196265740346,0.7614192214635902,unclear
Futibatinib,4,48,-0.1622883195831524,-0.03727746417716023,-0.8143981834629668,Other TK inhibitor
GSK1059615,5,48,0.026052974381241857,-0.03953538862353452,0.40889625632266713,PI3K/AKT inhibitor
Gefitinib,1,48,-0.028224055579678674,0.01652464177160226,-0.3509026445352879,EGFR/ERBB inhibitor
Gemfibrozil,5,48,-0.05851063829787234,-0.19691977854971776,1.1587151238171456,unclear
Glasdegib,1,48,0.18334780720798957,-0.004770950933564918,1.1907484292964299,Sonic inhibitor
Goserelin (acetate),1,48,0.25336517585757706,-0.02063884064264003,2.0077462460075943,unclear
HI-TOPK-032,1,48,0.19170646982197131,0.03573871037776812,0.8780869569248755,unclear
Hydroxyfasudil,3,48,0.2593356491532783,-0.02802594442032132,1.6544326024568847,unclear
Hydroxyurea,2,47,-0.16524051803885292,0.0334354764107308,-1.1934746934156848,DNA synthesis/repair inhibitor
Idarubicin (hydrochloride),1,48,0.18562744246634824,0.03104646113764654,0.8494548835079233,DNA synthesis/repair inhibitor
Imiquimod (hydrochloride),1,48,-0.26870046841665907,-0.0669503097875456,-1.1429235374989197,unclear
Imiquimod (maleate),1,47,-0.19473273402951025,-0.08344483270950717,-0.6621557387050715,unclear
Indacaterol (maleate),1,48,-0.1971341728180634,-0.00906697785497178,-1.2339011642920223,Adrenoceptor agonist
Infigratinib,4,48,-0.10616587060356056,-0.023097590099869735,-0.5103234087783111,Other TK inhibitor
Ipatasertib,3,48,0.1900781589231437,-0.014226009552757265,1.2198043417373103,PI3K/AKT inhibitor
Irinotecan,1,48,0.0790273556231003,0.010437472861485018,0.4501205936753763,DNA synthesis/repair inhibitor
Irinotecan (hydrochloride),1,48,-0.04884932696482848,0.03967379504993487,-0.5520610816402118,DNA synthesis/repair inhibitor
Ivabradine (hydrochloride),1,48,-0.16679783977700718,-0.03165844928601878,-0.8390349590220166,unclear
Ixazomib,1,48,0.16033434650455924,0.0177241641337386,0.8677155093714377,Proteasome inhibitor
Ixazomib citrate,3,48,0.11409031697785496,-0.057704624402952674,1.309700188303664,Proteasome inhibitor
L-Eflornithine (monohydrochloride),1,48,0.001519756838905775,0.02993378202344768,-0.1934164598031646,unclear
LB-100,2,48,0.06057316543638732,0.027635149804602688,0.185873382865519,unclear
LJI308,3,48,-0.17661745549283542,0.00697459834997829,-0.8849553542323522,Other MAPK inhibitor
LY-2584702 (tosylate salt),1,47,0.1396854764107308,0.05233580018501388,0.4411927082852335,MTOR inhibitor
LY2090314,2,48,-0.06621797655232306,0.04272145028224055,-0.8370722605718478,GSK3 inhibitor
Lapatinib ditosylate,2,48,-0.17227529309596176,-0.041122991749891445,-0.7507885306170978,EGFR/ERBB inhibitor
Larotrectinib,3,48,-0.07620495006513242,-0.03373317412071212,-0.2657378015840575,Other TK inhibitor
Larotrectinib sulfate,3,48,0.04266174554928354,-0.00448871037776813,0.4019482408653763,Other TK inhibitor
Lenalidomide (hemihydrate),3,48,-0.07392531480677378,-0.02751574033868867,-0.26736987695657927,unclear
Levobupivacaine (hydrochloride),1,48,-0.025835866261398176,0.017325227963525838,-0.27986467599596193,unclear
Lidocaine (hydrochloride),3,48,0.03875379939209726,0.006760204081632651,0.22860041082327637,unclear
Lonafarnib,3,48,0.037234042553191495,0.011930091185410335,0.1527843796320156,RAS inhibitor
Lumateperone (tosylate),2,48,-0.10084672166739037,-0.12926888840642642,0.16514395318548725,unclear
MK-3903,1,48,0.09574468085106383,0.0034927268779852425,0.4812697624290377,unclear
MK-8353,2,48,0.11235345201910552,0.006496960486322187,0.6701671461604081,Other MAPK inhibitor
ML264,1,48,-0.2653061224489796,0.016690186712983064,-1.7982998999855666,unclear
Macitentan,2,48,0.16728180633955708,0.007110290924880592,0.9020003585213889,unclear
Malotilate,1,48,-0.15132435953104645,0.02165924880590534,-1.0133170186415708,unclear
Mebendazole,10,48,0.08315240990013026,-0.05702344767694312,0.9413094115369202,Microtubule inhibitor
Medroxyprogesterone acetate,1,48,0.2650890143291359,-0.03745520219004946,2.017108817305957,unclear
Meloxicam,2,48,-0.13200173686495872,0.0010963960052105925,-0.8684160823268081,Cyclooxygenase inhibitor
Methotrexate,1,48,-0.0066217976552323055,0.027708423795049935,-0.2199372702840706,DNA synthesis/repair inhibitor
Methylprednisolone succinate,1,48,-0.03603994789405124,0.06504016500217107,-0.676531250674288,Glucocorticoid receptor agonist
Mifepristone,2,48,-0.06046461137646548,-0.05107739904472428,-0.06951057824614622,unclear
Minodronic acid,2,48,-0.23775920235655892,-0.0581649572301679,-1.0557546378575102,unclear
Mitoxantrone (dihydrochloride),3,48,0.28300043421623966,0.021463851498046034,1.4272643144849284,DNA synthesis/repair inhibitor
Monocrotaline,2,48,-0.10855405992184107,-0.04444474598349978,-0.37946173690055496,unclear
Mozavaptan,1,47,-0.21497168933291164,-0.03045492464579087,-1.186834657805961,unclear
NG25,12,48,-0.18052540165002173,-0.011257056013894923,-0.913766821475636,Other MAPK inhibitor
NVP-BHG712,1,48,-0.02833260963960052,0.027369192357794177,-0.3078008054887093,unclear
Naproxen,2,48,-0.13037342596613113,-0.026297221016066002,-0.6689040715050748,Cyclooxygenase inhibitor
Neratinib,2,48,0.002713851498046027,0.00941163699522362,-0.04708434581559778,EGFR/ERBB inhibitor
Neratinib (maleate),2,48,-0.08195831524099,-0.017303517151541464,-0.44493006142655306,EGFR/ERBB inhibitor
Niclosamide (olamine),1,48,-0.023664785062961352,-0.06764274858879722,0.2249449037885013,unclear
Nimesulide,1,48,0.037125488493269646,0.05529201042118975,-0.10773407548665613,Cyclooxygenase inhibitor
Norepinephrine (hydrochloride),7,48,-0.4057750759878419,-0.12600683890577508,-1.858270766284307,Adrenoceptor agonist
OTS514,1,48,-0.14709075119409465,-0.03536419887103777,-0.6643076376900084,Other MAPK inhibitor
Olanzapine,13,48,-0.17260095527572733,-0.14146222318714718,-0.24598096628844293,unclear
Osimertinib (mesylate),1,48,0.00510204081632653,0.0019973947025618763,0.021802281836321734,EGFR/ERBB inhibitor
Oxaprozin,3,48,-0.15870603560573165,-0.04729971775944421,-0.569423216235828,Cyclooxygenase inhibitor
PF-06260933,1,48,0.1033434650455927,0.043779852366478494,0.39676378095795045,Other MAPK inhibitor
PH-797804,1,48,-0.01715154146765089,0.013889491966999568,-0.18131855996020052,Other MAPK inhibitor
Palmatine (chloride),1,48,-0.022362136343899264,-0.0023149153278332613,-0.13989253618306322,unclear
Panobinostat,7,48,-0.2486973512809379,-0.017867998263135045,-1.4075496563884098,HDAC inhibitor
Pasireotide (acetate),4,48,-0.1313504125054277,-0.11294778549717761,-0.1221069431321994,unclear
Pemetrexed,3,47,-0.05666049953746531,0.05450104070305273,-1.0555668379035374,DNA synthesis/repair inhibitor
Pemigatinib,4,48,-0.03571428571428571,-0.0395462440295267,0.02219472779336382,Other TK inhibitor
Penfluridol,1,48,0.0858662613981763,-0.013010204081632653,0.6926556783863892,unclear
Pentagastrin,1,48,-0.4005015350222007,-0.13215624156615408,-1.6862237851400257,unclear
Pentamidine (isethionate),1,48,0.051454624402952676,0.007319257490230135,0.27080360726814195,unclear
Peretinoin,3,48,0.07273122014763353,-0.09019756838905775,1.0667638169732312,Retinoic receptor agonist
Perindopril (erbumine),2,48,-0.14481111593573598,-0.014055036908380378,-0.8038784258919485,unclear
Pexidartinib (hydrochloride),3,48,0.10356057316543639,-0.055929765523230555,1.0411561872220103,Multi-TK inhibitor
Phenylephrine (hydrochloride),3,48,-0.2107034303082935,-0.04489253148067738,-1.0591241201744748,Adrenoceptor agonist
Pimitespib,2,48,0.009986973512809378,-0.06476877985236648,0.5801683750059945,unclear
Pimozide,2,48,-0.041033434650455926,-0.10848892748588797,0.4080385940942472,unclear
Pioglitazone,1,48,-0.415979157620495,-0.02451964828484585,-2.5574898036575635,unclear
Piroxicam,2,48,-0.08923143725575336,0.027051671732522802,-0.5950115658153808,Cyclooxygenase inhibitor
Pitavastatin (Calcium),1,47,-0.000578168362627197,-0.009742136910268276,0.05699980760273493,unclear
Plicamycin,2,48,0.16739036039947894,-0.017697025618758144,1.2996549682099519,unclear
Ponatinib,6,48,0.09216239687364307,-0.10423632218844985,1.1727054725777353,Multi-TK inhibitor
Pralsetinib,1,48,0.20104211897524968,-0.03216185410334346,1.398279814703116,Other TK inhibitor
Pravastatin (sodium),1,48,0.08239253148067736,0.028812961354754675,0.43569236667630457,unclear
Procainamide (hydrochloride),1,47,0.15818686401480114,-0.01789141998149861,1.0377604146988668,DNA methyltransferase inhibitor
Proglumide,2,48,-0.15451436586463546,-0.12386605467211012,-0.22339352368155688,unclear
Quinidine (15% dihydroquinidine),1,48,0.05449413808076421,-0.03785551454624403,0.7248148083940479,unclear
RMC-6236,1,48,0.04548415110725141,0.08990447242726878,-0.3166128702995057,RAS inhibitor
Radotinib,1,48,0.3673469387755102,0.07285605731654364,1.6771565014432417,Other TK inhibitor
Ralimetinib dimesylate,3,48,-0.1210377768128528,0.03317954841511072,-0.9446536272605062,Other MAPK inhibitor
Raltitrexed,1,48,-0.048198002605297434,0.025743595310464606,-0.4559583719669907,DNA synthesis/repair inhibitor
Rapamycin,2,48,0.1532783326096396,0.0231193009118541,0.8333119029877879,MTOR inhibitor
Regorafenib,9,48,0.25879287885366914,-0.12035660008684324,3.027421039285529,Multi-TK inhibitor
Relugolix,1,48,0.2405557967867998,-0.05948219713417282,1.996013337947633,unclear
Resveratrol,1,48,-0.004342162396873643,0.05951747720364742,-0.4665521444546033,unclear
Retinoic acid,4,48,-0.026378636561007383,-0.020386452453321754,-0.03501032463359081,Retinoic receptor agonist
Ribociclib,2,48,-0.18519322622666087,0.055734368215371255,-1.7627670297158737,CDK inhibitor
Rimonabant,1,48,-0.12668258792878853,-0.05582029147793903,-0.466797958179604,unclear
Rimonabant (Hydrochloride),1,48,0.006947459834997829,-0.06544458620064778,0.42995127428282554,unclear
Rosiglitazone,3,48,-0.26660877116804166,0.003395028224055579,-1.622452399477974,unclear
Rucaparib (phosphate),3,48,0.04342162396873643,0.0408841728180634,0.014900599423098673,DNA synthesis/repair inhibitor
Sacubitril/Valsartan,1,48,0.01888840642640035,-0.0039025184541901874,0.1317564905837271,unclear
Sapanisertib,1,48,0.049174989144594006,0.06050260529743812,-0.07747713423094858,MTOR inhibitor
Selinexor,1,48,0.16977854971775944,0.007305688232739896,0.9488285701430464,unclear
Sildenafil,1,48,-0.10811984368215373,0.04216239687364308,-0.9976170104025018,unclear
Silodosin,3,47,-0.26329787234042556,-0.03508036540240518,-1.7507632349410862,unclear
Simotinib,1,47,-0.03896854764107308,-0.03442125346901017,-0.029887914940232924,EGFR/ERBB inhibitor
Sinomenine,1,48,-0.01020408163265306,-0.04057750759878419,0.19684675165887164,unclear
Sivelestat (sodium tetrahydrate),1,48,-0.08391228831958317,-0.057072359535218165,-0.172937093818395,unclear
Sodium Salicylate,1,48,-0.017477203647416412,0.0718275075987842,-0.6023627314473735,Cyclooxygenase inhibitor
Sonidegib,1,48,0.13384715588363005,-0.0047085323491098535,0.9128049464537612,Sonic inhibitor
Sulfatinib,5,48,0.12060356057316543,-0.11219333478072077,1.5780691215922678,Multi-TK inhibitor
Sulfisoxazole,2,48,0.14470256187581415,-0.04388840642640034,1.265438619878342,unclear
Sunitinib,2,48,0.15968302214502822,-0.01804168475900998,0.9825857120448077,Multi-TK inhibitor
TAK-733,1,48,0.025401650021710815,0.008187689969604861,0.11554025193371942,MEK inhibitor
TAK-901,1,48,0.011832392531480676,0.009889274858879719,0.012201731312577442,unclear
Tadalafil,1,48,-0.13471558836300476,0.010385909683022146,-1.0177776077171394,unclear
Tazarotene,3,48,0.0803300043421624,-0.02797980894485453,0.6260376131104961,Retinoic receptor agonist
Temsirolimus,1,48,0.017042987407729047,0.026709726443769,-0.07283989981602336,MTOR inhibitor
Terfenadine,1,48,-0.05243161094224924,0.016882870169344335,-0.3839736699724694,unclear
Thymol,1,48,-0.0028224055579678677,-0.015696917064698217,0.07010336851930155,unclear
Tirabrutinib,1,48,0.037993920972644375,-0.016358665826200977,0.3302875386008562,Other TK inhibitor
Tirabrutinib (hydrochloride),1,48,0.04418150238818931,-0.06486758520259457,0.6881361916071461,Other TK inhibitor
Tofacitinib,3,48,0.017477203647416412,-0.0087440295267043,0.17172860827042857,JAK/STAT inhibitor
Tofacitinib (citrate),3,48,0.018128528006947458,-0.02796081198436821,0.27731866176345954,JAK/STAT inhibitor
Tolcapone,1,48,0.14415979157620495,0.0047709509335649184,0.8879144344881471,unclear
Tolmetin,2,48,-0.12722535822839773,0.0698409683022145,-1.3724629773158237,Cyclooxygenase inhibitor
Topotecan (hydrochloride),1,48,0.04874077290490664,0.0002496743378202354,0.3336320046482472,DNA synthesis/repair inhibitor
Torkinib,13,48,0.16760746851932265,-0.1087793095961789,1.4132873094809097,MTOR inhibitor
Trametinib,2,48,0.10746851932262266,0.010364198871037778,0.6180752008988101,MEK inhibitor
Trametinib (DMSO_TF solvate),2,48,0.13666956144159792,0.04522633521493704,0.6175839239004886,MEK inhibitor
Tranilast,2,48,0.09921841076856275,-0.015265414676508899,0.689605829608057,unclear
Triamcinolone,1,48,0.2808293530178029,0.03809976118106817,1.4504804969457101,Glucocorticoid receptor agonist
Trimetrexate,1,48,-0.013135041250542769,0.026622883195831514,-0.26598214333333836,DNA synthesis/repair inhibitor
Tucatinib,1,48,-0.1265740338688667,0.05736539296569691,-1.2386103982051564,EGFR/ERBB inhibitor
Tucidinostat,6,48,0.07837603126356926,-0.025412505427702996,0.5719091592048468,HDAC inhibitor
ULK-101,2,48,0.010095527572731218,0.07427268779852367,-0.3187975317544887,unclear
Valdecoxib,1,48,0.052974381241858444,0.030663808076422057,0.13799202753487252,Cyclooxygenase inhibitor
Vandetanib,2,48,-0.04168475900998697,-0.06400618758141555,0.16624159109196154,Multi-TK inhibitor
Vemurafenib,1,48,0.3325010855405992,0.03769539730785932,2.248197765012446,RAF inhibitor
Verapamil,2,48,-0.050694745983499774,-0.09410280069474597,0.26461718236199944,unclear
Verteporfin,1,48,0.17509769865392966,0.02445451584889275,0.9462633902320928,unclear
Vilanterol,1,48,-0.0734910985670864,-0.007704624402952674,-0.3640637985279948,Adrenoceptor agonist
Vismodegib,3,48,0.08608336951801997,-0.05522145028224055,0.9332091974281663,Sonic inhibitor
Volasertib,3,48,-0.1440512375162831,0.0009118541033434589,-0.8064453693251271,unclear
Vortioxetine,3,48,0.2372991749891446,-0.06412831089882762,1.8830043407736117,unclear
Zileuton,1,48,-0.1118106817194963,-0.014641228831958314,-0.46457151649319933,unclear
c-Kit-IN-1,5,48,0.2092922275293096,-0.09512320885801129,1.7801602182339213,Multi-TK inhibitor
crizotinib,3,48,0.008141554494138082,-0.053951367781155016,0.35288762148613023,Multi-TK inhibitor
olaparib,2,48,0.09878419452887537,0.051853560573165446,0.3185920303153697,DNA synthesis/repair inhibitor
palbociclib,2,47,-0.17449121184088806,0.029301572617946352,-1.2386571252824234,CDK inhibitor
venetoclax,1,48,0.29135909683022143,0.01641608771168042,1.7304374852146096,unclear
