drug,n_lines,n_conditions,n_pairs,conserved,context,cdi,total_effect,moa-fine,targets,human-approved
Budesonide,48,144,144,0.062005834033091865,0.046427948477988444,0.42816867034260475,0.10843378251108031,Glucocorticoid receptor agonist,NR3C1,yes
Ouabain (Octahydrate),48,143,142,0.1423306526629241,0.08870688093249017,0.38395008617011506,0.2310375335954143,unclear,,no
Vinblastine (sulfate),48,143,142,0.0687855456571479,0.0417758550185015,0.37785207824074196,0.1105614006756494,Microtubule inhibitor,,yes
Dexamethasone,48,142,141,0.06160744263882369,0.03714617311373247,0.3761500055533002,0.09875361575255616,Glucocorticoid receptor agonist,NR3C1,yes
18β-Glycyrrhetinic acid,48,144,144,0.04310931886235873,0.025301845509299408,0.36984965453652824,0.06841116437165813,unclear,,no
Betamethasone dipropionate,48,141,139,0.050477394292540584,0.028822655107812595,0.3634632680025068,0.07930004940035318,Glucocorticoid receptor agonist,NR3C1,yes
Clobetasol propionate,47,141,141,0.06892092029253642,0.03867024395793201,0.3594183985955301,0.10759116425046844,unclear,"CYP3A5,CYP3A4",yes
Selinexor,48,144,144,0.06498533735672633,0.03618481779833221,0.3576629663449019,0.10117015515505853,unclear,XPO1,yes
Rapamycin,48,144,144,0.053816614051659904,0.02936269542422249,0.3530047990207964,0.0831793094758824,MTOR inhibitor,"MTOR, FKBP1A",yes
Bortezomib,48,137,131,0.1802506037872203,0.09433087179053376,0.3435441942762152,0.27458147557775403,Proteasome inhibitor,PSMB5,yes
Almonertinib (hydrochloride),48,144,144,0.03849548101425171,0.020056738319302287,0.342544459417417,0.05855221933355399,EGFR/ERBB inhibitor,EGFR,yes
Triamcinolone,48,144,144,0.08287272105614345,0.043056433845777065,0.3419099721530841,0.12592915490192053,Glucocorticoid receptor agonist,NR3C1,yes
Acetohexamide,48,143,142,0.03546397742274758,0.018225002390312845,0.3394551815618485,0.05368897981306042,unclear,,yes
Dinaciclib,47,126,116,0.4144069469637341,0.2124028884131333,0.3388633624190449,0.6268098353768674,CDK inhibitor,"CDK1, CDK2, CDK5, CDK9",no
Panobinostat,48,144,144,0.30881952742735547,0.15720534288427895,0.33733251785286594,0.4660248703116344,HDAC inhibitor,"HDAC1, HDAC2, HDAC3, HDAC6, HDAC8, HDAC10, HDAC11",yes
Trametinib (DMSO_TF solvate),48,143,142,0.07262373866734805,0.03689376105108416,0.33687548698552694,0.1095174997184322,MEK inhibitor,"MAP2K1, MAP2K2",yes
Azithromycin (hydrate),48,144,144,0.03842818240324656,0.01945646451875089,0.33612478529875944,0.05788464692199745,unclear,,yes
Binimetinib,48,285,705,0.059198126275288435,0.029872560264057223,0.33538037512331803,0.08907068653934566,MEK inhibitor,"MAP2K1, MAP2K2",no
Ixazomib citrate,48,142,141,0.10914504499187772,0.054637410998318,0.33359745809153507,0.16378245599019572,Proteasome inhibitor,"PSMB1, PSMB2, PSMB5",yes
Cobimetinib,47,141,141,0.0651747112472852,0.031180488908372765,0.32359944100579874,0.09635520015565796,MEK inhibitor,MAP2K1,yes
Homoharringtonine,48,140,137,0.4051635893327849,0.18764503652834924,0.3165356041433601,0.5928086258611341,Protein synthesis inhibitor,,yes
Medroxyprogesterone acetate,48,144,144,0.0674462653696537,0.031187792029009467,0.3161969896762269,0.09863405739866317,unclear,PGR,yes
Hexylresorcinol,48,144,144,0.03868786742289861,0.01787644344019807,0.3160375008097359,0.056564310863096684,unclear,,yes
Trimetrexate,48,144,144,0.051879228403170906,0.02396270226098649,0.3159558578103441,0.0758419306641574,DNA synthesis/repair inhibitor,DHFR,yes
Digitoxin,48,142,141,0.1895759829228193,0.0866379594720953,0.3136625136330931,0.2762139423949146,unclear,,no
Tofacitinib (citrate),48,144,144,0.05376222605506579,0.02431632530351635,0.31143412474242305,0.07807855135858213,JAK/STAT inhibitor,"JAK1, JAK2, JAK3",yes
Gemfibrozil,48,144,144,0.04166416202982267,0.018826642443855235,0.3112314773735155,0.060490804473677905,unclear,"PPARA, CYP2C9, CYP2C19, CYP2C8, CYP1A2",yes
Bergenin,48,144,144,0.03354027681052685,0.01507399535815542,0.31007345550400356,0.04861427216868227,unclear,,no
Ponatinib,48,144,144,0.0493956133723259,0.022051012664127886,0.3086361650286597,0.07144662603645378,Multi-TK inhibitor,"ABL1, PDGFRA, KDR, FGFR1, SRC, KIT",yes
Sinomenine,48,144,144,0.0347527340054512,0.015342907963107185,0.3062723095301759,0.05009564196855839,unclear,OPRM1,no
Triclosan,48,144,144,0.04189078385631243,0.018264118624049135,0.3036181237266858,0.060154902480361566,unclear,,no
4EGI-1,48,141,139,0.04468487578292265,0.019353978965672657,0.30222244044889307,0.0640388547485953,Protein synthesis inhibitor,EIF4E,no
Tofacitinib,48,143,142,0.059632238521650956,0.02576409160113618,0.30170022018617515,0.08539633012278713,JAK/STAT inhibitor,"JAK1, JAK2, JAK3",yes
Ciclopirox,48,144,144,0.04699229076504707,0.020141690635783662,0.30002228700731315,0.06713398140083074,unclear,,yes
Neratinib (maleate),48,144,144,0.06681368499994278,0.028394249717823387,0.2982340684313249,0.09520793471776617,EGFR/ERBB inhibitor,"EGFR, ERBB2",yes
Saquinavir,48,142,140,0.06242708801488641,0.0262457845433216,0.29598437251587784,0.08867287255820801,unclear,,yes
Aliskiren,48,144,144,0.03568610921502113,0.014953672127578303,0.2952949584519415,0.05063978134259944,unclear,REN,yes
Clotrimazole,48,144,144,0.05206499993801117,0.021812990821975593,0.2952569580951541,0.07387799075998676,unclear,"CYP2A6, CYP51A1",yes
Cysteamine (hydrochloride),48,143,142,0.030584622591317116,0.01263554505167634,0.29235298567206564,0.043220167642993454,unclear,,yes
Lenalidomide (hemihydrate),48,143,142,0.042340775652156847,0.017464132593579026,0.2920183828695069,0.05980490824573587,unclear,"CRBN, IKZF1, IKZF3",yes
Bimatoprost,48,144,144,0.06645549833774567,0.027245112882357918,0.2907677178151901,0.09370061122010359,unclear,,yes
Thymol,48,142,140,0.04351307383515465,0.017769758017051832,0.28996306926394155,0.06128283185220648,unclear,TRPA1,no
Resveratrol,48,143,142,0.050348805172460064,0.019747045325626895,0.28171489732000365,0.07009585049808696,unclear,SIRT1,no
Norepinephrine (hydrochloride),48,144,144,0.045626893639564514,0.017817272937261604,0.28083390323499996,0.06344416657682611,Adrenoceptor agonist,"ADRA1A, ADRA1B, ADRA1D, ADRA2A, ADRA2B, ADRA2C, ADRB1",yes
Trametinib,48,286,710,0.08336816999045285,0.0324781814601241,0.28035566984584864,0.11584635145057695,MEK inhibitor,"MAP2K1, MAP2K2",yes
Lipoic acid,48,144,144,0.02804082694152991,0.01056077978056338,0.2735839431916447,0.03860160672209329,unclear,,yes
Vilanterol,48,142,140,0.048675288931584695,0.01804724288563843,0.27048198553190816,0.06672253181722312,Adrenoceptor agonist,ADRB2,yes
Capmatinib,48,141,138,0.05231465113923905,0.01937422195581915,0.27025424057272135,0.0716888730950582,EGFR/ERBB inhibitor,MET,yes
Fluvoxamine (maleate),48,143,142,0.05139132536999829,0.01891998591968908,0.26908879343378267,0.07031131128968737,unclear,,yes
Cloxacillin (sodium),48,144,144,0.03244111128151417,0.011901313885068198,0.26839564684065464,0.044342425166582364,unclear,,yes
Isocorydine,48,143,142,0.035833854671124814,0.013143679507496491,0.26836139727985137,0.0489775341786213,unclear,,no
Tazarotene,48,144,144,0.0632462240755558,0.023082417690602597,0.267378441480949,0.0863286417661584,Retinoic receptor agonist,"RARA, RARB, RARG",yes
Relugolix,48,144,144,0.027206088105837505,0.00989274517390489,0.26665919920739845,0.037098833279742394,unclear,GNRHR,yes
BI-3406,48,144,144,0.07006135955452919,0.025392307848960627,0.2660171006486889,0.09545366740348982,RAS inhibitor,"KRAS, SOS1",no
Sodium Salicylate,48,144,144,0.06182972341775894,0.02236830850274095,0.2656630801520538,0.08419803192049989,Cyclooxygenase inhibitor,PTGS2,no
Elimusertib hydrochloride,48,139,135,0.1084721080905242,0.0388108224183708,0.2635120192426295,0.147282930508895,unclear,ATR,no
Amsacrine,48,144,144,0.05890956396857897,0.020845570635831083,0.26136963769450433,0.07975513460441006,DNA synthesis/repair inhibitor,TOP2A,yes
AZD-8055,48,144,144,0.060786897937456764,0.021500529849112757,0.261285720400437,0.08228742778656953,MTOR inhibitor,MTOR,no
Furosemide,48,143,142,0.039138002646761344,0.013729090566876424,0.2596906645008208,0.052867093213637764,unclear,"SLC12A1, SLC12A2",yes
Trifluridine,48,144,144,0.0348676722496748,0.012174837200897551,0.25880501153301944,0.047042509450572347,DNA synthesis/repair inhibitor,,yes
Everolimus,48,144,144,0.037244233613212906,0.012914750677332954,0.2574763197461152,0.05015898429054586,MTOR inhibitor,"MTOR, FKBP1A",yes
Docetaxel,48,141,138,0.08134535398889095,0.02818377417249882,0.25731761628715233,0.10952912816138977,Microtubule inhibitor,,yes
HI-TOPK-032,48,140,137,0.0914184638432094,0.03165399030795878,0.2571980101175087,0.12307245415116819,unclear,PBK,no
L-Thyroxine (sodium salt pentahydrate),48,144,144,0.04391674449046453,0.015087285178651655,0.25569923381942544,0.059004029669116186,unclear,,yes
Megestrol,48,144,144,0.03515263460576534,0.012054139133801477,0.2553476583742511,0.04720677373956682,unclear,,yes
Radotinib,48,142,140,0.04651243601676444,0.015771720371932522,0.25322202766151136,0.062284156388696964,Other TK inhibitor,ABL1,no
Balsalazide (sodium hydrate),48,144,144,0.040417185674111046,0.013594972360898794,0.25170207700434305,0.05401215803500984,JAK/STAT inhibitor,"IL6, STAT3",yes
Fusidic acid,49,145,144,0.03909876089671562,0.013120846494631324,0.251262833063841,0.05221960739134694,unclear,,yes
vincristine,48,140,137,0.11225783098489046,0.03743739209450564,0.25009075990787905,0.1496952230793961,Microtubule inhibitor,,yes
c-Kit-IN-1,48,142,141,0.08302447755991572,0.02740221954399145,0.24814850269592906,0.11042669710390718,Multi-TK inhibitor,"KIT, MET, KDR, PDGFRA, PDGFRB",no
(R)-Verapamil (hydrochloride),48,144,144,0.03326132272680601,0.010848090856597992,0.24593595732316753,0.044109413583404,unclear,ABCB1,no
Tucidinostat,48,144,144,0.18987632542848587,0.061605652736034244,0.24497044752738376,0.2514819781645201,HDAC inhibitor,"HDAC1, HDAC2, HDAC3, HDAC10, HDAC8, HDAC11",yes
Lumateperone (tosylate),48,144,144,0.038941909869511925,0.012621439822699662,0.24477540536134085,0.05156334969221159,unclear,"HTR2A, DRD2",yes
Folic acid,48,144,144,0.033267535269260406,0.010767732268504915,0.24452519243286855,0.04403526753776532,unclear,,yes
Goserelin (acetate),48,144,144,0.037979996452728905,0.01215789655543631,0.24248917985955917,0.050137893008165214,unclear,GNRHR,yes
Neratinib,48,142,141,0.040395126061540255,0.012858737372803165,0.24146111743905072,0.05325386343434342,EGFR/ERBB inhibitor,"EGFR, ERBB2",yes
Atazanavir (sulfate),48,144,144,0.0471332793434461,0.014941101476223493,0.24069674604775254,0.062074380819669595,unclear,CYP3A4,yes
Adenosine,48,143,142,0.04917495549246148,0.015530892054248653,0.24002300631387521,0.06470584754671013,unclear,"ADORA1, ADORA2A, ADORA2B, ADORA3",yes
Ritonavir,48,144,144,0.047353128592173256,0.014825796050798899,0.23843764001915077,0.06217892464297216,unclear,,yes
Baicalin,48,144,144,0.05098350221912066,0.015932909276873235,0.23810166924188836,0.0669164114959939,unclear,,no
Gemcitabine,49,145,144,0.04873437503802365,0.015208923245356547,0.2378501524577998,0.06394329828338019,DNA synthesis/repair inhibitor,,yes
Larotrectinib,48,142,140,0.06348073718623376,0.01965183958195017,0.23639156087690547,0.08313257676818393,Other TK inhibitor,"NTRK1, NTRK2, NTRK3",yes
Capivasertib,48,142,140,0.038904371973074656,0.011903419578655823,0.23428334936652842,0.05080779155173048,PI3K/AKT inhibitor,"AKT1, AKT2, AKT3, RPS6KB1, PRKACA, ROCK2, ROCK1",no
Sulfisoxazole,48,191,285,0.040290522832833034,0.01225814665956198,0.2332722555674985,0.05254866949239501,unclear,"EDNRA, EDNRB",yes
Mitoxantrone (dihydrochloride),48,142,140,0.12784286116210508,0.03888814169331454,0.23323881598095045,0.1667310028554196,DNA synthesis/repair inhibitor,"TOP2A, TOP2B, PRKCA",yes
Bexarotene,48,144,144,0.04942272355159124,0.014950495627191331,0.23224713348061082,0.06437321917878257,Retinoic receptor agonist,"RXRA, RXRB, RXRG",yes
Erythromycin,48,144,144,0.037681132555007935,0.011369189424133057,0.23178623432824536,0.04905032197914099,unclear,,yes
Retinoic acid,48,144,144,0.052348642299572624,0.01578366231923509,0.2316619466718884,0.06813230461880772,Retinoic receptor agonist,"RARB, RARG, RARA, PPARD",yes
Tolcapone,48,144,144,0.052680425345897675,0.01586008219035446,0.23139720962769086,0.06854050753625213,unclear,COMT,yes
Nafamostat (mesylate),48,143,142,0.04927108350854654,0.014719094823255584,0.23002115648020352,0.06399017833180212,unclear,,yes
Temsirolimus,48,143,142,0.06524672333177153,0.01946995973104978,0.22982438673397906,0.08471668306282132,MTOR inhibitor,MTOR,yes
RMC-6236,48,144,144,0.08010551954309146,0.02380897253654742,0.2291208094276253,0.10391449207963888,RAS inhibitor,KRAS,no
Lidocaine (hydrochloride),48,141,138,0.08638154001946145,0.02563652054126631,0.22886059991520846,0.11201806056072776,unclear,"MAP2K1, MAPK1, NFKB1",yes
Vemurafenib,48,144,144,0.04221631276110808,0.012522933517983701,0.22877431402936516,0.05473924627909178,RAF inhibitor,BRAF,yes
Peretinoin,48,142,141,0.07356879618805899,0.021816839044583394,0.22872247997691528,0.09538563523264239,Retinoic receptor agonist,"RXRA, RXRB, RXRG",no
EX229,48,142,141,0.10368947781832286,0.03074894204912443,0.22872138842037917,0.13443841986744728,unclear,PRKAA1,no
venetoclax,48,143,142,0.09189626063917067,0.02720061385623691,0.22839066072456649,0.11909687449540758,unclear,BCL2,yes
Harringtonine,48,142,140,0.21517734439440175,0.06365554176445584,0.2282928052044399,0.2788328861588576,Protein synthesis inhibitor,,no
Belumosudil (mesylate),48,144,144,0.05952526877323786,0.01757590416349962,0.2279589725297808,0.07710117293673749,unclear,"ROCK2, ROCK1",yes
Darinaparsin,48,142,140,0.060510601061330715,0.01777681244420819,0.22707114270610645,0.0782874135055389,unclear,,no
Salicylic acid,48,142,140,0.06570362336408923,0.019285690347585063,0.2269190031703473,0.0849893137116743,Cyclooxygenase inhibitor,,yes
Allantoin,48,144,144,0.06333930293718974,0.018540041099994495,0.2264312363271355,0.08187934403718423,unclear,,yes
Elagolix sodium,48,144,144,0.060222757359345756,0.01730908312795994,0.2232512864284959,0.0775318404873057,unclear,GNRHR,yes
Gallic acid (hydrate),48,144,144,0.05986308306455612,0.017097042948383507,0.2221545602135437,0.07696012601293963,Cyclooxygenase inhibitor,,no
Vandetanib,48,143,142,0.06348925922717248,0.01812412124393593,0.22207291426130754,0.08161338047110842,Multi-TK inhibitor,"EGFR, KDR",yes
Econazole,48,144,144,0.03276121988892555,0.00932055569870095,0.22148674975210686,0.042081775587626505,unclear,,yes
Idoxuridine,48,144,144,0.048710995664199196,0.013735646348474498,0.21995812594193323,0.06244664201267369,DNA synthesis/repair inhibitor,,yes
Busulfan,48,144,144,0.0537110169728597,0.01513165046587043,0.21980046719336632,0.06884266743873013,DNA synthesis/repair inhibitor,,yes
5-Fluorouracil,48,144,144,0.039004869759082794,0.010902176310385888,0.21844964126328933,0.049907046069468684,DNA synthesis/repair inhibitor,TYMS,yes
Ixazomib,48,141,139,0.06844835392866574,0.018881698929421643,0.21621078095652455,0.08733005285808738,Proteasome inhibitor,PSMB5,yes
Belinostat,48,142,140,0.14331347747168072,0.03930240701387707,0.21521899436401606,0.1826158844855578,HDAC inhibitor,HDAC6,yes
Olanzapine,48,144,144,0.0637928731739521,0.017422073891793843,0.2145180723653018,0.08121494706574595,unclear,"HTR2A, HTR2C, DRD2, DRD4, ADRA1A, ADRA1B, ADRA1D, HTR6, CHRM1, CHRM2, CHRM3, CHRM4, CHRM5",yes
palbociclib,47,140,139,0.059815352064158236,0.016330119367712344,0.21445949523502975,0.07614547143187059,CDK inhibitor,"CDK4, CDK6",yes
Pasireotide (acetate),48,144,144,0.053348357478777565,0.014552564129391814,0.2143205686274654,0.06790092160816938,unclear,"SSTR1, SSTR2, SSTR3, SSTR5",yes
Raltitrexed,48,142,141,0.04366562644045957,0.011770312162033605,0.21232277217191822,0.05543593860249318,DNA synthesis/repair inhibitor,TYMS,yes
Proglumide,48,143,142,0.031273471829774496,0.008418464542968726,0.2120950830897168,0.03969193637274322,unclear,"CCKBR, CCKAR",no
Oxaprozin,48,143,142,0.06874819594871748,0.018501653935076523,0.2120537050747759,0.087249849883794,Cyclooxygenase inhibitor,"PTGS1, PTGS2, NFKB1",yes
Ropivacaine (hydrochloride monohydrate),48,142,140,0.05208516708562072,0.01395854569855146,0.21135313431222966,0.06604371278417218,unclear,,yes
Adenine,48,144,144,0.04487968981266022,0.012015375927957293,0.21118485006652327,0.056895065740617506,unclear,,no
Quinestrol,48,144,144,0.047687423725922905,0.0126425295699543,0.20955642892596535,0.0603299532958772,unclear,,yes
Bimiralisib,48,143,142,0.10025615813015225,0.02651357352668026,0.2091475084798072,0.1267697316568325,PI3K/AKT inhibitor,"PIK3CA, PIK3CB, MTOR",no
Irinotecan,48,143,142,0.054838638257730256,0.014428862931311761,0.2083063873191138,0.06926750118904201,DNA synthesis/repair inhibitor,TOP1,yes
Berberine (chloride hydrate),48,144,144,0.04389794419209162,0.011536541791024825,0.2081112792231623,0.05543448598311645,unclear,,no
Darolutamide,48,144,144,0.05249392862121264,0.013781495661128752,0.2079427753252533,0.06627542428234139,Androgen receptor antagonist,AR,yes
Alpelisib,48,142,140,0.07328770708450129,0.019210345670580865,0.20768378466783868,0.09249805275508216,PI3K/AKT inhibitor,PIK3CA,yes
Fedratinib (hydrochloride hydrate),48,144,144,0.05871527145306269,0.015376750235090084,0.2075358437350996,0.07409202168815278,JAK/STAT inhibitor,"JAK2, FLT3, RET",yes
5-Azacytidine,48,142,141,0.043731417454464336,0.011411239670677083,0.20694033014731728,0.05514265712514142,DNA methyltransferase inhibitor,DNMT1,yes
Artemether,48,144,144,0.059158975879351296,0.01518085237896432,0.20420887073096242,0.07433982825831562,unclear,,yes
Artesunate,48,144,144,0.054971449077129364,0.014100053584115813,0.2041370614632235,0.06907150266124518,JAK/STAT inhibitor,,yes
Volasertib,48,142,140,0.05246281151620435,0.013332480248313265,0.20263577971552163,0.06579529176451761,unclear,"PLK1, PLK2, PLK3",no
Pyridoxine (hydrochloride),48,144,144,0.04823953782518705,0.012257231088976065,0.2026096816239467,0.06049676891416311,unclear,,yes
Pitavastatin (Calcium),47,140,139,0.07565940687698977,0.019117760827527013,0.20171272565487225,0.09477716770451679,unclear,HMGCR,yes
ULK-101,48,141,138,0.09605221703965613,0.024219566362908285,0.20137363625716287,0.12027178340256442,unclear,"ULK1, ULK2",no
Acetazolamide,48,144,144,0.04637657602628072,0.01162737522088264,0.2004583303529907,0.058003951247163364,unclear,,yes
γ-Oryzanol,48,143,142,0.02821068831725971,0.007072340656968279,0.20044596120514976,0.03528302897422799,DNA methyltransferase inhibitor,,no
Rimonabant,48,144,144,0.05476338416337967,0.013642228035476163,0.19943141501048284,0.06840561219885583,unclear,CNR1,no
Verteporfin,48,143,142,0.07944404365091057,0.01971892880562375,0.19885374870410488,0.09916297245653431,unclear,YAP1,yes
Indacaterol (maleate),48,144,144,0.050004358092943825,0.012336749563675968,0.19789108707576789,0.06234110765661979,Adrenoceptor agonist,ADRB2,yes
Pyridoxine,48,140,137,0.05446083048092468,0.013396158746397378,0.1974175232196056,0.06785698922732206,unclear,,yes
LB-100,48,144,144,0.0399096334973971,0.00975650333708068,0.1964417600989615,0.049666136834477785,unclear,"PPP2CA, PPP2CB",no
Cepharanthine,48,142,140,0.0744296329122194,0.018147167459600107,0.1960228414323566,0.0925768003718195,unclear,"CYP3A4, CYP2E1, CYP2C9",no
Lapatinib ditosylate,48,143,142,0.0378484959629449,0.009184781823804911,0.19528262234771235,0.04703327778674981,EGFR/ERBB inhibitor,"EGFR, ERBB2",yes
Tubulin inhibitor 6,48,143,142,0.051800317853897604,0.01247134272576454,0.19404108456645228,0.06427166057966215,Microtubule inhibitor,,no
Entrectinib,48,142,141,0.04154262017511146,0.009956584120473119,0.1933347176264386,0.05149920429558458,Other TK inhibitor,"NTRK1, NTRK2, NTRK3, ROS1, ALK",yes
Pentagastrin,48,144,144,0.048644075791041054,0.011618745372187631,0.1928012188595841,0.06026282116322869,unclear,CCKBR,yes
Aspirin,48,144,144,0.038618666430314384,0.009211141879657388,0.19258161813993738,0.04782980830997177,Cyclooxygenase inhibitor,"PTGS1, PTGS2",yes
Aprepitant,48,144,144,0.054635435342788696,0.013002597440491728,0.19223795999735024,0.06763803278328043,unclear,TACR1,yes
LJI308,48,142,140,0.07878027483820915,0.018631972538839494,0.19126930176163232,0.09741224737704865,Other MAPK inhibitor,"RPS6KA1, RPS6KA3, RPS6KA2",no
Osimertinib (mesylate),48,143,142,0.04651087126531801,0.010961345081981768,0.19072424518559158,0.05747221634729978,EGFR/ERBB inhibitor,EGFR,yes
Omeprazole (sodium),48,143,142,0.03159336935911145,0.0073143172382809955,0.18799157384934817,0.038907686597392445,unclear,,yes
AT7519,48,143,142,0.04682804894197237,0.010725543718673552,0.18635750129300752,0.05755359266064593,CDK inhibitor,"CDK2, CDK4, CDK5, CDK6, CDK9, CDK1, CDK7, GSK3B",no
DT-061,48,140,137,0.053550702147185804,0.012224852192864828,0.18585707586231828,0.06577555434005063,unclear,,no
ETC-206,48,144,144,0.05080370853344599,0.011406505332817889,0.18335422150033065,0.06221021386626388,Protein synthesis inhibitor,,no
Gallic acid,48,143,142,0.04488503669837972,0.009961413147426407,0.18162366343549424,0.054846449845806125,Cyclooxygenase inhibitor,,no
8-Hydroxyquinoline,48,144,144,0.06371370702981949,0.014136370710382885,0.18158454199054389,0.07785007774020238,unclear,,no
Zileuton,48,143,142,0.03532428471566914,0.007802555435107575,0.18092110175076323,0.04312684015077672,unclear,ALOX5,yes
Pioglitazone,48,143,142,0.05555966264613858,0.012266046284783212,0.18084656213878675,0.0678257089309218,unclear,PPARG,yes
AZD-7648,47,139,137,0.08229845853375016,0.017904701507582336,0.1786840005863775,0.10020316004133249,DNA synthesis/repair inhibitor,PRKDC,no
L-Eflornithine (monohydrochloride),48,143,142,0.046390218230394215,0.0100571795708572,0.1781690558397049,0.056447397801251416,unclear,ODC1,yes
MK-3903,48,142,141,0.0774229866203288,0.01674548596748917,0.17782475925658622,0.09416847258781796,unclear,PRKAA1,no
Demeclocycline,48,144,144,0.047424973299105964,0.010253155507358416,0.17776505097386716,0.05767812880646438,unclear,,yes
CP21R7,48,140,137,0.052281855046749114,0.011260638892545236,0.17721430486035292,0.06354249393929434,GSK3 inhibitor,"GSK3B, PRKCA",no
AZD1390,48,142,140,0.06832859255898167,0.014685150907774057,0.17690023717163142,0.08301374346675573,unclear,ATM,no
Celecoxib,48,142,140,0.06894835987141434,0.014359362903633155,0.17236532731073645,0.0833077227750475,Cyclooxygenase inhibitor,PTGS2,yes
Palmatine (chloride),48,144,144,0.05413935954372088,0.011193739417598813,0.17133336081648354,0.0653330989613197,unclear,"IDO1, WNV NS2B-NS3",no
S-Adenosyl-L-methionine (disulfate tosylate),48,144,144,0.06952828417221706,0.01433358566040018,0.17091898486176224,0.08386186983261723,unclear,,yes
Pimitespib,48,142,140,0.07765909934967337,0.0160025402163488,0.17085479488183203,0.09366163956602216,unclear,"HSP90AA1, HSP90AB1",no
Oleic acid,48,144,144,0.06313016513983409,0.012968680771033783,0.1704188889569177,0.07609884591086788,unclear,,yes
Tucatinib,48,144,144,0.06034717708826065,0.012210098828493048,0.1682822111803359,0.0725572759167537,EGFR/ERBB inhibitor,ERBB2,yes
APTO-253,48,143,142,0.04598892409797315,0.009249615844324375,0.16744859393435405,0.05523853994229753,unclear,"MYC, KLF4",no
Idarubicin (hydrochloride),48,142,140,0.3957702643434766,0.07945704064997179,0.16719796992949976,0.4752273049934484,DNA synthesis/repair inhibitor,TOP2A,yes
Bentamapimod,48,143,142,0.06067853118781443,0.012176850950273663,0.16713728749914444,0.07285538213808809,Other MAPK inhibitor,"MAPK8, MAPK9, MAPK10",no
Asciminib,48,143,142,0.05547846145146377,0.010948629491523065,0.16482175172957783,0.06642709094298684,Other TK inhibitor,ABL1,yes
Paclitaxel,48,144,144,0.056578525652488075,0.011128848249629501,0.16436685708292464,0.06770737390211758,Microtubule inhibitor,,yes
GSK1059615,48,143,142,0.12267782158784933,0.024114427958946333,0.1642758935393175,0.14679224954679565,PI3K/AKT inhibitor,"PIK3CA, PIK3CB, PIK3CD, PIK3CG, MTOR",no
Ranolazine,48,144,144,0.03441135212779045,0.006755200951172608,0.16409440300272923,0.04116655307896306,unclear,,yes
Vitamin K4,48,144,144,0.062059120585521065,0.012171728333871416,0.16397129375535952,0.07423084891939248,unclear,,no
Clonidine (hydrochloride),48,144,144,0.0497125027080377,0.009724152015729083,0.16360530485644428,0.05943665472376678,Adrenoceptor agonist,"ADRA2A, ADRA2B, ADRA2C",yes
MK-8353,48,143,142,0.059727215266727904,0.011676337514664981,0.16352600199618816,0.07140355278139289,Other MAPK inhibitor,"MAPK3, MAPK1",no
Dihydroartemisinin,48,143,142,0.053902682359818814,0.010457582427732913,0.1624850746380952,0.06436026478755173,unclear,,yes
Cytarabine (hydrochloride),47,141,141,0.050332143902778625,0.009751389930588243,0.16229721037434874,0.06008353383336687,DNA synthesis/repair inhibitor,,yes
Imiquimod (maleate),47,140,139,0.036572299817843094,0.007023837900181487,0.16111147151637517,0.043596137718024584,unclear,TLR7,yes
LY2090314,48,144,144,0.036852542931834854,0.007038413108653508,0.16036135330842963,0.043890956040488364,GSK3 inhibitor,"GSK3B, GSK3A",no
Anastrozole,48,144,144,0.05053639536102613,0.009613384613557072,0.15982410272521844,0.060149779974583206,unclear,CYP19A1,yes
Piroxicam,48,144,144,0.049174526085456215,0.009338885498032646,0.1596024782234346,0.05851341158348886,Cyclooxygenase inhibitor,"PTGS1, PTGS2",yes
Cabozantinib (S-malate),48,142,140,0.04498281993601524,0.008470404457953658,0.15846386357395068,0.05345322439396889,Multi-TK inhibitor,"MET, KDR, AXL",yes
Talc,48,143,142,0.040324075447095854,0.007579498287412488,0.15822406756998253,0.04790357373450834,unclear,,yes
Phenylephrine (hydrochloride),48,144,144,0.05885010709365209,0.011019169271498363,0.15771122651836317,0.06986927636515046,Adrenoceptor agonist,"ADRA1A, ADRA1B, ADRA1D",yes
Diammonium Glycyrrhizinate,48,144,144,0.05658942088484764,0.010582435318358167,0.15754269595207515,0.06717185620320582,unclear,,no
Anethole trithione,48,144,144,0.0623818909128507,0.01160452923492509,0.15684674581831287,0.07398642014777579,unclear,,no
Vismodegib,48,141,139,0.032691095024347305,0.006064003120195757,0.1564698171471307,0.03875509814454306,Sonic inhibitor,"SMO, ABCB1, ABCG2",yes
IQ 1,48,141,138,0.09330213482075549,0.017240697231170707,0.15596395452463252,0.1105428320519262,unclear,,no
Voriconazole,48,143,142,0.03635472666237738,0.006629749995649753,0.15423591284812538,0.04298447665802713,unclear,,yes
Sunitinib,48,142,141,0.07721568906391171,0.014043101925916427,0.1538821824571585,0.09125879098982814,Multi-TK inhibitor,"KDR, PDGFRB",yes
TAK-733,48,141,139,0.09739167153412569,0.01761255448071869,0.1531470198186049,0.11500422601484438,MEK inhibitor,MAP2K1,no
Simotinib,47,141,141,0.03801748032371203,0.006837425406808397,0.1524342832841144,0.04485490573052042,EGFR/ERBB inhibitor,EGFR,no
SBI-0640756,48,95,48,0.07528400860334697,0.013519925169627337,0.15224466524411842,0.08880393377297431,Protein synthesis inhibitor,,no
Brivudine,48,144,144,0.12828443323572478,0.022935556569589406,0.15167013699126308,0.15121998980531418,unclear,,yes
Allopurinol,48,144,144,0.0490038717786471,0.008758031973305455,0.15162297993007895,0.05776190375195256,unclear,XDH,yes
Dexmedetomidine,48,142,141,0.037803790099184276,0.006690568967743849,0.15036892559076845,0.04449435906692813,Adrenoceptor agonist,"ADRA2A, ADRA2B, ADRA2C",yes
LY-2584702 (tosylate salt),47,136,131,0.11396130527753164,0.019897819849380775,0.14864746673426682,0.13385912512691242,MTOR inhibitor,RPS6KB1,no
Tirabrutinib (hydrochloride),48,144,144,0.06481121480464935,0.01130935714354564,0.1485716259625899,0.07612057194819499,Other TK inhibitor,BTK,no
Cyclosporin A,48,143,142,0.06580422860342305,0.011467308960330318,0.14840275374188253,0.07727153756375338,unclear,"PPP3CA, PPP3CB, PPP3CC",yes
Tomivosertib,48,144,144,0.07326693584521611,0.012726643858614908,0.14799527944349472,0.08599357970383102,Protein synthesis inhibitor,,no
Menadione,47,141,141,0.04987505947550138,0.008540965162858728,0.1462092844512073,0.05841602463836011,unclear,,no
Flutamide,48,143,142,0.04459031856247595,0.007622651279737345,0.14599152859476996,0.0522129698422133,Androgen receptor antagonist,AR,yes
Crizotinib (hydrochloride),48,143,142,0.06541755243198022,0.011022006453369076,0.14419243928266043,0.0764395588853493,Multi-TK inhibitor,"ALK, MET, ROS1",yes
Adagrasib,48,715,4879,0.02493872784755447,0.004160534717961057,0.14297732489247186,0.029099262565515524,RAS inhibitor,KRAS,yes
Loperamide (hydrochloride),48,144,144,0.06174847980340322,0.010295307336491533,0.14290347225223024,0.07204378713989476,unclear,,yes
Oxaliplatin,48,144,144,0.07815759877363841,0.012994595933479205,0.14255933140427743,0.09115219470711762,DNA synthesis/repair inhibitor,,yes
Pemigatinib,48,109,75,0.0765203145597506,0.012707372818840667,0.1424151313585383,0.08922768737859127,Other TK inhibitor,"FGFR1, FGFR2, FGFR3, FGFR4",yes
Estrone sulfate (potassium),48,143,142,0.05728111202483411,0.00942630394909967,0.14130818607608844,0.06670741597393379,unclear,,no
Clopidogrel,48,144,144,0.05039647842446963,0.008142412068486414,0.13909406208281633,0.05853889049295604,unclear,P2RY12,yes
Vortioxetine,48,143,142,0.06042389868647902,0.00973524533452599,0.13875946564586572,0.07015914402100501,unclear,"SLC6A4, HTR3A, HTR7",yes
Riluzole hydrochloride,48,144,144,0.07765175650517146,0.012494848757645135,0.13860587119412,0.09014660526281659,unclear,,yes
Docetaxel (Trihydrate),48,142,141,0.05966947269691548,0.009591359696937196,0.13848172719605503,0.06926083239385267,Microtubule inhibitor,"TUBB1, TUBB3, TUBB4B, TUBB4A, TUBB2A, TUBB2B",yes
Methyl aminolevulinate (hydrochloride),48,144,144,0.03973719601829847,0.006384163189320841,0.1384209680504422,0.04612135920761931,unclear,,yes
Pentoxifylline,48,144,144,0.0653706615169843,0.010422899058842935,0.13751694708174325,0.07579356057582723,unclear,,yes
XRK3F2,48,141,138,0.09682150407040373,0.015326278134033191,0.13666144646618644,0.11214778220443691,unclear,,no
Carbamazepine,47,141,141,0.05884920060634613,0.009292312279259597,0.13636785985159,0.06814151288560573,HDAC inhibitor,,yes
Altretamine,48,142,141,0.026827743880345787,0.00420325067246893,0.1354533018693617,0.031030994552814717,DNA synthesis/repair inhibitor,,yes
Torkinib,48,139,135,0.0708630914471561,0.011006600837033517,0.13444048133009864,0.08186969228418962,MTOR inhibitor,"MTOR, PDGFRA, PRKDC, PIK3CD, PIK3CG, PIK3CA, PIK3CB, HCK, SRC, KDR, ABL1, EPHB4, EGFR",no
Citalopram (hydrobromide),48,143,142,0.05318485914202003,0.008226422133075046,0.1339562041740239,0.06141128127509508,unclear,SLC6A4,yes
Fulvestrant,48,143,142,0.04456407300658993,0.006810128717762369,0.13255930971544896,0.0513742017243523,unclear,ESR1,yes
Bicalutamide,48,144,144,0.05210499589641889,0.007876718672276992,0.13131866484503274,0.05998171456869589,Androgen receptor antagonist,AR,yes
Lonafarnib,48,130,116,0.09838505708254301,0.014700395570579186,0.12999369260758156,0.1130854526531222,RAS inhibitor,"HRAS, KRAS, NRAS",yes
Valdecoxib,48,141,138,0.04271003471832749,0.006335442507406697,0.12917485700562187,0.049045477225734185,Cyclooxygenase inhibitor,PTGS2,no
Minodronic acid,48,143,142,0.06737297189819229,0.009868715846301121,0.12776411461833528,0.07724168774449341,unclear,"P2RX2, P2RX3",no
Pexidartinib (hydrochloride),48,142,141,0.03963590817342342,0.005789858786305016,0.12745759012584054,0.045425766959728435,Multi-TK inhibitor,"CSF1R, KIT, FLT3",yes
Abemaciclib,48,144,144,0.08005204051733017,0.011639617257969803,0.12694303429973866,0.09169165777529997,CDK inhibitor,"CDK4, CDK6",yes
Pimozide,48,140,137,0.05422388850046056,0.00778592313942854,0.12555953539488068,0.0620098116398891,unclear,"DRD2, DRD3",yes
OTS514,48,140,136,0.08786706711564746,0.01257952610424528,0.12523596571072151,0.10044659321989274,Other MAPK inhibitor,MAP3K8,no
Penfluridol,48,141,139,0.04824844713435105,0.00687224775676912,0.12467636284963136,0.05512069489112017,unclear,DRD2,yes
TAK-901,48,142,141,0.21868880229516768,0.031127367131511107,0.12460109048564613,0.24981616942667878,unclear,AURKB,no
NG25,48,143,142,0.12679953550125336,0.017854562034776342,0.12342935553781474,0.1446540975360297,Other MAPK inhibitor,"MAP4K2, MAP3K7, LYN, ABL1, ABL2, FER, SRC, EPHA2, EPHB2, EPHB4, ZAK, ZKSCAN1, RAF1",no
NVP-BHG712,48,142,141,0.08108156410531259,0.011413356114231736,0.12339441006210065,0.09249492021954432,unclear,EPHB4,no
Tirabrutinib,48,144,144,0.03909807155529658,0.005435410921184787,0.12205223169006127,0.04453348247648137,Other TK inhibitor,BTK,no
Infigratinib,48,144,144,0.08966840306917827,0.012435120307903466,0.12178933592701725,0.10210352337708173,Other TK inhibitor,"FGFR1, FGFR2, FGFR3, FGFR4",yes
Lopinavir,48,142,141,0.057015414940009654,0.007760590314906395,0.11980655930179362,0.06477600525491604,unclear,,yes
Imiquimod (hydrochloride),48,142,141,0.0618857207485068,0.00840693227476401,0.11959901800805334,0.07029265302327081,unclear,TLR7,yes
Auranofin,48,143,142,0.14241459728641945,0.01932894078089075,0.1195036352725692,0.1617435380673102,unclear,"TXNRD1, TXNRD2",yes
Niclosamide (olamine),48,142,140,0.0932889249123318,0.012573753639506842,0.11877418757498893,0.10586267855183865,unclear,STAT3,yes
Dabrafenib,48,144,144,0.07518710568547249,0.0101217300708514,0.11864808587662717,0.08530883575632389,RAF inhibitor,"BRAF, RAF1",yes
Cinacalcet,48,143,142,0.04943843352627921,0.006628714024232132,0.11822813026577231,0.05606714755051134,unclear,CASR,yes
AZD2858,48,136,131,0.11579822798204772,0.015493074305491515,0.11800533649639905,0.13129130228753924,GSK3 inhibitor,"GSK3B, GSK3A",no
olaparib,48,144,144,0.051436168452103935,0.006855345442697096,0.11760451881673498,0.05829151389480103,DNA synthesis/repair inhibitor,"PARP1, PARP2",yes
Benztropine (mesylate),48,144,144,0.03428474192818006,0.004500229572461952,0.11603024053756127,0.038784971500642015,unclear,,yes
Doxycycline (monohydrate),47,141,141,0.041303848226865135,0.005377511969082332,0.11519612852988736,0.046681360195947465,unclear,"MMP7, MMP8, MMP9, MMP13, MMP14",yes
Ivermectin,48,143,142,0.03413815366534086,0.004373200885618669,0.1135561430287242,0.03851135455095953,unclear,,yes
Fingolimod (hydrochloride),48,143,142,0.04528428207744251,0.005767950459159411,0.11298135600679315,0.051052232536601926,unclear,PAK1,yes
Procainamide (hydrochloride),47,141,141,0.02826004847884178,0.0035802486505572425,0.11244394598477224,0.03184029712939902,DNA methyltransferase inhibitor,DNMT1,yes
Clofarabine,48,142,141,0.04189956508262057,0.005253450753574312,0.1114128261026676,0.047153015836194884,DNA synthesis/repair inhibitor,,yes
ML264,48,143,142,0.07073368093037939,0.008853003824056736,0.11123724843386285,0.07958668475443613,unclear,KLF5,no
Methotrexate,48,143,142,0.05685998864107199,0.0070665313988927305,0.11054146846214954,0.06392652003996471,DNA synthesis/repair inhibitor,DHFR,yes
Ataluren,48,144,144,0.04061853513121605,0.005038452600489209,0.11035446819436999,0.04565698773170526,unclear,CFTR,yes
BI-78D3,48,143,142,0.07621651835791715,0.009333976914181414,0.10910488460054066,0.08555049527209857,Other MAPK inhibitor,,no
Pemetrexed,47,140,139,0.06423823508833136,0.007794436028842997,0.10820695537118033,0.07203267111717436,DNA synthesis/repair inhibitor,"TYMS, DHFR, GART",yes
Sapanisertib,48,144,144,0.08886684477329254,0.010726596642143704,0.1077038456518399,0.09959344141543625,MTOR inhibitor,MTOR,no
Mozavaptan,47,141,141,0.045611334343751274,0.00546972656570204,0.10707934542310545,0.051081060909453316,unclear,AVPR2,no
Gefitinib,48,144,144,0.03144899196922779,0.0037604335434069627,0.10680190002127546,0.03520942551263476,EGFR/ERBB inhibitor,EGFR,yes
Pentamidine (isethionate),48,189,279,0.0480517242399473,0.005619292412566341,0.10469882560540551,0.05367101665251364,unclear,PRLR,yes
Temuterkib,48,143,142,0.08085668008852671,0.009107421544990437,0.10123395198332491,0.08996410163351715,Other MAPK inhibitor,,no
Glycyrrhizic acid,47,141,141,0.060519798348347344,0.006743031115373479,0.10024899590360573,0.06726282946372082,unclear,,no
Bosentan (hydrate),48,141,139,0.06531505429364265,0.007269391987268417,0.10015082238328227,0.07258444628091107,unclear,"EDNRA, EDNRB",yes
Delamanid,48,144,144,0.06483381738265355,0.007194874285902288,0.09988900421806793,0.07202869166855584,unclear,,yes
Ferulic acid,47,141,141,0.07286673039197922,0.008055943531600976,0.09955112876285642,0.0809226739235802,Other TK inhibitor,"FGFR1, FGFR2",no
Ipatasertib,48,143,142,0.10191046045376705,0.011248111238696573,0.09940131861390133,0.11315857169246361,PI3K/AKT inhibitor,"AKT1, AKT2, AKT3",no
Meloxicam,48,144,144,0.05998750030994415,0.006603992951568216,0.09917172041229928,0.06659149326151237,Cyclooxygenase inhibitor,"PTGS1, PTGS2",yes
Mifepristone,48,142,141,0.04697667222312638,0.005140592412530206,0.09863511541649894,0.052117264635656586,unclear,"NR3C1, PGR",yes
Silodosin,47,140,139,0.03694929126650095,0.004022803301883195,0.09818397971255698,0.040972094568384146,unclear,"ADRA1A, ADRA1B, ADRA1D",yes
Hydroxyurea,47,139,137,0.042363127211122203,0.004588317157927753,0.09772472859114718,0.04695144436904996,DNA synthesis/repair inhibitor,"RRM2, RRM1",yes
Rosiglitazone,48,143,142,0.03684026232132545,0.003988099533953445,0.09767963623154291,0.0408283618552789,unclear,"PPARG, TRPC5, TRPM3",yes
Phenytoin (sodium),47,141,141,0.05630972981452942,0.00607823959328003,0.09742646941349534,0.06238796940780945,unclear,,yes
Bestatin,48,142,141,0.029988863387368093,0.003232142082106938,0.0972921209466937,0.03322100546947503,unclear,ANPEP,no
Bestatin (hydrochloride),48,143,142,0.06632478618538463,0.0071472814111908055,0.09727889312215221,0.07347206759657544,unclear,,no
Decitabine,47,141,141,0.076047882437706,0.008014867218843012,0.09534386219328961,0.084062749656549,DNA methyltransferase inhibitor,"DNMT1, DNMT3A, DNMT3B",yes
BAY1125976,48,144,144,0.10188095395763715,0.01071674427652801,0.09517729442604417,0.11259769823416516,PI3K/AKT inhibitor,"AKT1, AKT2, AKT3",no
Terfenadine,48,189,279,0.03285348595726111,0.003380256478336104,0.09329029382886017,0.03623374243559722,unclear,HRH1,no
Lactate (calcium),48,144,144,0.054987143725156784,0.005655742961910922,0.09326308938913073,0.06064288668706771,unclear,,yes
Canagliflozin (hemihydrate),48,140,137,0.03791705673294408,0.003840777620702496,0.0919774140625924,0.04175783435364657,Glucose transporter inhibitor,SLC5A2,yes
Fluvoxamine,48,142,141,0.06729073728054343,0.00673751167995122,0.09101271169532471,0.07402824896049465,unclear,SLC6A4,yes
Belzutifan,48,103,65,0.10687481763872128,0.010640435782261193,0.09054514603430479,0.11751525342098247,unclear,EPAS1,yes
Dapagliflozin,48,144,144,0.05113880832990011,0.005091276503864922,0.09054363903089317,0.05623008483376503,Glucose transporter inhibitor,SLC5A2,yes
Bisoprolol (hemifumarate),47,141,141,0.07379926989475886,0.007328439965854062,0.09033214395482377,0.08112770986061292,Adrenoceptor agonist,ADRB1,yes
Roxadustat,47,141,141,0.05751527970035871,0.005689140984147943,0.09001175744567066,0.06320442068450666,unclear,,yes
ERK5-IN-2,48,143,142,0.08679261220085037,0.008412528753569218,0.0883621269737608,0.09520514095441959,Other MAPK inhibitor,MAPK7,no
Hesperidin,48,143,142,0.054525406679490226,0.005194734092942205,0.08698462571843367,0.05972014077243243,unclear,,no
Encorafenib,48,96,48,0.07342591229826212,0.006991032909657709,0.08693482314681608,0.08041694520791982,RAF inhibitor,BRAF,yes
Fenofibrate,48,143,142,0.04057584260101919,0.0038598265556161926,0.08686324812641696,0.04443566915663538,unclear,"CYP2C19, CYP2B6, CYP2C9, CYP2C8, CYP3A4, PPARA",yes
Monocrotaline,48,142,141,0.05432850878003617,0.00503821665887512,0.08486600232076931,0.05936672543891129,unclear,"SLC22A1, SLC22A2",no
Dimethyl fumarate,48,143,142,0.030684091294041045,0.0028252746690758243,0.08431298497815659,0.03350936596311687,unclear,NFE2L2,yes
Canagliflozin,48,141,139,0.04939834110385983,0.004545999798825741,0.0842720426787052,0.05394434090268557,Glucose transporter inhibitor,SLC5A2,yes
Sacubitril/Valsartan,48,143,142,0.04836674495697855,0.0044077029073583025,0.08351964038901628,0.052774447864336854,unclear,AGTR1,yes
Malotilate,48,192,288,0.04549972899258137,0.004125474297249336,0.08313264276530907,0.0496252032898307,unclear,ALOX5,no
Abiraterone acetate,48,144,144,0.05212876697381338,0.004671848766368687,0.08224996693237806,0.05680061574018207,unclear,CYP17A1,yes
Filgotinib,48,144,144,0.05240722869833311,0.004694253422637,0.08220895935226644,0.057101482120970104,JAK/STAT inhibitor,"JAK1, JAK2, TYK2, JAK3",yes
Epirubicin (hydrochloride),48,141,138,0.1125326562435069,0.010060347327743184,0.08206298104031842,0.12259300357125008,DNA synthesis/repair inhibitor,TOP2A,yes
"Dapagliflozin ((2S)-1,2-propanediol, hydrate)",47,140,139,0.06646857062088592,0.005938668598443112,0.08201760849428702,0.07240723921932903,Glucose transporter inhibitor,SLC5A2,yes
Dorzolamide (hydrochloride),48,143,142,0.05197757834216932,0.004581785966436169,0.08100844170448096,0.05655936430860549,unclear,CA2,yes
Drospirenone,48,143,142,0.064867589596685,0.005654069486616875,0.0801749357589298,0.07052165908330187,unclear,,yes
Bendamustine,48,143,142,0.039468447514972485,0.003411991313557119,0.07956987863862582,0.042880438828529606,DNA synthesis/repair inhibitor,,yes
Futibatinib,48,141,138,0.09771241596404542,0.00840924833191557,0.07924157981977321,0.106121664295961,Other TK inhibitor,"FGFR1, FGFR2, FGFR3, FGFR4",yes
Finasteride,47,141,141,0.04297111555933952,0.003669496952047892,0.0786760026179325,0.046640612511387416,unclear,SRD5A2,yes
Arbutin,48,142,141,0.05080830227111427,0.004319595317127173,0.07835588705723698,0.055127897588241444,unclear,"MYC, KLF4",no
Doxorubicin (hydrochloride),48,142,141,0.1353788965079986,0.011026041628049805,0.07531195168979708,0.14640493813604838,DNA synthesis/repair inhibitor,"TOP2A, TOP2B, TOP1",yes
9-ING-41,48,143,142,0.08269469294097874,0.0066920521863901,0.07486626990225978,0.08938674512736884,GSK3 inhibitor,GSK3B,no
Captopril,48,190,283,0.024025897818960643,0.0019413209338060044,0.0747604490218718,0.025967218752766648,unclear,ACE,yes
Rutin (trihydrate),48,143,142,0.05639747306183501,0.004535878157044018,0.07443999166812054,0.06093335121887903,unclear,,no
Perindopril (erbumine),48,144,144,0.026570910587906837,0.0020867651167261808,0.07281697016303448,0.02865767570463302,unclear,"STAT3, ACE",yes
Mebendazole,48,144,144,0.07025863106052081,0.005511586122035321,0.07274079878583482,0.07577021718255614,Microtubule inhibitor,"TUBA1A, TUBA1B, TUBA1C, TUBB, TUBB1, TUBB2A, TUBB3, TUBB4A, TUBB4B, TUBB6",yes
Uridine,48,144,144,0.040272957334915795,0.0031576374222923834,0.07270536910545786,0.04343059475720818,unclear,,no
Sulfatinib,48,142,141,0.03332040018179047,0.002574883117586391,0.07173318834430513,0.035895283299376864,Multi-TK inhibitor,"FLT1, KDR, FLT4, FGFR1, CSF1R",no
Tadalafil,48,142,141,0.06137988614049596,0.0047141105882577425,0.07132433839043212,0.0660939967287537,unclear,PDE5A,yes
Diphenhydramine,48,144,144,0.05494230054318905,0.004102854910545122,0.06948673229863851,0.05904515545373417,unclear,HRH1,yes
Thymopentin,47,141,141,0.04708551988005638,0.0035084701959531488,0.06934559204921815,0.05059399007600953,unclear,,no
crizotinib,48,143,142,0.05061290142211047,0.0037681328508049673,0.06929130534543164,0.05438103427291544,Multi-TK inhibitor,"ALK, MET, ROS1",yes
Apalutamide,48,142,141,0.03279523624920509,0.0024348280195909764,0.06911222190836448,0.03523006426879607,Androgen receptor antagonist,AR,yes
Omeprazole,48,143,142,0.045824595108315665,0.003372853073889134,0.06855748008306513,0.0491974481822048,unclear,,yes
Pralsetinib,48,189,280,0.07460029139405205,0.005395507867043696,0.06744738994898307,0.07999579926109575,Other TK inhibitor,RET,yes
Orlistat,48,142,140,0.05164715196465103,0.003729170542958725,0.06734232924994733,0.05537632250760975,unclear,,yes
PH-797804,48,143,142,0.18869077930083641,0.013574520620442829,0.06711245391931277,0.20226529992127923,Other MAPK inhibitor,MAPK14,no
Erlotinib,48,143,142,0.047098567461842426,0.0033739975073151817,0.06684814828366537,0.050472564969157606,EGFR/ERBB inhibitor,EGFR,yes
Cilostazol,48,143,142,0.05105002083770045,0.0036246542271661563,0.06629493861400783,0.05467467506486661,unclear,PDE3A,yes
Eplerenone,48,143,142,0.041157524798299885,0.0028673435892517477,0.06513008884002731,0.04402486838755163,unclear,NR3C2,yes
Methylthiouracil,48,144,144,0.037469026943047844,0.0024932226591166304,0.062389447139171814,0.039962249602164476,unclear,,no
Esmolol (hydrochloride),48,143,142,0.025757032127438725,0.001674418623506298,0.061040104612353166,0.027431450750945024,unclear,ADRB1,yes
Ligustrazine,48,141,139,0.0511165384916549,0.0033024114156642295,0.06068495296746012,0.05441894990731913,unclear,,no
Brimonidine,48,143,142,0.02751189902737424,0.0017472540597557615,0.059716494682968545,0.029259153087130004,Adrenoceptor agonist,"ADRA2A, ADRA2B, ADRA2C",yes
Rucaparib (phosphate),48,144,144,0.03681794864435991,0.002301958027810574,0.05884364825052521,0.03911990667217048,DNA synthesis/repair inhibitor,"PARP1, PARP2, PARP3",yes
Benproperine (phosphate),48,142,141,0.04383211963298455,0.0027390141931972084,0.0588135604217857,0.046571133826181756,unclear,ARPC2,yes
Erdafitinib,48,96,48,0.05222292244434357,0.0032524532070965506,0.05862877301691815,0.05547537565144012,Other TK inhibitor,"FGFR1, FGFR2, FGFR3, FGFR4",yes
Nevirapine,48,143,142,0.0613161919677591,0.003377415091345541,0.052206319061169446,0.06469360705910464,unclear,,yes
Verapamil,48,142,141,0.0337659141284899,0.0018050015707352077,0.05074374767289245,0.03557091569922511,unclear,"CYP3A4, ABCB1",yes
Levobupivacaine (hydrochloride),48,142,141,0.054347863604485146,0.002840678463860271,0.04967216091057902,0.057188542068345415,unclear,SCN5A,yes
(S)-Crizotinib,48,143,142,0.03218285747237139,0.0015901061494627306,0.047082221366997,0.033772963621834115,unclear,NUDT1,no
Tolmetin,48,143,142,0.048071356268821065,0.0023181894176162476,0.04600536452624148,0.05038954568643731,Cyclooxygenase inhibitor,"PTGS1, PTGS2",yes
Tranilast,48,143,142,0.03605627898986523,0.0014755043424800943,0.039313462123940365,0.037531783332345324,unclear,"PLA2G2A, EGR1",yes
Sildenafil,48,142,141,0.04852939940149516,0.0018555329163244625,0.03682713920542902,0.05038493231781962,unclear,PDE5A,yes
Methylprednisolone succinate,48,144,144,0.07579266155759494,0.0028571763719406184,0.03632781003948714,0.07864983792953556,Glucocorticoid receptor agonist,NR3C1,yes
Rifaximin,48,143,142,0.04695292452832202,0.0017566474803381528,0.03606370181256848,0.04870957200866017,unclear,,yes
Quinidine (15% dihydroquinidine),48,143,142,0.03996544768968662,0.0014595188290449713,0.035232830626067115,0.04142496651873159,unclear,KCNH2,yes
Sonidegib,48,139,135,0.10220600686056151,0.0036933573147204394,0.03487610471964012,0.10589936417528195,Sonic inhibitor,SMO,yes
Lucanthone,48,144,144,0.05904785916209221,0.0017037111191105698,0.02804390258925895,0.06075157028120278,unclear,,no
Hydroxyfasudil,48,143,144,0.06462082863375024,0.0016268859944956501,0.024557616872144878,0.06624771462824589,unclear,"ROCK1, ROCK2, PRKACA",no
Sivelestat (sodium tetrahydrate),48,143,142,0.07410177114334973,0.0017254304353294904,0.02275476872951935,0.07582720157867923,unclear,ELANE,no
Ralimetinib dimesylate,48,142,141,0.07571006797149148,0.0013322813393765274,0.0172928441473239,0.07704234931086801,Other MAPK inhibitor,"MAPKAPK2, MAPK14, MAPK11",no
Tetracycline (hydrochloride),48,143,142,0.03541200433473487,0.0006207723991267389,0.01722799227247373,0.036032776733861606,unclear,,yes
Macitentan,48,143,142,0.0323852369418511,0.0005644403582683596,0.01713037591012502,0.03294967730011946,unclear,"EDNRA, EDNRB",yes
Posaconazole,48,143,142,0.04547147814939906,0.0005773664732317575,0.0125381315853473,0.04604884462263081,unclear,,yes
PF-06260933,48,141,139,0.07915758169817587,0.0007441099423231731,0.009312818377752755,0.07990169164049904,Other MAPK inhibitor,MAP4K4,no
DTP3,48,143,142,0.06841225797062987,0.0003538145700102331,0.005145190890480652,0.0687660725406401,unclear,,no
Cytarabine,48,286,566,0.020206427162552214,-0.002923155101988311,0.0,0.020206427162552214,DNA synthesis/repair inhibitor,,yes
Fumaric acid,48,287,571,0.022590902319197456,-0.012549663544428614,0.0,0.022590902319197456,unclear,,yes
Irinotecan (hydrochloride),48,286,569,0.02041273105602998,-0.01209055748695583,0.0,0.02041273105602998,DNA synthesis/repair inhibitor,TOP1,yes
Daidzin,48,284,564,0.017604349200731853,-0.0065718461874565304,0.0,0.017604349200731853,unclear,ALDH2,no
Flumatinib (mesylate),48,284,565,0.02450267481289699,-0.005608279901928581,0.0,0.02450267481289699,Other TK inhibitor,ABL1,no
Afatinib,48,430,1569,0.019732852067885012,-0.0029950457415284736,0.0,0.019732852067885012,EGFR/ERBB inhibitor,"EGFR, ERBB2",yes
Entecavir (monohydrate),48,143,142,0.02886845125862352,-0.0009335597668223913,0.0,0.02886845125862352,unclear,,yes
Naproxen,48,285,566,0.012004678722536355,-0.008189533593613562,0.0,0.012004678722536355,Cyclooxygenase inhibitor,"PTGS1, PTGS2",yes
Berbamine (dihydrochloride),48,284,563,0.027096603951141447,-0.003637435958439734,0.0,0.027096603951141447,unclear,,no
Pravastatin (sodium),48,286,569,0.02065550894769547,-0.008515698209201679,0.0,0.02065550894769547,unclear,HMGCR,yes
Chlorhexidine (diacetate),48,192,288,0.030810045078396797,-0.00046823904853631067,0.0,0.030810045078396797,unclear,,yes
Regorafenib,48,286,568,0.02068965351274172,-0.006373111344300027,0.0,0.02068965351274172,Multi-TK inhibitor,"BRAF, FLT1, FLT4, KDR, KIT, PDGFRB, RAF1, RET, TEK",yes
Berbamine,48,192,288,0.021996052004396915,-0.001044534078017831,0.0,0.021996052004396915,unclear,CACNA1C,no
Belumosudil,48,285,564,0.017082113524278006,-0.002485792715018993,0.0,0.017082113524278006,unclear,"ROCK2, ROCK1",yes
Almonertinib (mesylate),48,285,566,0.014867957400386794,-0.005394081560093309,0.0,0.014867957400386794,EGFR/ERBB inhibitor,EGFR,yes
Topotecan (hydrochloride),48,283,554,0.02809076562734459,-0.00830228743801368,0.0,0.02809076562734459,DNA synthesis/repair inhibitor,TOP1,yes
