cell_line_id,drug,conc,model,r_hvg,r_de100,rmse_hvg
CVCL_0131,9-ING-41,5.0,scvi_latent_shift,0.595105767250061,0.654113233089447,0.13011756539344788
CVCL_0131,9-ING-41,5.0,additive_shift,0.7927232980728149,0.8364287614822388,0.10277795791625977
CVCL_0131,Abemaciclib,0.05000000074505806,scvi_latent_shift,0.4856199622154236,0.6863164305686951,0.11144566535949707
CVCL_0131,Abemaciclib,0.05000000074505806,additive_shift,0.7100889682769775,0.9001040458679199,0.09056118875741959
CVCL_0131,Afatinib,5.0,scvi_latent_shift,0.7210546135902405,0.7396206855773926,0.10501476377248764
CVCL_0131,Afatinib,5.0,additive_shift,0.8645314574241638,0.8658780455589294,0.07691604644060135
CVCL_0131,Allopurinol,0.5,scvi_latent_shift,0.5278033018112183,0.6776232719421387,0.10487440973520279
CVCL_0131,Allopurinol,0.5,additive_shift,0.8582128286361694,0.9463362693786621,0.062414638698101044
CVCL_0131,Artesunate,0.05000000074505806,scvi_latent_shift,0.4850788712501526,0.640264630317688,0.12466169893741608
CVCL_0131,Artesunate,0.05000000074505806,additive_shift,0.8536211252212524,0.9263659119606018,0.07438705861568451
CVCL_0131,Ataluren,5.0,scvi_latent_shift,0.44093433022499084,0.6262395977973938,0.08649976551532745
CVCL_0131,Ataluren,5.0,additive_shift,0.8481999039649963,0.9552717804908752,0.05005549639463425
CVCL_0131,BAY1125976,0.05000000074505806,scvi_latent_shift,0.3039233684539795,0.5408816933631897,0.11418447643518448
CVCL_0131,BAY1125976,0.05000000074505806,additive_shift,0.7253952622413635,0.8804501891136169,0.08375446498394012
CVCL_0131,Berbamine,5.0,scvi_latent_shift,0.6332513093948364,0.809389054775238,0.10055902600288391
CVCL_0131,Berbamine,5.0,additive_shift,0.7834249138832092,0.890627384185791,0.08162155747413635
CVCL_0131,Chlorhexidine (diacetate),0.05000000074505806,scvi_latent_shift,0.3433345854282379,0.49560949206352234,0.1065886989235878
CVCL_0131,Chlorhexidine (diacetate),0.05000000074505806,additive_shift,0.7332296371459961,0.8453691005706787,0.0758940726518631
CVCL_0131,Clonidine (hydrochloride),5.0,scvi_latent_shift,0.533890426158905,0.6614669561386108,0.10718316584825516
CVCL_0131,Clonidine (hydrochloride),5.0,additive_shift,0.8609559535980225,0.9236265420913696,0.06505139917135239
CVCL_0131,Clopidogrel,0.5,scvi_latent_shift,0.29157912731170654,0.4348531663417816,0.0813019797205925
CVCL_0131,Clopidogrel,0.5,additive_shift,0.787585437297821,0.9170165061950684,0.053094055503606796
CVCL_0131,Cytarabine,5.0,scvi_latent_shift,0.7119042277336121,0.7880709171295166,0.06363802403211594
CVCL_0131,Cytarabine,5.0,additive_shift,0.7959977984428406,0.8971267938613892,0.05605718493461609
CVCL_0131,Dabrafenib,0.5,scvi_latent_shift,0.5885800123214722,0.770892858505249,0.1202312782406807
CVCL_0131,Dabrafenib,0.5,additive_shift,0.8123697638511658,0.8899164199829102,0.0851990357041359
CVCL_0131,Dabrafenib,5.0,scvi_latent_shift,0.6250906586647034,0.7614849209785461,0.1691683679819107
CVCL_0131,Dabrafenib,5.0,additive_shift,0.8369388580322266,0.8767403364181519,0.12138362228870392
CVCL_0131,Dapagliflozin,0.05000000074505806,scvi_latent_shift,0.30135294795036316,0.4526703655719757,0.09917515516281128
CVCL_0131,Dapagliflozin,0.05000000074505806,additive_shift,0.7662250995635986,0.9025476574897766,0.06598898023366928
CVCL_0131,Dexamethasone,0.05000000074505806,scvi_latent_shift,0.43630263209342957,0.6253562569618225,0.15128840506076813
CVCL_0131,Dexamethasone,0.05000000074505806,additive_shift,0.6721433401107788,0.8324142694473267,0.1258370727300644
CVCL_0131,Fumaric acid,0.5,scvi_latent_shift,0.47386816143989563,0.5623422265052795,0.0775248184800148
CVCL_0131,Fumaric acid,0.5,additive_shift,0.8312256336212158,0.8975657820701599,0.04791995882987976
CVCL_0131,Glasdegib,5.0,scvi_latent_shift,0.45623579621315,0.6655592918395996,0.08496049046516418
CVCL_0131,Glasdegib,5.0,additive_shift,0.692020833492279,0.8467521667480469,0.06932736188173294
CVCL_0131,Homoharringtonine,0.05000000074505806,scvi_latent_shift,0.7337561845779419,0.9054253101348877,0.3011314272880554
CVCL_0131,Homoharringtonine,0.05000000074505806,additive_shift,0.65638667345047,0.8095081448554993,0.30400514602661133
CVCL_0131,Omeprazole,0.05000000074505806,scvi_latent_shift,0.3445141613483429,0.4356647729873657,0.10399152338504791
CVCL_0131,Omeprazole,0.05000000074505806,additive_shift,0.8107556700706482,0.9232549071311951,0.06397073715925217
CVCL_0131,PF-06260933,0.05000000074505806,scvi_latent_shift,0.37210455536842346,0.6476225852966309,0.08821169286966324
CVCL_0131,PF-06260933,0.05000000074505806,additive_shift,0.6952376961708069,0.874560534954071,0.06717593967914581
CVCL_0131,PF-06260933,5.0,scvi_latent_shift,0.492066890001297,0.7137558460235596,0.20328013598918915
CVCL_0131,PF-06260933,5.0,additive_shift,0.7209076285362244,0.8722090721130371,0.16424523293972015
CVCL_0131,Panobinostat,0.05000000074505806,scvi_latent_shift,0.45067277550697327,0.6735005378723145,0.2746316194534302
CVCL_0131,Panobinostat,0.05000000074505806,additive_shift,0.7474897503852844,0.8919620513916016,0.20048153400421143
CVCL_0131,Panobinostat,5.0,scvi_latent_shift,0.695930004119873,0.8160872459411621,0.4017917215824127
CVCL_0131,Panobinostat,5.0,additive_shift,0.7761417627334595,0.8871303200721741,0.3314676582813263
CVCL_0131,RMC-6236,5.0,scvi_latent_shift,0.5452275276184082,0.6935060024261475,0.2660917639732361
CVCL_0131,RMC-6236,5.0,additive_shift,0.7015563249588013,0.697288453578949,0.2273668795824051
CVCL_0131,Uridine,5.0,scvi_latent_shift,0.42946577072143555,0.47974973917007446,0.09205043315887451
CVCL_0131,Uridine,5.0,additive_shift,0.8445141911506653,0.932644784450531,0.05430849641561508
CVCL_0131,palbociclib,5.0,scvi_latent_shift,0.4212411642074585,0.5770580768585205,0.1613634079694748
CVCL_0131,palbociclib,5.0,additive_shift,0.7683257460594177,0.883744478225708,0.11438894271850586
CVCL_0428,9-ING-41,0.05000000074505806,scvi_latent_shift,0.4159545600414276,0.5767063498497009,0.10087320953607559
CVCL_0428,9-ING-41,0.05000000074505806,additive_shift,0.6117224097251892,0.7963219285011292,0.08857341855764389
CVCL_0428,9-ING-41,5.0,scvi_latent_shift,0.6104668378829956,0.7723226547241211,0.1576787531375885
CVCL_0428,9-ING-41,5.0,additive_shift,0.758454442024231,0.8862804174423218,0.1291954517364502
CVCL_0428,Adagrasib,0.5,scvi_latent_shift,0.524459719657898,0.723822295665741,0.2024388611316681
CVCL_0428,Adagrasib,0.5,additive_shift,0.48427414894104004,0.5693215131759644,0.19367338716983795
CVCL_0428,Afatinib,0.05000000074505806,scvi_latent_shift,0.15646003186702728,0.34867313504219055,0.08472063392400742
CVCL_0428,Afatinib,0.05000000074505806,additive_shift,0.7462002635002136,0.8468380570411682,0.05772890895605087
CVCL_0428,BAY1125976,5.0,scvi_latent_shift,0.5803823471069336,0.8419540524482727,0.27495086193084717
CVCL_0428,BAY1125976,5.0,additive_shift,0.6682891845703125,0.8930339217185974,0.2492789775133133
CVCL_0428,Berbamine,5.0,scvi_latent_shift,0.5775347352027893,0.6655758619308472,0.11623463779687881
CVCL_0428,Berbamine,5.0,additive_shift,0.7657241821289062,0.8975232243537903,0.09052813053131104
CVCL_0428,Berbamine (dihydrochloride),5.0,scvi_latent_shift,0.7469600439071655,0.3040531575679779,0.0891023650765419
CVCL_0428,Berbamine (dihydrochloride),5.0,additive_shift,0.8958815336227417,0.9377174377441406,0.06030275300145149
CVCL_0428,Binimetinib,0.5,scvi_latent_shift,0.4964248239994049,0.682999849319458,0.19749820232391357
CVCL_0428,Binimetinib,0.5,additive_shift,0.6244986653327942,0.7497850656509399,0.17534348368644714
CVCL_0428,Bortezomib,0.5,scvi_latent_shift,0.6184834837913513,0.7921487092971802,0.2541408836841583
CVCL_0428,Bortezomib,0.5,additive_shift,0.7770138382911682,0.9238602519035339,0.20464986562728882
CVCL_0428,Carbamazepine,0.5,scvi_latent_shift,0.09909399598836899,0.2227187305688858,0.11238938570022583
CVCL_0428,Carbamazepine,0.5,additive_shift,0.8140463829040527,0.9435741305351257,0.06509917974472046
CVCL_0428,Clonidine (hydrochloride),0.05000000074505806,scvi_latent_shift,0.5879742503166199,0.6051637530326843,0.11870992183685303
CVCL_0428,Clonidine (hydrochloride),0.05000000074505806,additive_shift,0.8438906669616699,0.9475767612457275,0.07763350009918213
CVCL_0428,Clonidine (hydrochloride),5.0,scvi_latent_shift,0.5285606384277344,0.6792808175086975,0.11211651563644409
CVCL_0428,Clonidine (hydrochloride),5.0,additive_shift,0.8367169499397278,0.9399257898330688,0.07225208729505539
CVCL_0428,Cytarabine,0.05000000074505806,scvi_latent_shift,0.37276491522789,0.533061683177948,0.08659550547599792
CVCL_0428,Cytarabine,0.05000000074505806,additive_shift,0.7103676199913025,0.8119041323661804,0.06598256528377533
CVCL_0428,Dabrafenib,0.05000000074505806,scvi_latent_shift,0.33266595005989075,0.5179277658462524,0.13888202607631683
CVCL_0428,Dabrafenib,0.05000000074505806,additive_shift,0.6625831127166748,0.8190947771072388,0.11015249043703079
CVCL_0428,Dabrafenib,5.0,scvi_latent_shift,0.5627684593200684,0.8778015375137329,0.24835865199565887
CVCL_0428,Dabrafenib,5.0,additive_shift,0.709592878818512,0.9133403897285461,0.21185679733753204
CVCL_0428,Daidzin,0.5,scvi_latent_shift,0.13956402242183685,0.3973756730556488,0.06444844603538513
CVCL_0428,Daidzin,0.5,additive_shift,0.7294902801513672,0.8579455614089966,0.044804807752370834
CVCL_0428,Dexamethasone,5.0,scvi_latent_shift,0.6785107851028442,0.8130266070365906,0.09556672722101212
CVCL_0428,Dexamethasone,5.0,additive_shift,0.6687760353088379,0.8644955158233643,0.10461343824863434
CVCL_0428,Dinaciclib,0.05000000074505806,scvi_latent_shift,0.7108326554298401,0.8300108909606934,0.3798748552799225
CVCL_0428,Dinaciclib,0.05000000074505806,additive_shift,0.8287776708602905,0.9434264302253723,0.29959923028945923
CVCL_0428,Dinaciclib,0.5,scvi_latent_shift,0.7961867451667786,0.9231752753257751,0.38187745213508606
CVCL_0428,Dinaciclib,0.5,additive_shift,0.8333261609077454,0.9580698013305664,0.34744539856910706
CVCL_0428,Entecavir (monohydrate),5.0,scvi_latent_shift,0.8705288171768188,0.8611326813697815,0.08271429687738419
CVCL_0428,Entecavir (monohydrate),5.0,additive_shift,0.8576732873916626,0.9193869233131409,0.0877254456281662
CVCL_0428,Flumatinib (mesylate),0.05000000074505806,scvi_latent_shift,0.34425556659698486,0.537245512008667,0.09110303968191147
CVCL_0428,Flumatinib (mesylate),0.05000000074505806,additive_shift,0.7187638282775879,0.8301407098770142,0.06706597656011581
CVCL_0428,Flumatinib (mesylate),5.0,scvi_latent_shift,0.4163776934146881,0.612815260887146,0.07304010540246964
CVCL_0428,Flumatinib (mesylate),5.0,additive_shift,0.7535121440887451,0.9003893733024597,0.05326798930764198
CVCL_0428,Glasdegib,0.05000000074505806,scvi_latent_shift,0.7855878472328186,0.9208762645721436,0.09177377820014954
CVCL_0428,Glasdegib,0.05000000074505806,additive_shift,0.7408567070960999,0.9034112691879272,0.09673403203487396
CVCL_0428,Homoharringtonine,5.0,scvi_latent_shift,0.7409299612045288,0.8449432253837585,0.4316425621509552
CVCL_0428,Homoharringtonine,5.0,additive_shift,0.7576462626457214,0.8881729245185852,0.41458821296691895
CVCL_0428,Naproxen,5.0,scvi_latent_shift,0.20221412181854248,0.39313092827796936,0.051649194210767746
CVCL_0428,Naproxen,5.0,additive_shift,0.6247033476829529,0.8134117722511292,0.04221460968255997
CVCL_0428,Panobinostat,0.05000000074505806,scvi_latent_shift,0.2569245398044586,0.4969360828399658,0.24271869659423828
CVCL_0428,Panobinostat,0.05000000074505806,additive_shift,0.7047999501228333,0.8426434397697449,0.17997731268405914
CVCL_0428,Panobinostat,5.0,scvi_latent_shift,0.708690345287323,0.8685364127159119,0.3693997263908386
CVCL_0428,Panobinostat,5.0,additive_shift,0.7981337308883667,0.915651261806488,0.3156784176826477
CVCL_0428,Perindopril (erbumine),5.0,scvi_latent_shift,0.5761163830757141,0.6150825619697571,0.08970779925584793
CVCL_0428,Perindopril (erbumine),5.0,additive_shift,0.6865935325622559,0.7634000778198242,0.0760052427649498
CVCL_0428,Tucidinostat,0.5,scvi_latent_shift,0.26458707451820374,0.20989789068698883,0.21953566372394562
CVCL_0428,Tucidinostat,0.5,additive_shift,0.6814566254615784,0.776208758354187,0.16458240151405334
CVCL_0428,Uridine,0.05000000074505806,scvi_latent_shift,0.3089807629585266,0.48324716091156006,0.09869188815355301
CVCL_0428,Uridine,0.05000000074505806,additive_shift,0.7343833446502686,0.8618067502975464,0.07104193419218063
CVCL_0428,palbociclib,5.0,scvi_latent_shift,0.4898831844329834,0.7276058197021484,0.2011328637599945
CVCL_0428,palbociclib,5.0,additive_shift,0.5876752138137817,0.7661035656929016,0.18711522221565247
CVCL_0459,9-ING-41,5.0,scvi_latent_shift,0.6470335721969604,0.6289551258087158,0.13595625758171082
CVCL_0459,9-ING-41,5.0,additive_shift,0.7970932722091675,0.842100203037262,0.10525649785995483
CVCL_0459,Afatinib,0.5,scvi_latent_shift,0.1959318220615387,0.23226715624332428,0.055761441588401794
CVCL_0459,Afatinib,0.5,additive_shift,0.812400758266449,0.9673363566398621,0.031187232583761215
CVCL_0459,Artesunate,0.05000000074505806,scvi_latent_shift,0.4851231276988983,0.507683277130127,0.11909283697605133
CVCL_0459,Artesunate,0.05000000074505806,additive_shift,0.8396207094192505,0.9298349022865295,0.0745927020907402
CVCL_0459,Ataluren,0.05000000074505806,scvi_latent_shift,0.6423042416572571,0.8191565871238708,0.09648565948009491
CVCL_0459,Ataluren,0.05000000074505806,additive_shift,0.793596088886261,0.9122163653373718,0.07730750739574432
CVCL_0459,BAY1125976,5.0,scvi_latent_shift,0.6369599103927612,0.6658452153205872,0.2059668004512787
CVCL_0459,BAY1125976,5.0,additive_shift,0.825626015663147,0.9033702611923218,0.1496952474117279
CVCL_0459,Belinostat,5.0,scvi_latent_shift,0.6136729121208191,0.6265234351158142,0.3968159854412079
CVCL_0459,Belinostat,5.0,additive_shift,0.7556286454200745,0.7785350680351257,0.31100305914878845
CVCL_0459,Berbamine,0.5,scvi_latent_shift,0.6455394625663757,0.7548224925994873,0.05686620995402336
CVCL_0459,Berbamine,0.5,additive_shift,0.8204460144042969,0.905526876449585,0.04248366877436638
CVCL_0459,Berbamine (dihydrochloride),0.05000000074505806,scvi_latent_shift,0.5117896199226379,0.6548536419868469,0.07863277941942215
CVCL_0459,Berbamine (dihydrochloride),0.05000000074505806,additive_shift,0.8033550381660461,0.9376392960548401,0.05466851219534874
CVCL_0459,Berbamine (dihydrochloride),0.5,scvi_latent_shift,0.2830953001976013,0.4786817729473114,0.06759949773550034
CVCL_0459,Berbamine (dihydrochloride),0.5,additive_shift,0.803358793258667,0.9334437847137451,0.04178282618522644
CVCL_0459,Binimetinib,0.5,scvi_latent_shift,0.5183011293411255,0.7395833134651184,0.19017669558525085
CVCL_0459,Binimetinib,0.5,additive_shift,0.6156757473945618,0.6937485337257385,0.1698760688304901
CVCL_0459,Carbamazepine,0.05000000074505806,scvi_latent_shift,0.6219397187232971,0.7879480719566345,0.10004367679357529
CVCL_0459,Carbamazepine,0.05000000074505806,additive_shift,0.8283367156982422,0.90740567445755,0.07150770723819733
CVCL_0459,Clonidine (hydrochloride),0.05000000074505806,scvi_latent_shift,0.5798041820526123,0.6386802792549133,0.1047385111451149
CVCL_0459,Clonidine (hydrochloride),0.05000000074505806,additive_shift,0.8521386981010437,0.9228618741035461,0.0673847645521164
CVCL_0459,Clopidogrel,0.05000000074505806,scvi_latent_shift,0.8696418404579163,0.9234240055084229,0.09080451726913452
CVCL_0459,Clopidogrel,0.05000000074505806,additive_shift,0.828459620475769,0.8940985798835754,0.10046971589326859
CVCL_0459,Daidzin,0.5,scvi_latent_shift,0.4106595516204834,0.5998573303222656,0.060216549783945084
CVCL_0459,Daidzin,0.5,additive_shift,0.8123083710670471,0.9431972503662109,0.03785477206110954
CVCL_0459,Daidzin,5.0,scvi_latent_shift,0.8235232830047607,0.5025293231010437,0.07096409052610397
CVCL_0459,Daidzin,5.0,additive_shift,0.9068894982337952,0.8878157734870911,0.05250546336174011
CVCL_0459,Dapagliflozin,0.5,scvi_latent_shift,0.038022883236408234,-0.13028907775878906,0.08598378300666809
CVCL_0459,Dapagliflozin,0.5,additive_shift,0.9219871163368225,0.9745264053344727,0.03243361413478851
CVCL_0459,Dexamethasone,0.05000000074505806,scvi_latent_shift,0.4703907072544098,0.44309744238853455,0.17964497208595276
CVCL_0459,Dexamethasone,0.05000000074505806,additive_shift,0.6405009031295776,0.7016947865486145,0.15512242913246155
CVCL_0459,Entecavir (monohydrate),0.5,scvi_latent_shift,0.7956701517105103,0.8334566354751587,0.07343379408121109
CVCL_0459,Entecavir (monohydrate),0.5,additive_shift,0.7841615676879883,0.8754113912582397,0.07322356104850769
CVCL_0459,Esmolol (hydrochloride),5.0,scvi_latent_shift,0.4063379764556885,0.46570339798927307,0.07708632946014404
CVCL_0459,Esmolol (hydrochloride),5.0,additive_shift,0.7378246784210205,0.8914116621017456,0.05494668707251549
CVCL_0459,Everolimus,0.05000000074505806,scvi_latent_shift,0.11562962830066681,0.14491702616214752,0.10618285834789276
CVCL_0459,Everolimus,0.05000000074505806,additive_shift,0.624430239200592,0.8020811676979065,0.07990428060293198
CVCL_0459,Everolimus,5.0,scvi_latent_shift,0.30475500226020813,0.4835417866706848,0.11920768767595291
CVCL_0459,Everolimus,5.0,additive_shift,0.791445255279541,0.9222438931465149,0.07710228860378265
CVCL_0459,Harringtonine,5.0,scvi_latent_shift,0.8376317024230957,0.9372293949127197,0.3996450901031494
CVCL_0459,Harringtonine,5.0,additive_shift,0.7809535264968872,0.8430440425872803,0.40746381878852844
CVCL_0459,Homoharringtonine,0.5,scvi_latent_shift,0.8162297010421753,0.9053321480751038,0.44600242376327515
CVCL_0459,Homoharringtonine,0.5,additive_shift,0.7269366383552551,0.8503785729408264,0.49388131499290466
CVCL_0459,Methylthiouracil,0.05000000074505806,scvi_latent_shift,0.5200761556625366,0.5809152722358704,0.08779346197843552
CVCL_0459,Methylthiouracil,0.05000000074505806,additive_shift,0.8212491273880005,0.8984145522117615,0.05737575516104698
CVCL_0459,Methylthiouracil,0.5,scvi_latent_shift,0.4108876585960388,0.4866430461406708,0.09367701411247253
CVCL_0459,Methylthiouracil,0.5,additive_shift,0.8644527196884155,0.9555912613868713,0.0499611459672451
CVCL_0459,Omeprazole,0.05000000074505806,scvi_latent_shift,0.29609793424606323,0.26012903451919556,0.1007840484380722
CVCL_0459,Omeprazole,0.05000000074505806,additive_shift,0.832880437374115,0.9563429951667786,0.05712614208459854
CVCL_0459,Pravastatin (sodium),0.05000000074505806,scvi_latent_shift,0.3909338414669037,0.5591109991073608,0.06774627417325974
CVCL_0459,Pravastatin (sodium),0.05000000074505806,additive_shift,0.7776672840118408,0.8993525505065918,0.04676229506731033
CVCL_0459,RMC-6236,5.0,scvi_latent_shift,0.5769366025924683,0.7595053911209106,0.29449543356895447
CVCL_0459,RMC-6236,5.0,additive_shift,0.6166289448738098,0.6336029171943665,0.2829221189022064
CVCL_0459,Uridine,0.05000000074505806,scvi_latent_shift,0.3281073272228241,0.49930015206336975,0.09143093228340149
CVCL_0459,Uridine,0.05000000074505806,additive_shift,0.7768962979316711,0.9220572113990784,0.062199562788009644
CVCL_0459,γ-Oryzanol,5.0,scvi_latent_shift,0.5869274139404297,0.7376137375831604,0.07933948189020157
CVCL_0459,γ-Oryzanol,5.0,additive_shift,0.7618377804756165,0.8877695202827454,0.06193958967924118
CVCL_0504,Adagrasib,5.0,scvi_latent_shift,0.5411255955696106,0.6746339797973633,0.11872530728578568
CVCL_0504,Adagrasib,5.0,additive_shift,0.6136748790740967,0.878277063369751,0.11348336189985275
CVCL_0504,Afatinib,5.0,scvi_latent_shift,0.7501850724220276,0.7183643579483032,0.08776985853910446
CVCL_0504,Afatinib,5.0,additive_shift,0.8593153357505798,0.914230227470398,0.06627592444419861
CVCL_0504,Allopurinol,0.05000000074505806,scvi_latent_shift,0.6630451679229736,0.7995949387550354,0.12113543599843979
CVCL_0504,Allopurinol,0.05000000074505806,additive_shift,0.7513344287872314,0.9201319217681885,0.10715790838003159
CVCL_0504,Artesunate,0.5,scvi_latent_shift,0.43752679228782654,0.6359539031982422,0.1535567194223404
CVCL_0504,Artesunate,0.5,additive_shift,0.6967676877975464,0.8402163982391357,0.12049691379070282
CVCL_0504,Artesunate,5.0,scvi_latent_shift,0.518465518951416,0.7185248732566833,0.1575169712305069
CVCL_0504,Artesunate,5.0,additive_shift,0.6942802667617798,0.8560062646865845,0.13024123013019562
CVCL_0504,BAY1125976,0.05000000074505806,scvi_latent_shift,0.20972461998462677,0.321047842502594,0.11847346276044846
CVCL_0504,BAY1125976,0.05000000074505806,additive_shift,0.716895341873169,0.8984200358390808,0.0847390741109848
CVCL_0504,BAY1125976,5.0,scvi_latent_shift,0.7146870493888855,0.6274820566177368,0.19351978600025177
CVCL_0504,BAY1125976,5.0,additive_shift,0.8174263834953308,0.8101254105567932,0.15898261964321136
CVCL_0504,Belinostat,0.05000000074505806,scvi_latent_shift,0.44447630643844604,0.6574603915214539,0.12931279838085175
CVCL_0504,Belinostat,0.05000000074505806,additive_shift,0.7111195921897888,0.9007145166397095,0.10260581970214844
CVCL_0504,Chlorhexidine (diacetate),5.0,scvi_latent_shift,0.3579038977622986,0.5102086067199707,0.12280270457267761
CVCL_0504,Chlorhexidine (diacetate),5.0,additive_shift,0.710688591003418,0.8496375679969788,0.10462623834609985
CVCL_0504,Clopidogrel,0.05000000074505806,scvi_latent_shift,0.7416364550590515,0.8460618257522583,0.10592036694288254
CVCL_0504,Clopidogrel,0.05000000074505806,additive_shift,0.7714207768440247,0.915160596370697,0.10405143350362778
CVCL_0504,Clopidogrel,5.0,scvi_latent_shift,0.7195658683776855,0.8050906658172607,0.0912414938211441
CVCL_0504,Clopidogrel,5.0,additive_shift,0.838268518447876,0.9666624665260315,0.06732705235481262
CVCL_0504,Dexamethasone,0.05000000074505806,scvi_latent_shift,0.5101655125617981,0.6236569285392761,0.09830579906702042
CVCL_0504,Dexamethasone,0.05000000074505806,additive_shift,0.49067577719688416,0.7966516017913818,0.12409424781799316
CVCL_0504,Dinaciclib,0.5,scvi_latent_shift,0.7006479501724243,0.8440428972244263,0.43821778893470764
CVCL_0504,Dinaciclib,0.5,additive_shift,0.7120288610458374,0.8813847899436951,0.4440542757511139
CVCL_0504,Entecavir (monohydrate),0.05000000074505806,scvi_latent_shift,-0.006984679959714413,0.13165760040283203,0.10921690613031387
CVCL_0504,Entecavir (monohydrate),0.05000000074505806,additive_shift,0.568779468536377,0.8035303950309753,0.0876665711402893
CVCL_0504,Flumatinib (mesylate),5.0,scvi_latent_shift,0.25827279686927795,0.3804260194301605,0.08910507708787918
CVCL_0504,Flumatinib (mesylate),5.0,additive_shift,0.6416563391685486,0.8218227028846741,0.07077281922101974
CVCL_0504,Fumaric acid,0.05000000074505806,scvi_latent_shift,0.003567926585674286,0.011742930859327316,0.09290128201246262
CVCL_0504,Fumaric acid,0.05000000074505806,additive_shift,0.7089880704879761,0.8638372421264648,0.06441400200128555
CVCL_0504,Glasdegib,0.05000000074505806,scvi_latent_shift,0.5048407316207886,0.7430264353752136,0.09745661169290543
CVCL_0504,Glasdegib,0.05000000074505806,additive_shift,0.6605459451675415,0.8518146276473999,0.08285892754793167
CVCL_0504,Homoharringtonine,0.5,scvi_latent_shift,0.551811158657074,0.7588775753974915,0.4425516128540039
CVCL_0504,Homoharringtonine,0.5,additive_shift,0.5905357599258423,0.8049437999725342,0.4503501355648041
CVCL_0504,Paclitaxel,0.05000000074505806,scvi_latent_shift,0.5886023044586182,0.5639997124671936,0.10666290670633316
CVCL_0504,Paclitaxel,0.05000000074505806,additive_shift,0.7755603194236755,0.8814027905464172,0.08281167596578598
CVCL_0504,Paclitaxel,0.5,scvi_latent_shift,0.4511783719062805,0.5967152714729309,0.11054568737745285
CVCL_0504,Paclitaxel,0.5,additive_shift,0.7149726152420044,0.8925037384033203,0.08619879931211472
CVCL_0504,Paclitaxel,5.0,scvi_latent_shift,0.7581403851509094,0.6901663541793823,0.16128194332122803
CVCL_0504,Paclitaxel,5.0,additive_shift,0.8594089150428772,0.8759059906005859,0.12508779764175415
CVCL_0504,Panobinostat,0.05000000074505806,scvi_latent_shift,0.34884724020957947,0.695807158946991,0.2926914095878601
CVCL_0504,Panobinostat,0.05000000074505806,additive_shift,0.6785546541213989,0.8172953128814697,0.22094234824180603
CVCL_0504,Panobinostat,5.0,scvi_latent_shift,0.5692133903503418,0.8451724052429199,0.4459508955478668
CVCL_0504,Panobinostat,5.0,additive_shift,0.7514996528625488,0.8526240587234497,0.33167651295661926
CVCL_0504,Perindopril (erbumine),0.5,scvi_latent_shift,0.3846668303012848,0.4518333077430725,0.07908196747303009
CVCL_0504,Perindopril (erbumine),0.5,additive_shift,0.8215152025222778,0.9626525640487671,0.04739482328295708
CVCL_0504,Retinoic acid,5.0,scvi_latent_shift,0.2768668830394745,0.38916879892349243,0.13767990469932556
CVCL_0504,Retinoic acid,5.0,additive_shift,0.6500374674797058,0.8540868759155273,0.10946273803710938
CVCL_0504,Tucidinostat,0.5,scvi_latent_shift,0.31965163350105286,0.5548892617225647,0.22992455959320068
CVCL_0504,Tucidinostat,0.5,additive_shift,0.6496542692184448,0.7846180200576782,0.18550485372543335
CVCL_0504,Tucidinostat,5.0,scvi_latent_shift,0.37203699350357056,0.6657349467277527,0.3110720217227936
CVCL_0504,Tucidinostat,5.0,additive_shift,0.6719464659690857,0.8290171027183533,0.24863260984420776
CVCL_0546,9-ING-41,5.0,scvi_latent_shift,0.7475420236587524,0.8186649680137634,0.14483347535133362
CVCL_0546,9-ING-41,5.0,additive_shift,0.7511795163154602,0.7014944553375244,0.1371065378189087
CVCL_0546,Adagrasib,5.0,scvi_latent_shift,0.31610313057899475,0.4353916645050049,0.10115121304988861
CVCL_0546,Adagrasib,5.0,additive_shift,0.7002482414245605,0.9430453777313232,0.08175873011350632
CVCL_0546,Afatinib,0.5,scvi_latent_shift,0.10779055207967758,0.09418002516031265,0.04837947338819504
CVCL_0546,Afatinib,0.5,additive_shift,0.8240756392478943,0.9648577570915222,0.026551125571131706
CVCL_0546,Afatinib,5.0,scvi_latent_shift,0.7397758960723877,0.7259970307350159,0.08999554812908173
CVCL_0546,Afatinib,5.0,additive_shift,0.8427831530570984,0.8177259564399719,0.07131531089544296
CVCL_0546,Allopurinol,5.0,scvi_latent_shift,0.2860390245914459,0.3941574990749359,0.09424030035734177
CVCL_0546,Allopurinol,5.0,additive_shift,0.8483543992042542,0.9444368481636047,0.050332698971033096
CVCL_0546,Ataluren,5.0,scvi_latent_shift,0.25614380836486816,0.5528593063354492,0.09149770438671112
CVCL_0546,Ataluren,5.0,additive_shift,0.8170637488365173,0.9701815247535706,0.052603136748075485
CVCL_0546,Belinostat,0.05000000074505806,scvi_latent_shift,0.519526481628418,0.7189345955848694,0.11475230008363724
CVCL_0546,Belinostat,0.05000000074505806,additive_shift,0.7868204116821289,0.9236112833023071,0.08374239504337311
CVCL_0546,Belumosudil,0.05000000074505806,scvi_latent_shift,0.2419682890176773,0.2839154899120331,0.07352643460035324
CVCL_0546,Belumosudil,0.05000000074505806,additive_shift,0.7130997180938721,0.8440383672714233,0.053251199424266815
CVCL_0546,Berbamine (dihydrochloride),0.5,scvi_latent_shift,0.032596100121736526,0.2281835824251175,0.06511420011520386
CVCL_0546,Berbamine (dihydrochloride),0.5,additive_shift,0.8159425854682922,0.9592195153236389,0.037545345723629
CVCL_0546,Berbamine (dihydrochloride),5.0,scvi_latent_shift,0.6808891296386719,0.39449751377105713,0.08499633520841599
CVCL_0546,Berbamine (dihydrochloride),5.0,additive_shift,0.901329755783081,0.9567016959190369,0.05016638711094856
CVCL_0546,Bortezomib,0.05000000074505806,scvi_latent_shift,0.3826361298561096,0.5927636027336121,0.30879178643226624
CVCL_0546,Bortezomib,0.05000000074505806,additive_shift,0.6916943788528442,0.9019137024879456,0.24573259055614471
CVCL_0546,Chlorhexidine (diacetate),0.5,scvi_latent_shift,0.7921531200408936,0.8046858906745911,0.05853205919265747
CVCL_0546,Chlorhexidine (diacetate),0.5,additive_shift,0.8805110454559326,0.9454189538955688,0.043955907225608826
CVCL_0546,Clopidogrel,0.5,scvi_latent_shift,0.4002359211444855,0.49948644638061523,0.07194963097572327
CVCL_0546,Clopidogrel,0.5,additive_shift,0.8726370334625244,0.9776411056518555,0.03908344358205795
CVCL_0546,Cytarabine,0.5,scvi_latent_shift,0.2370608150959015,0.2628194987773895,0.05716831237077713
CVCL_0546,Cytarabine,0.5,additive_shift,0.6012250781059265,0.7941280007362366,0.04584963992238045
CVCL_0546,Cytarabine,5.0,scvi_latent_shift,0.736108124256134,0.6868218779563904,0.06171178072690964
CVCL_0546,Cytarabine,5.0,additive_shift,0.8422750234603882,0.8667801022529602,0.050010088831186295
CVCL_0546,Daidzin,0.05000000074505806,scvi_latent_shift,0.3397015929222107,0.5991501212120056,0.07991410046815872
CVCL_0546,Daidzin,0.05000000074505806,additive_shift,0.7673321962356567,0.891089916229248,0.05322129279375076
CVCL_0546,Dapagliflozin,0.05000000074505806,scvi_latent_shift,0.26318952441215515,0.41570696234703064,0.09613669663667679
CVCL_0546,Dapagliflozin,0.05000000074505806,additive_shift,0.7843494415283203,0.9066787958145142,0.061164770275354385
CVCL_0546,Entecavir (monohydrate),0.05000000074505806,scvi_latent_shift,0.009873989969491959,0.14614656567573547,0.08905137330293655
CVCL_0546,Entecavir (monohydrate),0.05000000074505806,additive_shift,0.665739119052887,0.8854241967201233,0.06485714763402939
CVCL_0546,Entecavir (monohydrate),0.5,scvi_latent_shift,0.6575577259063721,0.7850590348243713,0.08239179104566574
CVCL_0546,Entecavir (monohydrate),0.5,additive_shift,0.7782527208328247,0.9125173091888428,0.06600774824619293
CVCL_0546,Entecavir (monohydrate),5.0,scvi_latent_shift,0.8330962657928467,0.8930321335792542,0.07386671751737595
CVCL_0546,Entecavir (monohydrate),5.0,additive_shift,0.8360358476638794,0.9539101719856262,0.07303870469331741
CVCL_0546,Flumatinib (mesylate),5.0,scvi_latent_shift,0.43782803416252136,0.5741870403289795,0.06524129211902618
CVCL_0546,Flumatinib (mesylate),5.0,additive_shift,0.7992865443229675,0.9505731463432312,0.04470476135611534
CVCL_0546,Fumaric acid,0.05000000074505806,scvi_latent_shift,0.15241605043411255,0.3574727773666382,0.08510030806064606
CVCL_0546,Fumaric acid,0.05000000074505806,additive_shift,0.7869107723236084,0.878937304019928,0.05271362513303757
CVCL_0546,Glasdegib,5.0,scvi_latent_shift,0.41128838062286377,0.568234384059906,0.07869770377874374
CVCL_0546,Glasdegib,5.0,additive_shift,0.7431150674819946,0.8537556529045105,0.05804688110947609
CVCL_0546,Methylthiouracil,0.5,scvi_latent_shift,0.3395942151546478,0.24024397134780884,0.09488184005022049
CVCL_0546,Methylthiouracil,0.5,additive_shift,0.8184782266616821,0.9370396137237549,0.05605997517704964
CVCL_0546,Naproxen,5.0,scvi_latent_shift,0.0598607137799263,0.23176269233226776,0.049918241798877716
CVCL_0546,Naproxen,5.0,additive_shift,0.6807572841644287,0.8509562611579895,0.03696346655488014
CVCL_0546,Omeprazole,0.5,scvi_latent_shift,0.26670756936073303,0.31867721676826477,0.10620555281639099
CVCL_0546,Omeprazole,0.5,additive_shift,0.8831230401992798,0.977721095085144,0.050697971135377884
CVCL_0546,Perindopril (erbumine),0.5,scvi_latent_shift,0.5180745124816895,0.5851798057556152,0.06931717693805695
CVCL_0546,Perindopril (erbumine),0.5,additive_shift,0.9088520407676697,0.985060453414917,0.03344392031431198
CVCL_0546,Perindopril (erbumine),5.0,scvi_latent_shift,0.3994970917701721,0.5506792068481445,0.10963279008865356
CVCL_0546,Perindopril (erbumine),5.0,additive_shift,0.584082305431366,0.5708211660385132,0.09578851610422134
CVCL_0546,RMC-6236,0.05000000074505806,scvi_latent_shift,0.6592287421226501,0.7932605147361755,0.12033052742481232
CVCL_0546,RMC-6236,0.05000000074505806,additive_shift,0.7415667772293091,0.7745038866996765,0.10391788184642792
CVCL_0546,Regorafenib,0.05000000074505806,scvi_latent_shift,0.5600540041923523,0.7651677131652832,0.05347852408885956
CVCL_0546,Regorafenib,0.05000000074505806,additive_shift,0.8288161754608154,0.9572411775588989,0.035349007695913315
CVCL_0546,Tucidinostat,5.0,scvi_latent_shift,0.4979166090488434,0.5150555968284607,0.31130343675613403
CVCL_0546,Tucidinostat,5.0,additive_shift,0.6816693544387817,0.7391232252120972,0.24632038176059723
CVCL_0546,palbociclib,0.5,scvi_latent_shift,0.5566744208335876,0.8097323179244995,0.11552932858467102
CVCL_0546,palbociclib,0.5,additive_shift,0.7940704226493835,0.9384407997131348,0.08407261222600937
CVCL_0546,palbociclib,5.0,scvi_latent_shift,0.26601287722587585,0.5127823948860168,0.21099793910980225
CVCL_0546,palbociclib,5.0,additive_shift,0.5391539931297302,0.6739858984947205,0.1875241994857788
CVCL_0546,γ-Oryzanol,5.0,scvi_latent_shift,0.4070371091365814,0.5189366340637207,0.07781896740198135
CVCL_0546,γ-Oryzanol,5.0,additive_shift,0.7956035137176514,0.946293294429779,0.05096498876810074
CVCL_1056,Adagrasib,0.05000000074505806,scvi_latent_shift,0.11136174201965332,0.08151863515377045,0.059749145060777664
CVCL_1056,Adagrasib,0.05000000074505806,additive_shift,0.7645695209503174,0.948867678642273,0.041299376636743546
CVCL_1056,Allopurinol,0.5,scvi_latent_shift,0.4298820197582245,0.5835208892822266,0.09978193044662476
CVCL_1056,Allopurinol,0.5,additive_shift,0.8651689291000366,0.9595801830291748,0.05514124408364296
CVCL_1056,Ataluren,0.05000000074505806,scvi_latent_shift,0.6083049774169922,0.7597227096557617,0.0926893949508667
CVCL_1056,Ataluren,0.05000000074505806,additive_shift,0.8076545596122742,0.9387851357460022,0.06976006180047989
CVCL_1056,BAY1125976,0.05000000074505806,scvi_latent_shift,0.23568210005760193,0.40716245770454407,0.1085498258471489
CVCL_1056,BAY1125976,0.05000000074505806,additive_shift,0.7497975826263428,0.9144384860992432,0.07510194182395935
CVCL_1056,Belumosudil,5.0,scvi_latent_shift,0.17072927951812744,0.2701192796230316,0.09917575120925903
CVCL_1056,Belumosudil,5.0,additive_shift,0.7143748998641968,0.8783878684043884,0.06997913122177124
CVCL_1056,Berbamine,0.05000000074505806,scvi_latent_shift,0.6769855618476868,0.7288033962249756,0.11022455990314484
CVCL_1056,Berbamine,0.05000000074505806,additive_shift,0.6557775735855103,0.8286542892456055,0.11297226697206497
CVCL_1056,Berbamine,0.5,scvi_latent_shift,0.45244067907333374,0.6553820371627808,0.052667971700429916
CVCL_1056,Berbamine,0.5,additive_shift,0.7745298743247986,0.9201405644416809,0.038446828722953796
CVCL_1056,Berbamine (dihydrochloride),0.05000000074505806,scvi_latent_shift,0.40398943424224854,0.5878399014472961,0.08047261089086533
CVCL_1056,Berbamine (dihydrochloride),0.05000000074505806,additive_shift,0.7872814536094666,0.9568817615509033,0.05515366420149803
CVCL_1056,Bortezomib,5.0,scvi_latent_shift,0.3146856427192688,0.6184554696083069,0.36332836747169495
CVCL_1056,Bortezomib,5.0,additive_shift,0.7361984848976135,0.9248561263084412,0.2588444948196411
CVCL_1056,Clopidogrel,0.05000000074505806,scvi_latent_shift,0.8192189335823059,0.9134249687194824,0.10016709566116333
CVCL_1056,Clopidogrel,0.05000000074505806,additive_shift,0.8184382915496826,0.9226524829864502,0.09893517941236496
CVCL_1056,Cytarabine,0.05000000074505806,scvi_latent_shift,0.43609216809272766,0.5212210416793823,0.07140851765871048
CVCL_1056,Cytarabine,0.05000000074505806,additive_shift,0.756177544593811,0.8822210431098938,0.054585061967372894
CVCL_1056,Dabrafenib,5.0,scvi_latent_shift,0.6751535534858704,0.6972175240516663,0.158951997756958
CVCL_1056,Dabrafenib,5.0,additive_shift,0.8432343602180481,0.8696767687797546,0.118924580514431
CVCL_1056,Daidzin,5.0,scvi_latent_shift,0.793321967124939,0.27546173334121704,0.07176236808300018
CVCL_1056,Daidzin,5.0,additive_shift,0.8948957324028015,0.8321967720985413,0.05245891585946083
CVCL_1056,Esmolol (hydrochloride),0.05000000074505806,scvi_latent_shift,0.7330473065376282,0.8626669049263,0.09438221156597137
CVCL_1056,Esmolol (hydrochloride),0.05000000074505806,additive_shift,0.8177736401557922,0.8677924871444702,0.0734260305762291
CVCL_1056,Esmolol (hydrochloride),0.5,scvi_latent_shift,0.4744892716407776,0.28012189269065857,0.07845233380794525
CVCL_1056,Esmolol (hydrochloride),0.5,additive_shift,0.8707771897315979,0.917935848236084,0.04365101084113121
CVCL_1056,Flumatinib (mesylate),0.5,scvi_latent_shift,0.7171935439109802,0.8283421993255615,0.0915398821234703
CVCL_1056,Flumatinib (mesylate),0.5,additive_shift,0.8034531474113464,0.892421305179596,0.0733795240521431
CVCL_1056,Flumatinib (mesylate),5.0,scvi_latent_shift,0.3577571511268616,0.592321515083313,0.0677885115146637
CVCL_1056,Flumatinib (mesylate),5.0,additive_shift,0.778156578540802,0.9414886236190796,0.04714201018214226
CVCL_1056,Fumaric acid,0.5,scvi_latent_shift,0.4850296080112457,0.6967453360557556,0.07828591763973236
CVCL_1056,Fumaric acid,0.5,additive_shift,0.8062592148780823,0.9226208329200745,0.05247020721435547
CVCL_1056,Glasdegib,0.05000000074505806,scvi_latent_shift,0.7208560705184937,0.877572238445282,0.07082173228263855
CVCL_1056,Glasdegib,0.05000000074505806,additive_shift,0.745991051197052,0.889015257358551,0.06997258216142654
CVCL_1056,Homoharringtonine,0.05000000074505806,scvi_latent_shift,0.6540111899375916,0.8549535870552063,0.22190552949905396
CVCL_1056,Homoharringtonine,0.05000000074505806,additive_shift,0.6873289346694946,0.8540732264518738,0.2154272496700287
CVCL_1056,Methylthiouracil,0.05000000074505806,scvi_latent_shift,0.4318724572658539,0.4965890347957611,0.08645713329315186
CVCL_1056,Methylthiouracil,0.05000000074505806,additive_shift,0.8195071220397949,0.9339408278465271,0.05415906757116318
CVCL_1056,Naproxen,5.0,scvi_latent_shift,0.26776447892189026,0.4388989210128784,0.046842463314533234
CVCL_1056,Naproxen,5.0,additive_shift,0.6730335354804993,0.9207508563995361,0.03726870194077492
CVCL_1056,Paclitaxel,0.5,scvi_latent_shift,0.4165949523448944,0.5879323482513428,0.11125002801418304
CVCL_1056,Paclitaxel,0.5,additive_shift,0.764228343963623,0.9152469038963318,0.077273890376091
CVCL_1056,Pravastatin (sodium),5.0,scvi_latent_shift,0.6719681024551392,0.6991569995880127,0.06257928907871246
CVCL_1056,Pravastatin (sodium),5.0,additive_shift,0.8725578784942627,0.9558632373809814,0.04128805175423622
CVCL_1056,Uridine,5.0,scvi_latent_shift,0.5342769026756287,0.6421736478805542,0.09910766035318375
CVCL_1056,Uridine,5.0,additive_shift,0.8218520283699036,0.9305065870285034,0.06467433273792267
CVCL_1056,γ-Oryzanol,0.5,scvi_latent_shift,0.3157162368297577,0.4852392375469208,0.07809250801801682
CVCL_1056,γ-Oryzanol,0.5,additive_shift,0.8643922805786133,0.9682040214538574,0.04113636910915375
CVCL_1285,Afatinib,0.05000000074505806,scvi_latent_shift,0.3609514534473419,0.5591837763786316,0.06920760869979858
CVCL_1285,Afatinib,0.05000000074505806,additive_shift,0.8015181422233582,0.8612754940986633,0.0444643460214138
CVCL_1285,BAY1125976,0.05000000074505806,scvi_latent_shift,0.32384663820266724,0.45062869787216187,0.12207093089818954
CVCL_1285,BAY1125976,0.05000000074505806,additive_shift,0.763019323348999,0.8908700346946716,0.08346667885780334
CVCL_1285,BAY1125976,5.0,scvi_latent_shift,0.6946119070053101,0.8409305214881897,0.1928342878818512
CVCL_1285,BAY1125976,5.0,additive_shift,0.8541475534439087,0.9234058260917664,0.1383005678653717
CVCL_1285,Belinostat,5.0,scvi_latent_shift,0.6665830016136169,0.8268585205078125,0.35350489616394043
CVCL_1285,Belinostat,5.0,additive_shift,0.8127416372299194,0.8914399743080139,0.27258408069610596
CVCL_1285,Bicalutamide,0.5,scvi_latent_shift,0.002248156350106001,0.0348089225590229,0.09610407799482346
CVCL_1285,Bicalutamide,0.5,additive_shift,0.8159072399139404,0.9256864786148071,0.05329221487045288
CVCL_1285,Bicalutamide,5.0,scvi_latent_shift,0.13872365653514862,0.06402862817049026,0.07980648428201675
CVCL_1285,Bicalutamide,5.0,additive_shift,0.8641533851623535,0.9502509236335754,0.039557795971632004
CVCL_1285,Bortezomib,5.0,scvi_latent_shift,0.5460691452026367,0.758743941783905,0.40191054344177246
CVCL_1285,Bortezomib,5.0,additive_shift,0.774101972579956,0.9429349303245544,0.28573593497276306
CVCL_1285,Carbamazepine,0.05000000074505806,scvi_latent_shift,0.6294991374015808,0.7618412971496582,0.12389625608921051
CVCL_1285,Carbamazepine,0.05000000074505806,additive_shift,0.8279944062232971,0.9220889806747437,0.08746518194675446
CVCL_1285,Clonidine (hydrochloride),0.05000000074505806,scvi_latent_shift,0.4454006850719452,0.5950223207473755,0.11504075676202774
CVCL_1285,Clonidine (hydrochloride),0.05000000074505806,additive_shift,0.8624623417854309,0.9465897679328918,0.06503134220838547
CVCL_1285,Clonidine (hydrochloride),5.0,scvi_latent_shift,0.40463414788246155,0.6310765147209167,0.11552290618419647
CVCL_1285,Clonidine (hydrochloride),5.0,additive_shift,0.8253819942474365,0.9107378125190735,0.0702531561255455
CVCL_1285,Cytarabine,5.0,scvi_latent_shift,0.7585477828979492,0.8900792002677917,0.06529626250267029
CVCL_1285,Cytarabine,5.0,additive_shift,0.8182646632194519,0.9317063093185425,0.05754128843545914
CVCL_1285,Dapagliflozin,0.05000000074505806,scvi_latent_shift,0.21553188562393188,0.2522954046726227,0.1069222167134285
CVCL_1285,Dapagliflozin,0.05000000074505806,additive_shift,0.7962731719017029,0.8951044082641602,0.0663599893450737
CVCL_1285,Dapagliflozin,5.0,scvi_latent_shift,0.4773993194103241,0.5470114946365356,0.09632683545351028
CVCL_1285,Dapagliflozin,5.0,additive_shift,0.8454522490501404,0.9438846707344055,0.05526834353804588
CVCL_1285,Flumatinib (mesylate),0.5,scvi_latent_shift,0.6506071090698242,0.7263469696044922,0.08227041363716125
CVCL_1285,Flumatinib (mesylate),0.5,additive_shift,0.8194091320037842,0.8948572874069214,0.06081342324614525
CVCL_1285,Fumaric acid,5.0,scvi_latent_shift,0.505978524684906,0.7797577381134033,0.08382261544466019
CVCL_1285,Fumaric acid,5.0,additive_shift,0.8205342292785645,0.9241832494735718,0.05588652193546295
CVCL_1285,Harringtonine,5.0,scvi_latent_shift,0.8770327568054199,0.9655855894088745,0.32123464345932007
CVCL_1285,Harringtonine,5.0,additive_shift,0.8159343004226685,0.8886882066726685,0.34854090213775635
CVCL_1285,Homoharringtonine,5.0,scvi_latent_shift,0.8289104700088501,0.9516057968139648,0.4450886845588684
CVCL_1285,Homoharringtonine,5.0,additive_shift,0.8213194012641907,0.9173818230628967,0.44318854808807373
CVCL_1285,Malotilate,0.5,scvi_latent_shift,0.6732290387153625,0.20473222434520721,0.10918033868074417
CVCL_1285,Malotilate,0.5,additive_shift,0.9347767233848572,0.9396668076515198,0.05172383040189743
CVCL_1285,Methylthiouracil,0.05000000074505806,scvi_latent_shift,0.45038607716560364,0.43298250436782837,0.10160857439041138
CVCL_1285,Methylthiouracil,0.05000000074505806,additive_shift,0.8135073184967041,0.8774842023849487,0.0651637613773346
CVCL_1285,Omeprazole,5.0,scvi_latent_shift,0.21671049296855927,0.058235157281160355,0.08461381494998932
CVCL_1285,Omeprazole,5.0,additive_shift,0.8816816210746765,0.9607844352722168,0.04130840674042702
CVCL_1285,PF-06260933,0.5,scvi_latent_shift,0.6581236124038696,0.7818145155906677,0.1380481868982315
CVCL_1285,PF-06260933,0.5,additive_shift,0.833684504032135,0.9205455183982849,0.09494665265083313
CVCL_1285,PF-06260933,5.0,scvi_latent_shift,0.5664798617362976,0.7991824746131897,0.23042811453342438
CVCL_1285,PF-06260933,5.0,additive_shift,0.7586829662322998,0.8760458827018738,0.17839652299880981
CVCL_1285,Paclitaxel,0.5,scvi_latent_shift,0.5786398649215698,0.6970623135566711,0.12904001772403717
CVCL_1285,Paclitaxel,0.5,additive_shift,0.7859697341918945,0.8686730861663818,0.09568590670824051
CVCL_1285,Paclitaxel,5.0,scvi_latent_shift,0.5701230764389038,0.6340987682342529,0.1891735941171646
CVCL_1285,Paclitaxel,5.0,additive_shift,0.7874467372894287,0.7686848044395447,0.14377565681934357
CVCL_1285,Panobinostat,0.5,scvi_latent_shift,0.6819151639938354,0.8493129014968872,0.37107178568840027
CVCL_1285,Panobinostat,0.5,additive_shift,0.8304275870323181,0.9105491638183594,0.2819136679172516
CVCL_1285,Panobinostat,5.0,scvi_latent_shift,0.6963018774986267,0.8745142817497253,0.3882471024990082
CVCL_1285,Panobinostat,5.0,additive_shift,0.8062289953231812,0.9003114104270935,0.3161371648311615
CVCL_1285,Pravastatin (sodium),0.5,scvi_latent_shift,0.6015563607215881,0.7586374878883362,0.06282255053520203
CVCL_1285,Pravastatin (sodium),0.5,additive_shift,0.7737407684326172,0.8563406467437744,0.048176493495702744
CVCL_1285,RMC-6236,5.0,scvi_latent_shift,0.5513949990272522,0.7010573744773865,0.29309481382369995
CVCL_1285,RMC-6236,5.0,additive_shift,0.7318041324615479,0.7921037077903748,0.23137712478637695
CVCL_1285,Regorafenib,0.05000000074505806,scvi_latent_shift,0.6284376978874207,0.8661535382270813,0.058598268777132034
CVCL_1285,Regorafenib,0.05000000074505806,additive_shift,0.7891654372215271,0.933172881603241,0.045851197093725204
CVCL_1285,Uridine,0.5,scvi_latent_shift,0.3923901319503784,0.553290843963623,0.09341100603342056
CVCL_1285,Uridine,0.5,additive_shift,0.9127374887466431,0.970432460308075,0.041410427540540695
CVCL_1285,Uridine,5.0,scvi_latent_shift,0.5107024908065796,0.5632004141807556,0.09333392232656479
CVCL_1285,Uridine,5.0,additive_shift,0.8481464385986328,0.9404000639915466,0.0564829520881176
CVCL_1285,palbociclib,0.05000000074505806,scvi_latent_shift,0.5279778838157654,0.6220839619636536,0.12398704886436462
CVCL_1285,palbociclib,0.05000000074505806,additive_shift,0.807696521282196,0.9080805778503418,0.0831330418586731
CVCL_1381,9-ING-41,0.05000000074505806,scvi_latent_shift,0.44744014739990234,0.5666153430938721,0.09267877787351608
CVCL_1381,9-ING-41,0.05000000074505806,additive_shift,0.6882743239402771,0.8029356002807617,0.07633089274168015
CVCL_1381,Afatinib,0.5,scvi_latent_shift,0.14914777874946594,0.24017606675624847,0.056083716452121735
CVCL_1381,Afatinib,0.5,additive_shift,0.7941107153892517,0.9308920502662659,0.03271894529461861
CVCL_1381,Allopurinol,0.05000000074505806,scvi_latent_shift,0.7085946202278137,0.7914427518844604,0.1257261037826538
CVCL_1381,Allopurinol,0.05000000074505806,additive_shift,0.8321279883384705,0.9118038415908813,0.09564602375030518
CVCL_1381,BAY1125976,0.5,scvi_latent_shift,0.5979843139648438,0.7606762647628784,0.204290971159935
CVCL_1381,BAY1125976,0.5,additive_shift,0.8136990666389465,0.9227856397628784,0.13618586957454681
CVCL_1381,Belinostat,0.5,scvi_latent_shift,0.18638217449188232,0.3121698200702667,0.20628517866134644
CVCL_1381,Belinostat,0.5,additive_shift,0.7919995784759521,0.9042633175849915,0.12003007531166077
CVCL_1381,Berbamine (dihydrochloride),0.05000000074505806,scvi_latent_shift,0.48498326539993286,0.6818528175354004,0.08704900741577148
CVCL_1381,Berbamine (dihydrochloride),0.05000000074505806,additive_shift,0.7913510799407959,0.9248367547988892,0.06058713048696518
CVCL_1381,Carbamazepine,0.5,scvi_latent_shift,0.15459951758384705,0.1402672529220581,0.10820955038070679
CVCL_1381,Carbamazepine,0.5,additive_shift,0.8017600178718567,0.9537193179130554,0.06547193974256516
CVCL_1381,Carbamazepine,5.0,scvi_latent_shift,0.6223530173301697,0.6094185709953308,0.10844682157039642
CVCL_1381,Carbamazepine,5.0,additive_shift,0.8559122085571289,0.9497811794281006,0.06836589425802231
CVCL_1381,Clonidine (hydrochloride),0.5,scvi_latent_shift,0.057992056012153625,0.012271909043192863,0.11931255459785461
CVCL_1381,Clonidine (hydrochloride),0.5,additive_shift,0.7787521481513977,0.8888048529624939,0.07397066801786423
CVCL_1381,Clopidogrel,0.05000000074505806,scvi_latent_shift,0.7797560095787048,0.8682326674461365,0.11118213832378387
CVCL_1381,Clopidogrel,0.05000000074505806,additive_shift,0.8362753987312317,0.9191552400588989,0.09482960402965546
CVCL_1381,Clopidogrel,0.5,scvi_latent_shift,0.42146411538124084,0.5436834096908569,0.08092426508665085
CVCL_1381,Clopidogrel,0.5,additive_shift,0.8316256999969482,0.9554211497306824,0.04936271905899048
CVCL_1381,Cytarabine,0.5,scvi_latent_shift,0.44761747121810913,0.6169944405555725,0.05890849605202675
CVCL_1381,Cytarabine,0.5,additive_shift,0.6766024827957153,0.842278003692627,0.048487357795238495
CVCL_1381,Dabrafenib,0.05000000074505806,scvi_latent_shift,0.18607844412326813,0.19062170386314392,0.12528716027736664
CVCL_1381,Dabrafenib,0.05000000074505806,additive_shift,0.7070060968399048,0.8493866920471191,0.09076529741287231
CVCL_1381,Dabrafenib,0.5,scvi_latent_shift,0.6437327265739441,0.7849475145339966,0.12737372517585754
CVCL_1381,Dabrafenib,0.5,additive_shift,0.8301979303359985,0.9142358899116516,0.0887804701924324
CVCL_1381,Dapagliflozin,0.5,scvi_latent_shift,0.0921151414513588,0.0023795084562152624,0.08994264155626297
CVCL_1381,Dapagliflozin,0.5,additive_shift,0.8919500708580017,0.967257559299469,0.039767537266016006
CVCL_1381,Dapagliflozin,5.0,scvi_latent_shift,0.46213504672050476,0.5149786472320557,0.09213769435882568
CVCL_1381,Dapagliflozin,5.0,additive_shift,0.8334198594093323,0.9553378224372864,0.05407164990901947
CVCL_1381,Esmolol (hydrochloride),5.0,scvi_latent_shift,0.4483347535133362,0.5279977917671204,0.08192820101976395
CVCL_1381,Esmolol (hydrochloride),5.0,additive_shift,0.778420090675354,0.9219983220100403,0.05578623339533806
CVCL_1381,Fumaric acid,0.05000000074505806,scvi_latent_shift,0.31288468837738037,0.5053758025169373,0.08616182208061218
CVCL_1381,Fumaric acid,0.05000000074505806,additive_shift,0.7640694975852966,0.9007054567337036,0.058530956506729126
CVCL_1381,Fumaric acid,5.0,scvi_latent_shift,0.4786685109138489,0.6982566118240356,0.07386577874422073
CVCL_1381,Fumaric acid,5.0,additive_shift,0.8285211324691772,0.9452191591262817,0.04754757881164551
CVCL_1381,Glasdegib,5.0,scvi_latent_shift,0.5931054353713989,0.7669687867164612,0.08193760365247726
CVCL_1381,Glasdegib,5.0,additive_shift,0.7584784030914307,0.9052817225456238,0.06503132730722427
CVCL_1381,Harringtonine,0.05000000074505806,scvi_latent_shift,0.45213621854782104,0.6444746255874634,0.1990365833044052
CVCL_1381,Harringtonine,0.05000000074505806,additive_shift,0.7816171050071716,0.9008989930152893,0.13890229165554047
CVCL_1381,Malotilate,0.5,scvi_latent_shift,0.6547843813896179,0.36774617433547974,0.11088059842586517
CVCL_1381,Malotilate,0.5,additive_shift,0.9050509929656982,0.9530870914459229,0.06263085454702377
CVCL_1381,Methylthiouracil,0.5,scvi_latent_shift,0.18708285689353943,0.32980895042419434,0.10333079099655151
CVCL_1381,Methylthiouracil,0.5,additive_shift,0.7916243672370911,0.9477999210357666,0.06013346463441849
CVCL_1381,Naproxen,5.0,scvi_latent_shift,0.32542866468429565,0.39804503321647644,0.05213261768221855
CVCL_1381,Naproxen,5.0,additive_shift,0.6037507057189941,0.791784405708313,0.044837988913059235
CVCL_1381,Omeprazole,0.05000000074505806,scvi_latent_shift,0.1875181347131729,0.05346764996647835,0.10748310387134552
CVCL_1381,Omeprazole,0.05000000074505806,additive_shift,0.7893123030662537,0.9120064377784729,0.06631318479776382
CVCL_1381,PF-06260933,0.05000000074505806,scvi_latent_shift,0.5940530896186829,0.7374846935272217,0.08802558481693268
CVCL_1381,PF-06260933,0.05000000074505806,additive_shift,0.7875704765319824,0.9129862189292908,0.06726836413145065
CVCL_1381,Regorafenib,0.05000000074505806,scvi_latent_shift,0.7225841283798218,0.8762105107307434,0.05496576800942421
CVCL_1381,Regorafenib,0.05000000074505806,additive_shift,0.8262736201286316,0.9261704087257385,0.044613923877477646
CVCL_1381,Retinoic acid,0.5,scvi_latent_shift,-0.05377202853560448,-0.36495622992515564,0.15013083815574646
CVCL_1381,Retinoic acid,0.5,additive_shift,0.6865201592445374,0.773584246635437,0.10235520452260971
CVCL_1381,Ribociclib,5.0,scvi_latent_shift,0.5215444564819336,0.731574296951294,0.08029662072658539
CVCL_1381,Ribociclib,5.0,additive_shift,0.7196928262710571,0.8957729935646057,0.06448227912187576
CVCL_1381,Uridine,0.5,scvi_latent_shift,0.4096318185329437,0.5514987707138062,0.0929243341088295
CVCL_1381,Uridine,0.5,additive_shift,0.8930909037590027,0.9775007963180542,0.045839808881282806
CVCL_1381,γ-Oryzanol,5.0,scvi_latent_shift,0.47296446561813354,0.4624250829219818,0.08411192148923874
CVCL_1381,γ-Oryzanol,5.0,additive_shift,0.8176129460334778,0.9388129711151123,0.05201652646064758
