cell_name,Bladder,Kidney,Large_Intestine,Liver,Lung,Mammary,Neural,Ovary,Pancreas,Skin,Stomach,Uterus
J82,-0.7847735982034767,0.5936748259501144,-0.9616718676496383,-0.267827806057159,-0.6083812338369208,-0.26720934175633493,-0.3242843755767403,-0.3103859070154808,-0.5328379066722639,-0.14753657394623812,-0.8595632757367366,-0.5819130671184276
RKO,0.04367779423583428,1.2362889669535526,0.11706883339698766,-0.304577035700605,0.3863039107732631,1.006459034298519,0.7231887063250259,1.0141733773307864,-0.043121938290921966,0.7808137188903969,0.35842463100321975,0.5212502898906091
SW48,1.3760992048285277,-0.3564227223585809,1.4126205488314083,0.3910941095864533,1.4010041920506324,1.199058649358046,0.2628890660256331,1.499677425286087,0.643418979254318,0.8508080258343197,1.3714590305291832,1.5315839250073295
SW1417,1.520663434191127,0.12327097961688034,1.5636312964921237,0.8299319525202565,1.132391346043154,1.1907085878075407,-0.41511154429324154,1.0846604847267722,1.028975242031972,0.9821048684395325,1.3128235435658138,1.7332937265347812
LoVo,1.528609390939895,-0.7666520488747212,2.0898859700279653,0.4487344429043613,1.347901005899944,0.8562776108989893,-0.37507422707371446,0.5900941862159551,0.8552377632376679,0.7645191182237886,1.6446292188627296,1.2086970385621467
LS 180,1.747223450423213,-0.5367490508481921,2.341751548177951,0.5520628324138501,1.4121050693453892,0.7559497565395595,-0.6140088086494392,0.3809625511024622,0.8860357711069103,0.7389417447354846,1.8938098760985698,0.9936407946483238
COLO 205,1.0520074961343606,-2.46124772942544,1.5757436452590383,-0.13251888598113845,0.5600032604766054,-0.2826341218986239,-2.0187792573161993,-1.7609696686003413,-0.8177117539610195,-0.6110202331761361,1.3404342967531555,0.07041526343433976
HCT15,1.1378233617242066,0.767260299588492,1.4280363067717334,1.247459806145083,1.5246802227045244,1.2911663232871506,0.8572985894033269,1.5362451372571346,1.7212576870537857,1.0827720376063978,1.3853979281768354,1.43598171958301
SW480,0.35377205514175014,0.8563113728168312,0.711594254336971,0.08099443595556263,0.9000156172286018,0.5293699917926925,0.6096061366782678,0.8654148999243056,0.6286819138178207,-0.17422081446252427,0.7628068842555914,0.9060355919429725
HT-29,2.215212234234068,-0.6112895292438585,2.231039764950303,1.5317155726598937,1.5102434626144225,1.0685830219031218,-0.9547920461038801,1.1029965519768432,1.1348150884107484,1.1975899623003432,1.9336079616777377,1.4099091461816293
BT-474,1.2501244422559934,-0.722764926338334,0.9959209813386978,0.5193143961456754,1.2719917441896673,2.0816479036809876,-0.2211243583101726,0.8825022626844888,0.7650250212009206,1.5449710282048024,1.0151244690197032,1.2735624188725752
HS-578T,-0.3319788699084712,-0.32313838617288354,-0.4626733234275618,0.8679302842948226,-0.625502566197669,0.14017281509145163,-0.3690089899735902,0.10121045603099564,0.6116471874146076,1.0207668290107819,-0.9162467437237524,-0.38313057818200025
H4,-0.44956821854165785,-0.01602947681525385,-0.6220440495794023,0.19532887892195733,-1.1136781332372427,-0.5768982272380339,-0.18924794982857265,0.01259708938830636,0.4308319881918813,0.07946348229130897,-1.212862794715655,-1.1034826744082082
A-172,-1.0319363732731481,0.5560433535186697,-1.197052424807704,-0.7760563321154684,-1.5207538974675985,-1.439000532650061,-0.10585768882910086,-0.8865188387496814,-1.4225382841589822,-1.0438864007656616,-1.325016977915657,-1.464759985909016
SW 1088,-0.5651247812547104,-0.3379400865352103,-0.5067965133509548,0.27212559572645506,-0.7637220698778906,-0.2789227853653452,-0.2792814025482362,-0.09343689861167558,0.6206796602617746,0.591870747548053,-0.945735654727284,-0.586614929419194
C-33 A,-0.4730558726448424,1.4416862575600995,-0.13902381629477442,-0.1311595337132613,0.04403242060413635,-0.37139528679065154,2.520053526195905,1.2658471732007397,0.09761522601221241,-0.09358452835997101,0.0010795210301973314,0.19422655577869127
KATO III,1.844860050807134,-0.20437476044168618,1.8518991277166346,1.410774502612582,1.7512863377495584,1.098463986902612,-0.9778723631099692,1.0597632623499842,1.130182217978401,1.5104677140843865,2.1227987783007203,1.192134085480859
SNU-1,-0.1942997124899685,1.720120653672794,-0.0429334348207479,0.05458507292541423,0.6075777220712675,0.018662464385775474,1.3767407798517006,1.2135059714619618,-0.02779656797995286,0.4708178255712399,0.3190802494166067,0.03664402287120166
A498,-1.1212162924548692,-0.6119477608425326,-0.9470947632735216,-0.9906270158902156,-0.8736691680920862,-0.4483326589201575,-0.4343192963714644,-0.5526746685114142,-1.3991495166905057,-0.15264340996715348,-0.6546206215384084,-0.5167190149470885
HepG2/C3A,-0.5021810076891876,-0.6923232841797663,-0.32545501972376956,2.869698548458391,-0.730635873792173,-0.6711667363502785,-1.226035516537453,-1.353034607696521,-0.3526493783321911,-1.3727192995607433,-0.12476801406745036,-0.17994118526897837
SNU-423,-0.5530166577303877,-0.29342933408754884,-0.6910457626856227,-0.011769689059064956,-1.066600793295425,-0.7442373761155789,-0.3903847696713652,-0.5963535336506465,0.33391103536041966,-0.3633759215644481,-1.2856577809598217,-0.8246844985051871
NCI-H23,-0.4509416328584506,0.9735520938783663,-0.4040689820868582,-0.3781261890415376,0.11563998638773244,0.4159910789682127,1.0321746480377412,0.7563688107569178,-0.7358177161972527,0.029146029199743965,-0.09638749619712092,0.13688425169377258
NCI-H2347,1.3530338899379488,-0.12519789333223807,0.37768113196736197,0.19216364388321427,1.4115674316472606,1.6525281675263033,-0.6119006832896478,0.5424498370472143,-0.6068356480229072,1.6784603059524146,0.5467193742857276,1.2531973511243963
NCI-H1792,-1.9038523344334237,-1.737423372925787,-1.5658521857787622,-2.4259425820189713,-1.851469962639068,-2.031733781874205,-1.2322208026310018,-2.6540339089559435,-0.5679895324969843,-2.043338953063177,-1.3373124054610381,-1.982920059979457
HOP62,-0.8179317239523837,-0.424053982273908,-0.9173610368225845,-0.2598853987401111,-1.4794327089094597,-0.6405649087400791,-0.5470003278760784,-0.490149973898675,-0.051680923034358964,-0.05097359755141891,-1.3164797697788893,-0.7734104954809978
SHP-77,-1.804436800632402,-1.1908829746751095,-0.48724651230889,-1.125679752735511,-1.269086754843027,-2.272120390595026,2.808577421618728,-1.4803405702641612,0.8639228363006834,-2.9794107782588095,-0.6176533118389954,-1.438180747527831
NCI-H1573,0.7518802586097909,-2.052749764353329,0.35737680953050927,-0.9271116273925932,0.42927543313160077,0.5743740181165434,-1.03036211309599,-0.6306734850380765,-1.1428066653423832,-0.20373379473539474,0.46894418426507783,0.4314184014607194
SW 1271,-0.7731641580475873,1.1232580865446655,-0.5319168700917878,-0.7992201359891338,-0.3686813584822835,-0.4131001266949422,0.16057981362759818,-0.4650499905529111,-0.46243140717636805,-0.5541693174036194,-0.4060778023831156,-0.3849086581135079
NCI-H2030,-0.6016653093300199,-0.09371543630997345,-0.5765856880278201,-0.6214429177967595,0.005182414700168274,0.29525547186195755,-0.2862706927202433,-0.4930207215186996,-0.997148213639795,-0.7464859062379839,-0.19929511654037563,-0.007692365787188713
A549,-0.4129051766893716,-0.1390510465023069,-0.4539267267133695,-0.8225009673795647,-0.3424383400099198,-0.14797267756749885,-0.757915514813459,-1.199281935817191,-1.3319271526578251,-1.3039572804368948,-0.14138681432631325,0.02676002565746348
A-427,-0.5044689185679112,0.3296079815026916,-0.4319315057702518,-0.7755036626208931,0.3141381016672519,-0.18772255483116562,1.7621107914654146,0.6799905664308352,-0.5430039091151707,-0.3723908821111812,0.013669718402206356,-0.12260643766003045
SW 900,-0.6329039348622292,-0.3109335945730958,-0.6201931608517758,-0.9210121159914025,-0.26024619960024814,-0.5042647957370666,-0.3444114531224814,-0.6604928030268422,-0.8392812605337507,-0.899849111892017,-0.42983182606189085,-0.10937912515231157
NCI-H460,-1.232153570382765,-0.6142366355341614,-1.2647267537995859,-1.2476408298910857,-0.9961090233476017,-1.3953566100847559,0.20685251516049888,-1.1214143879051175,-1.071906670597656,-1.595511736118418,-0.8254492222740648,-1.1486933386033404
CFPAC-1,0.41609443149063663,-2.3049078397752445,-0.08839264876085198,-0.3894988422925035,0.12452207112997844,0.24987218459021035,-1.6884537205629357,-1.0256969095911699,-1.345280924197787,-0.5963028405632569,0.2221428832943365,0.5828554303028133
PANC-1,-0.20489051899691457,1.1405612368273863,-0.27028378900743294,-0.4523350945188372,0.29939566935337464,0.6637643272088529,0.1893525291511363,0.4802576201943666,-0.36906319642486174,0.20487613252716988,0.15012655538840014,0.10328804458396194
MIA PaCa-2,-0.22828140829782187,0.591667471185978,-0.29910942901759396,-0.994963018707349,0.07776147752384989,0.6912576345446493,0.3414244674624986,0.4354746116418939,-1.1102244833561108,1.0431659908850788,0.045325348227963524,0.20172087972595637
Panc 03.27,1.269371462892787,-0.19901160685653366,0.6078903329249088,0.8787515103892561,1.3004373428513822,1.2778874310880128,-1.0796753524510072,0.9513591171438898,0.6931130856890918,0.6109661037793654,0.8407821067310425,1.3922628914941881
Hs 766T,-0.1642221108207062,1.4836821136119753,-0.5836883877665268,-1.5038551834369995,0.3682710931926036,-0.07825456081844383,-0.3577530000319227,-0.7600630823616034,-2.293643413638413,0.14626986222068575,-0.23697202650281982,-0.49299501330575934
AsPC-1,1.1626981398226148,-0.6250251156129257,0.8968033070739071,-0.628745251349314,0.33641354849971905,0.8867669102970533,-0.38779500528984795,-0.4550215771137196,-1.3623971533316914,0.4694127241716232,0.7672679811649699,0.7180281505918135
hTERT-HPNE,-0.3496153407385881,-0.29344657240482713,-0.20772955323586592,1.851647239971485,-0.2065021162663668,0.07099142950783688,-0.33995320758819264,0.10349158906317703,1.9149801683334022,1.0935871907986883,-0.7115416281063298,-0.35085527149587686
CHP-212,-0.18645854110015508,1.0014965038477674,-0.4557533831106272,1.6779443756945118,-0.6003927577852044,-1.4909947600474285,1.6751518163873593,0.87512201364772,1.799525488812051,-1.4971990392729537,-1.1650686821828886,-0.5376090188195217
LOX-IMVI,-0.5700544539066551,0.5619353534992141,-0.9251608030310011,-0.16929679844395748,-1.0249952555043704,-0.5409442364485363,0.32605628673322207,-0.1530791064791031,0.11209873952570447,-0.8021516274093532,-0.9961393541023608,-1.2399103183001128
C32,-0.8774787041798606,0.3668551683729042,-1.241137562682647,-0.43967693060900964,-1.8451740427709182,-2.062771743288136,0.5871882110606086,-1.550197149851115,0.5298572246985559,-0.6468102411407185,-1.4894541509272625,-2.491851594031502
RPMI-7951,-0.6930721485537799,-0.35064052631022014,-0.5274538350184875,0.19081710639144375,-0.8667454825077763,-0.19916811648075952,-0.22972561176012252,-0.28687035849505294,1.1763200288381743,0.7259569834512303,-1.0158565118023641,-0.5796729826893854
SK-MEL-2,-0.9554214841680698,0.9112764460768652,-0.871362667721069,-0.8476871123255096,-1.1653243696644877,-1.4634249631020249,0.8821537528046552,-0.9172966137047862,-0.38675921231394794,0.760263853346333,-0.9623188013357099,-1.3485617817788262
HEC-1-A,0.4885239993923289,0.5670551207775222,0.36327361871253294,1.263888723508829,0.909817035073155,0.6112489361592329,-0.0661329663427254,0.9635361033077277,1.5362611284453311,-0.5250364482351951,0.7229724375013746,1.234974627819201
AN3 CA,-0.14060544235230332,2.0499811718008933,-0.30254502029152575,1.0176976786886645,0.0375841912188247,-0.11826644242023968,1.5333539877793259,1.4983555992392437,0.29960934618627144,0.3982964571601485,0.03226980525515347,0.06172850924115594
