perturbation,n_contexts,n_pairs,shared,context_specific,index,estimable,pert_iname,key,moa-fine
BRD-K09951645,21,4734,0.3156392147143682,1.0963169479662636,0.7764525393514203,True,dabrafenib,dabrafenib,RAF inhibitor
BRD-K05804044,24,4830,0.30124043156589125,0.6887147700859507,0.6957029660905456,True,AZ-628,az628,RAF inhibitor
BRD-K42728290,22,2293,0.26527350718580833,0.5525007886459037,0.675615254064676,True,NVP-BGJ398,nvpbgj398,FGFR inhibitor
BRD-K49865102,30,77595,0.5279029589978164,0.9635808712764966,0.6460551912917992,True,PD-0325901,pd0325901,MEK inhibitor
BRD-A10523515,19,2283,0.15069740568829137,0.27313063572243756,0.6444373874208773,True,GSK-429286A,gsk429286a,rho associated kinase inhibitor
BRD-K66847579,22,2544,0.1212993710861539,0.19507197131065368,0.6165917868312655,True,WZ-7043,wz7043,
BRD-K56343971,16,6829,0.22403830042538128,0.35543828206201217,0.6133781636805742,True,vemurafenib,vemurafenib,RAF inhibitor
BRD-K76401790,19,2442,0.36933024502333317,0.5614764644760145,0.6032148874152566,True,JNK-IN-5A,jnkin5a,
BRD-A61304759,21,740,1.5695970058441162,2.3740999624304586,0.6019985768503816,True,tanespimycin,tanespimycin,HSP inhibitor
BRD-K57080016,18,7844,0.3319616904706038,0.4950993174846086,0.5986249052033893,True,selumetinib,selumetinib,MEK inhibitor
BRD-A45540146,19,2472,0.09132667493936411,0.13541617589782878,0.5972235746257818,True,KI-20227,ki20227,c-Fms inhibitor
BRD-K49328571,30,76617,0.26779200995302394,0.3843639303987914,0.589374268662554,True,dasatinib,dasatinib,Bcr-Abl kinase inhibitor|ephrin inhibitor|KIT inhibitor|PDGFR tyrosine kinase receptor inhibitor|SRC inhibitor|tyrosine kinase inhibitor
BRD-K66538826,24,4819,0.1202360908741249,0.1702682554121854,0.5861125920793465,True,amuvatinib,amuvatinib,FLT3 inhibitor|KIT inhibitor|PDGFR tyrosine kinase receptor inhibitor|RAD51 inhibitor|RET tyrosine kinase inhibitor
BRD-K55187425,19,2406,0.398019312636953,0.558425511905316,0.5838554379470501,True,rigosertib,rigosertib,cell cycle inhibitor|PLK inhibitor
BRD-A68739437,19,2437,0.10929139448183306,0.14308049854650293,0.5669430808225465,True,NPK76-II-72-1,npk76ii721,
BRD-K05104363,15,6774,0.40500799274825033,0.5253244213131735,0.5646631390814786,True,PD-184352,pd184352,MEK inhibitor
BRD-K24496482,13,4098,0.12997694341764507,0.1674216698677572,0.5629537677335734,True,SB-590885,sb590885,RAF inhibitor
BRD-K37687095,15,6714,0.6894805879674406,0.8657254114385083,0.5566628548045689,True,AZD-8330,azd8330,MEK inhibitor
BRD-K83963101,21,4736,0.130156182932357,0.15834474743174606,0.5488535070992901,True,MLN-8054,mln8054,Aurora kinase inhibitor
BRD-A35869383,22,2520,0.11128994194790721,0.13226649719757597,0.5430630274511832,True,ibrutinib,ibrutinib,Bruton's tyrosine kinase (BTK) inhibitor
BRD-K37720887,22,2532,0.13317810986191034,0.1523838355512193,0.5336279500784384,True,SB-525334,sb525334,TGF beta receptor inhibitor
BRD-K67578145,19,2460,0.12808274954307677,0.14550674908262712,0.5318433266391339,True,GDC-0879,gdc0879,RAF inhibitor
BRD-K26838195,22,2472,0.16378619060183053,0.17898707803960626,0.5221733851913594,True,AST-1306,ast1306,EGFR inhibitor
BRD-A90451247,19,2330,0.16504316664167812,0.17250774022143173,0.5110569597473793,True,KU-60019,ku60019,ATM kinase inhibitor
BRD-U70626184,19,2231,0.16671113835680001,0.17247898681127374,0.5085023826262861,True,BI-2536,bi2536,PLK inhibitor
BRD-K79254416,21,5109,0.10198170498285526,0.1035236514459237,0.503751596770673,True,decitabine,decitabine,DNA methyltransferase inhibitor
BRD-K12040459,22,2520,0.18219614411729917,0.18204426907588697,0.49979151813484846,True,AT7867,at7867,AKT inhibitor
BRD-K54256913,21,4618,0.49167110910441014,0.4808549877145954,0.4944391613627682,True,MK-1775,mk1775,WEE1 kinase inhibitor
BRD-K09991945,22,2509,0.10394047868985627,0.10146146422774827,0.49396545517803975,True,GSK-3-inhibitor-II,gsk3inhibitorii,
BRD-K33379087,24,4854,0.25223658038712826,0.2415188782190639,0.4891467507029501,True,tivantinib,tivantinib,tyrosine kinase inhibitor
BRD-K28392481,24,4782,0.294197462671742,0.2812152965016299,0.4887192576431898,True,AZD-4547,azd4547,FGFR inhibitor
BRD-K32536677,19,2397,0.12413414064689544,0.11853843735301177,0.48847067241794867,True,AGK-2,agk2,
BRD-K68336408,22,2532,0.11070222111418843,0.10527991653505503,0.4874473309734084,True,tyrphostin-AG-1478,tyrphostinag1478,EGFR inhibitor
BRD-K26760349,22,2508,0.21565387149651846,0.20019938704290166,0.4814183439274989,True,HG-9-91-01,hg99101,
BRD-K78790801,19,2460,0.06975532826764623,0.06460013675090655,0.4808151029955208,True,KIN001-269,kin001269,
BRD-K92428232,21,4782,0.49234916105587617,0.45364911784499634,0.47954539449276573,True,GSK-461364,gsk461364,PLK inhibitor
BRD-K51575138,22,2267,0.24492223138414967,0.22481399297087937,0.47859624468936807,True,TPCA-1,tpca1,IKK inhibitor
BRD-K22096725,22,2532,0.07855933178216219,0.07115477782826067,0.47527102163861107,True,ALW-II-49-7,alwii497,
BRD-K16478699,13,3950,0.11299975928479591,0.10200593833863572,0.4744336520667114,True,PLX-4720,plx4720,RAF inhibitor
BRD-K70642949,19,2448,0.1908732140515031,0.1720629861126499,0.4740860405625762,True,GSK-2334470,gsk2334470,phosphoinositide dependent kinase inhibitor
BRD-K12787259,21,4806,0.1854742885746571,0.1664921889078073,0.4730342221756112,True,CX-5461,cx5461,RNA polymerase inhibitor
BRD-K25340465,22,2521,0.1029981006132929,0.09099126396291739,0.4690528481378201,True,OSI-930,osi930,KIT inhibitor|VEGFR inhibitor
BRD-K09132007,21,4848,0.08721641030200977,0.0769031151929155,0.46857992649566504,True,D-4476,d4476,TGF beta receptor inhibitor
BRD-K68191783,19,2418,0.16093962974427792,0.14107192786079284,0.46710771263021444,True,ALW-II-38-3,alwii383,
BRD-K53414658,24,4812,0.13076954034524632,0.11162405488786654,0.460507443608468,True,tivozanib,tivozanib,VEGFR inhibitor
BRD-K87904882,19,2089,0.27388920105721165,0.23163233566553393,0.45820468335965914,True,chelerythrine,chelerythrine,
BRD-K70511574,21,4848,0.37905166024707027,0.318357137573768,0.4564856918474847,True,HMN-214,hmn214,PLK inhibitor
BRD-K93123848,21,4776,0.39568590304787227,0.33081651869629447,0.4553550116214058,True,RAF-265,raf265,RAF inhibitor|VEGFR inhibitor
BRD-K43002773,22,2532,0.16007349928840994,0.13308423157534877,0.453968009587296,True,GDC-0068,gdc0068,AKT inhibitor
BRD-K99616396,22,2544,0.07686363691998241,0.0638743859872679,0.45385308581009864,True,motesanib,motesanib,KIT inhibitor|PDGFR tyrosine kinase receptor inhibitor|VEGFR inhibitor
BRD-K05870596,19,2371,0.19329853550615636,0.15998172618738657,0.4528464891315229,True,XMD-1499,xmd1499,
BRD-A29009894,19,2404,0.08433754298909865,0.06978598842951807,0.452792560533612,True,AZD-1480,azd1480,JAK inhibitor
BRD-K11153516,21,4622,0.13258197602472807,0.10951793689339054,0.4523666926325205,True,iniparib,iniparib,PARP inhibitor
BRD-K29415052,22,1408,1.7697602805360269,1.446298269391677,0.44971142376253986,True,BGT-226,bgt226,PI3K inhibitor
BRD-A25736793,22,2510,0.3466429334489544,0.2799652803692923,0.446794782122819,True,everolimus,everolimus,mTOR inhibitor
BRD-K21025364,22,2461,0.5288547857003357,0.4249126592948836,0.4455097115387634,True,NVP-TAE226,nvptae226,protein tyrosine kinase inhibitor
BRD-K59317601,24,4715,1.4319757635068708,1.1423806372028626,0.4437538784015747,True,MLN-0128,mln0128,mTOR inhibitor
BRD-A92800748,19,2460,0.13401376258311326,0.10306767946227721,0.4347353321840533,True,tie2-kinase-inhibitor,tie2kinaseinhibitor,TIE tyrosine kinase inhibitor
BRD-K54606188,19,2762,1.0394497335439101,0.797878040978451,0.4342600444201474,True,JQ1-(+),jq1,bromodomain inhibitor
BRD-K26756394,19,2472,0.11373046443156877,0.08504898304172427,0.42785601893350167,True,VE-821,ve821,ATR kinase inhibitor
BRD-K82484347,19,2412,0.19510428784758105,0.14351448227478292,0.4238231750204581,True,GSK-J2,gskj2,histone demethylase inhibitor
BRD-K24515980,19,2448,0.13312503261392525,0.09485877405650707,0.4160768058129345,True,QL-XI-92,qlxi92,
BRD-K68407802,19,2228,0.3576029380133679,0.2538921867472028,0.4151990366997834,True,KIN001-055,kin001055,
BRD-K97056771,19,2448,0.09847708956367161,0.06984118814088837,0.4149352589234358,True,GNF-2,gnf2,Bcr-Abl kinase inhibitor
BRD-K42436189,19,2460,0.3343490774030459,0.2365067958024045,0.4143021153034296,True,AZ-20,az20,ATR kinase inhibitor
BRD-K02708799,28,66490,0.5551436463599309,0.39104223023493073,0.41328267511476224,True,GSK-1059615,gsk1059615,PI3K inhibitor
BRD-K14109347,19,2472,0.2259990351279798,0.1564132351238086,0.4090173022450948,True,LY-2603618,ly2603618,CHK inhibitor
BRD-K64857848,22,2509,0.25292390915460156,0.17324835683480175,0.406521894221783,True,XMD-885,xmd885,
BRD-K44227013,19,1989,0.45941363491209936,0.31190957472903835,0.4043824570949394,True,ponatinib,ponatinib,Bcr-Abl kinase inhibitor|FLT3 inhibitor|PDGFR tyrosine kinase receptor inhibitor
BRD-U86686840,19,2424,0.1309796209276562,0.08749714810457392,0.40048719363689494,True,AZD-7762,azd7762,CHK inhibitor
BRD-K42828737,22,2420,0.2797783522460705,0.18609941127702348,0.3994597421213867,True,sunitinib,sunitinib,FLT3 inhibitor|KIT inhibitor|PDGFR tyrosine kinase receptor inhibitor|RET tyrosine kinase inhibitor|VEGFR inhibitor
BRD-K36363294,19,2772,0.8180568102066235,0.5390665180215966,0.3972126237969617,True,I-BET-151,ibet151,bromodomain inhibitor
BRD-K76694128,22,2438,0.799236247949588,0.5230647751783305,0.3955716331074256,True,rebastinib,rebastinib,Bcr-Abl kinase inhibitor|TIE tyrosine kinase inhibitor|VEGFR inhibitor
BRD-K19540840,17,7929,0.1508895685215496,0.09822666532254032,0.3943005391772892,True,saracatinib,saracatinib,SRC inhibitor
BRD-K50387473,19,2460,0.23815139678603445,0.15501343619761154,0.3942708584113357,True,XMD-892,xmd892,MAP kinase inhibitor
BRD-K56277358,19,2448,0.13797605960142045,0.08969523990489048,0.39396814661921925,True,MGCD-265,mgcd265,VEGFR inhibitor
BRD-K03406345,19,2472,0.46332580050386096,0.30033180422306827,0.3932807090036925,True,azacitidine,azacitidine,DNA methyltransferase inhibitor
BRD-K16485616,19,2448,1.3385509074736042,0.863618086045023,0.39216703558482735,True,mocetinostat,mocetinostat,HDAC inhibitor
BRD-K40738845,24,4739,0.08989924143713254,0.05726838955528488,0.38913713001356626,True,BMS-777607,bms777607,AXL kinase inhibitor|c-Met inhibitor|FLT3 inhibitor|hepatocyte growth factor receptor inhibitor|macrophage migration inhibiting factor inhibitor|tyrosine kinase inhibitor
BRD-K79259477,19,2472,0.20557020936669745,0.13004932609111905,0.38749033459485477,True,NVP-BHG712,nvpbhg712,ephrin inhibitor
BRD-K53561341,19,2376,0.13304943170144476,0.0833734214641662,0.3852339078090207,True,aurora-a-inhibitor-i,auroraainhibitori,Aurora kinase inhibitor
BRD-K87142802,19,11917,0.05469020870866395,0.03418138747216914,0.384615433288921,True,veliparib,veliparib,PARP inhibitor
BRD-A79768653,30,12097,0.27516874572578465,0.1716222127978573,0.3841219467935494,True,sirolimus,sirolimus,mTOR inhibitor
BRD-K98143437,19,2484,0.10773184647162755,0.06697162599827963,0.38334456122396504,True,SB-239063,sb239063,p38 MAPK inhibitor
BRD-K99964838,24,4836,0.29723427682602155,0.1847456640513649,0.3833057112606339,True,bosutinib,bosutinib,Abl kinase inhibitor|Bcr-Abl kinase inhibitor|SRC inhibitor
BRD-K49468759,22,2532,0.12424137311056256,0.07658363130934956,0.38134509958340707,True,KIN001-266,kin001266,
BRD-K49055432,22,2350,0.16930604636824378,0.10348845329014907,0.3793641492762595,True,A-66,a66,PI3K inhibitor
BRD-K30632436,19,2460,0.10291969990513844,0.06263080245611846,0.3783184077535949,True,CTB,ctb,
BRD-K65182930,13,4000,0.8177387443455783,0.4937239743805876,0.3764681735369082,True,NVP-AUY922,nvpauy922,HSP inhibitor
BRD-K56301217,21,4712,0.12135614323219084,0.07288753006052134,0.37523760143623686,True,ABT-737,abt737,BCL inhibitor
BRD-K36740062,21,4794,0.527305057527366,0.31161799366253057,0.3714500313473845,True,GSK-1070916,gsk1070916,Aurora kinase inhibitor
BRD-A37704979,19,2413,0.08320072213303571,0.049110216723116516,0.3711727627940793,True,SB-203580,sb203580,p38 MAPK inhibitor
BRD-K53328210,19,2460,0.09192180960288261,0.05411936743907344,0.37057608364472117,True,JW55,jw55,tankyrase inhibitor
BRD-K31313613,22,2412,0.12111030361952696,0.0709989940548996,0.36957604298373803,True,BS-181,bs181,CDK inhibitor
BRD-K41895714,17,7727,0.17414230540561587,0.10145216801180969,0.36812119907116747,True,AS-605240,as605240,
BRD-K83452553,19,2425,0.11074926769229727,0.06443256228629046,0.36780391147966646,True,daminozide,daminozide,KDM2A inhibitor
BRD-A13021932,22,2556,0.17871469321350256,0.10379249630891757,0.36739771644176317,True,BMS-509744,bms509744,
BRD-K72703948,19,2424,0.14874387354078428,0.08611428503971681,0.36666507802069764,True,ZM-447439,zm447439,Aurora kinase inhibitor
BRD-K47983010,19,2430,0.15348348415949764,0.08869769242573591,0.36624519575128717,True,BX-795,bx795,IKK inhibitor
BRD-K86856088,19,2436,0.2342812925200449,0.13511668915280486,0.36577538550946487,True,UNC-0638,unc0638,histone lysine methyltransferase inhibitor
BRD-K53281329,19,2460,0.31979844315424977,0.180612941083583,0.3609289212288229,True,SYK-inhibitor,sykinhibitor,
BRD-K21718444,24,4571,0.17613869514858838,0.09890208422718866,0.3595906194407003,True,KW-2449,kw2449,Abl kinase inhibitor|Aurora kinase inhibitor|FLT3 inhibitor
BRD-K71035033,24,4650,0.10061981424313876,0.05625415002546292,0.35859455893613945,True,masitinib,masitinib,KIT inhibitor|PDGFR tyrosine kinase receptor inhibitor|SRC inhibitor
BRD-K50168500,17,7721,0.21765573819478354,0.12134099191049497,0.3579414818332065,True,canertinib,canertinib,EGFR inhibitor
BRD-K76964878,19,2748,0.09926048219604518,0.0549361923071155,0.35627352200769696,True,EX-527,ex527,SIRT inhibitor
BRD-K55591206,19,2460,0.0880697271344382,0.0483967565893255,0.3546420723149174,True,epigallocatechin-gallate-(-),epigallocatechingallate,bacterial DNA gyrase inhibitor
BRD-K52751261,21,4664,0.07793693844252413,0.0428101754502929,0.35454408863382014,True,TAK-715,tak715,p38 MAPK inhibitor
BRD-K08109215,21,5269,0.6383656311226658,0.34999783907162524,0.35411855013502597,True,I-BET-762,ibet762,bromodomain inhibitor
BRD-K53417444,24,2476,6.281740252564593,3.440557830026818,0.3538831869583823,True,OTS-167,ots167,maternal embryonic leucine zipper kinase inhibitor
BRD-K20526256,22,2334,0.48080003877896915,0.2611980164820078,0.3520198127610169,True,HG-14-10-04,hg141004,
BRD-K56751279,17,6989,0.1353411879390478,0.07333729278517093,0.3514367774322193,True,Y-39983,y39983,rho associated kinase inhibitor
BRD-K07859598,19,2448,0.10363020173975733,0.05582352224241969,0.3500923079642804,True,GW-5074,gw5074,leucine rich repeat kinase inhibitor|RAF inhibitor
BRD-K42191735,15,6122,0.4770026690674575,0.2569326570732968,0.3500753375972834,True,buparlisib,buparlisib,PI3K inhibitor
BRD-A19500257,15,19129,0.48742243718910727,0.2622127611897482,0.3497871521465424,True,geldanamycin,geldanamycin,HSP inhibitor
BRD-K60866521,24,4856,0.21861404417460906,0.11666798333220556,0.34796969047150694,True,idelalisib,idelalisib,PI3K inhibitor
BRD-K24050847,22,2544,0.06672162687094729,0.03541002724267163,0.3467096224964579,True,KIN001-270,kin001270,
BRD-K03063480,13,4063,0.2383121144440439,0.12345500149972258,0.34125545429317733,True,PF-477736,pf477736,CHK inhibitor
BRD-K64890080,17,7806,1.0146465650594878,0.5221452801334097,0.3397631772752348,True,BI-2536,bi2536,PLK inhibitor
BRD-K04833372,15,4744,0.08788338987462556,0.04498927497174773,0.33858939326432647,True,GSK-1904529A,gsk1904529a,IGF-1 inhibitor|insulin growth factor receptor inhibitor|insulin receptor ligand
BRD-K16730910,21,4818,0.20073630531464726,0.10258638492676318,0.33820874015430913,True,regorafenib,regorafenib,FGFR inhibitor|KIT inhibitor|PDGFR tyrosine kinase receptor inhibitor|RAF inhibitor|RET tyrosine kinase inhibitor|VEGFR inhibitor
BRD-K59184148,22,2508,0.10254040358578739,0.052385071282632624,0.338130777569821,True,SB-216763,sb216763,glycogen synthase kinase inhibitor
BRD-K50140147,15,4988,0.2824835196538193,0.14345770953923018,0.3368016517466798,True,NVP-TAE684,nvptae684,ALK tyrosine kinase receptor inhibitor
BRD-K12343256,13,3218,0.6637849985576066,0.3334361228790733,0.33436528339742483,True,trametinib,trametinib,MEK inhibitor
BRD-K77625799,24,4801,0.22093393074459397,0.11059403673417063,0.33358886001451604,True,vandetanib,vandetanib,EGFR inhibitor|RET tyrosine kinase inhibitor|VEGFR inhibitor
BRD-K46056750,15,4997,0.35971907127311586,0.17997405446453363,0.33347479499307336,True,AZD-7762,azd7762,CHK inhibitor
BRD-K67868012,17,7368,0.430239308653897,0.21375961461331972,0.3319254223731422,True,PI-103,pi103,mTOR inhibitor|PI3K inhibitor
BRD-A50737080,19,2472,0.45838962001388783,0.22593709017957034,0.3301596836921626,True,CGK-733,cgk733,ATM kinase inhibitor|ATR kinase inhibitor
BRD-K19687926,17,7510,0.08845490404176262,0.043416585760034536,0.32923405828879054,True,lapatinib,lapatinib,EGFR inhibitor
BRD-K85606544,15,6762,0.34769398249014255,0.16886908820761246,0.32690894449638086,True,neratinib,neratinib,EGFR inhibitor
BRD-K98251413,19,2424,0.11368266228638904,0.05392312315532811,0.3217259059000634,True,IOX2,iox2,hypoxia inducible factor inhibitor
BRD-A87137733,13,3848,0.1633407464694409,0.0771319299839317,0.3207513266019123,True,GSK-690693,gsk690693,AKT inhibitor
BRD-K02113016,21,16250,0.07655588727710502,0.03614961373416647,0.32074400459433833,True,olaparib,olaparib,PARP inhibitor
BRD-K79239947,19,2402,0.11660815511563682,0.055061193135629884,0.3207398041439445,True,PF-573228,pf573228,focal adhesion kinase inhibitor
BRD-K92723993,17,7944,0.07039184129509563,0.03319968409393152,0.320486487376777,True,imatinib,imatinib,Bcr-Abl kinase inhibitor|KIT inhibitor|PDGFR tyrosine kinase receptor inhibitor
BRD-K74065929,24,4820,0.08542894963175059,0.040217679620528614,0.3200856231469423,True,doramapimod,doramapimod,p38 MAPK inhibitor
BRD-K51544265,24,4896,0.15806520680586497,0.07438853256618945,0.3200143511011741,True,cabozantinib,cabozantinib,RET tyrosine kinase inhibitor|VEGFR inhibitor
BRD-K13094524,19,2424,0.361542575774898,0.16966001408964496,0.3193885295870044,True,PFI-1,pfi1,bromodomain inhibitor
BRD-K59369769,15,6751,0.20753570053171605,0.09676150088003506,0.3179835385640139,True,tozasertib,tozasertib,Aurora kinase inhibitor|Bcr-Abl kinase inhibitor|FLT3 inhibitor|JAK inhibitor
BRD-K79018442,19,2448,0.08651439676515195,0.040182245992404136,0.31715320246721923,True,KIN001-260,kin001260,
BRD-A58767537,15,4809,0.24601432377129645,0.11349958505680172,0.3157029040316535,True,afatinib,afatinib,EGFR inhibitor
BRD-K74514084,24,5016,0.1351627131780213,0.062072905712214056,0.31471448241181316,True,pazopanib,pazopanib,KIT inhibitor|PDGFR tyrosine kinase receptor inhibitor|VEGFR inhibitor
BRD-K37764012,21,4255,1.7536727848042428,0.8053287957417734,0.31470429790431775,True,PF-03758309,pf03758309,p21 activated kinase inhibitor
BRD-K44100512,15,5062,0.23698640213284677,0.10728340614469391,0.3116259502436677,True,KIN001-043,kin001043,
BRD-K77908580,21,5062,1.1080824787407932,0.4928102281478953,0.30783463877830064,True,entinostat,entinostat,HDAC inhibitor
BRD-A58280226,21,4682,0.07165292803533922,0.03142267674027569,0.30485076278407147,True,Y-27632,y27632,rho associated kinase inhibitor
BRD-K90382497,15,4947,0.1423721703311342,0.062289285148935745,0.30435279082143296,True,GW-843682X,gw843682x,PLK inhibitor
BRD-K08799216,15,6764,0.42986768916217505,0.18801323147082535,0.30428716147799395,True,pelitinib,pelitinib,EGFR inhibitor
BRD-K40175214,17,7660,0.5317984286107516,0.23090042268441927,0.30274127500299447,True,torin-1,torin1,mTOR inhibitor
BRD-K11267252,21,4718,0.09804998306402316,0.04197175820807819,0.29975172303074954,True,alectinib,alectinib,ALK tyrosine kinase receptor inhibitor
BRD-K86797399,21,4705,2.6222983762121,1.1218672709895305,0.2996307793775118,True,SB-939,sb939,HDAC inhibitor
BRD-K70401845,15,6463,0.1747190529399592,0.07461173249916067,0.29924797440378226,True,erlotinib,erlotinib,EGFR inhibitor
BRD-K25311561,19,2733,0.10282964477451836,0.04382812594404786,0.29884625771486256,True,KU-55933,ku55933,ATM kinase inhibitor
BRD-A39996500,15,19263,0.47402816208433185,0.2013853641422897,0.29816602173690976,True,radicicol,radicicol,
BRD-K80738081,21,5334,0.08248568600416184,0.03503394698588038,0.29811143971874815,True,resveratrol,resveratrol,cytochrome P450 inhibitor|SIRT activator
BRD-K57169635,24,4696,0.2785731218755245,0.11801566571642085,0.2975769094053372,True,dacomitinib,dacomitinib,EGFR inhibitor
BRD-K26818574,19,2655,0.262059177507411,0.1107958333371718,0.29715527514622797,True,BIX-01294,bix01294,histone lysine methyltransferase inhibitor
BRD-K51313569,18,7950,0.49515738073413984,0.20864896850714212,0.29645792302395413,True,palbociclib,palbociclib,CDK inhibitor
BRD-K64052750,17,7703,0.11148353457868657,0.046730893642193065,0.29536429874115594,True,gefitinib,gefitinib,EGFR inhibitor
BRD-K69932463,15,4547,0.4142586041725319,0.17297877613408078,0.2945636329277333,True,AZD-8055,azd8055,mTOR inhibitor
BRD-K94335714,19,2484,0.08588800206780434,0.03565606719447291,0.2933591693193312,True,MC1568,mc1568,HDAC inhibitor
BRD-K12184916,16,6930,0.9020963407614652,0.3729230300674886,0.2924842073772046,True,NVP-BEZ235,nvpbez235,mTOR inhibitor|PI3K inhibitor
BRD-K91900765,19,2460,0.09039311329495973,0.03682492950880159,0.28946310363857314,True,VX-745,vx745,p38 MAPK inhibitor
BRD-K66989831,19,2425,0.08819158851680621,0.03588612415387653,0.28922296665092984,True,anacardic-acid,anacardicacid,
BRD-K17743125,21,5170,1.8854717505872853,0.7668081084212854,0.2891128196056657,True,belinostat,belinostat,HDAC inhibitor
BRD-K21680192,29,26785,1.4851147729430707,0.6018742449018195,0.2883935850909936,True,mitoxantrone,mitoxantrone,topoisomerase inhibitor
BRD-K49075727,17,7897,0.19422102938354238,0.07791712331190899,0.2863145888959778,True,nintedanib,nintedanib,FGFR inhibitor|PDGFR tyrosine kinase receptor inhibitor|VEGFR inhibitor
BRD-K20285085,17,7588,0.09920467534903543,0.03979485541911072,0.2862948903438336,True,fostamatinib,fostamatinib,SYK inhibitor
BRD-K76969307,19,2460,0.09603217712411001,0.03840876964614296,0.2856924959906743,True,CG-930,cg930,
BRD-K24859147,19,2436,0.08303854936796627,0.03296723809093571,0.28418614978683887,True,KIN001-242,kin001242,
BRD-K13662825,23,2990,5.73174942656226,2.2464098108371715,0.28156993912914347,True,dinaciclib,dinaciclib,CDK inhibitor
BRD-K93918653,24,4866,0.11866807340438129,0.04637937715246204,0.28100632270286846,True,quizartinib,quizartinib,FLT3 inhibitor
BRD-K81418486,22,7320,1.7895253594630842,0.6983856219402855,0.2807116601681397,True,vorinostat,vorinostat,HDAC inhibitor
BRD-K32847255,19,2460,0.08380840897726613,0.032618042999796655,0.28016007055014225,True,GSK-J1,gskj1,histone demethylase inhibitor
BRD-K79090631,27,44490,3.932085988773852,1.5164772990777262,0.2783260868895382,True,CGP-60474,cgp60474,CDK inhibitor
BRD-K81528515,16,6990,0.17346997753501187,0.06683874771138218,0.27813699915744167,True,nilotinib,nilotinib,Abl kinase inhibitor|Bcr-Abl kinase inhibitor
BRD-K29983336,19,2460,0.09871166857094738,0.037752928294805047,0.27664998220706755,True,rondual-kinase-inhibitor,rondualkinaseinhibitor,
BRD-U24835547,19,2472,0.11194321554683377,0.04246899595491531,0.275036511308785,True,GSK-1059615,gsk1059615,PI3K inhibitor
BRD-K58772419,13,3976,0.11584224985802875,0.04340951788560512,0.2725842136677973,True,AZD-6482,azd6482,PI3K inhibitor
BRD-U60236422,13,4023,0.37392378218275363,0.13938042090607214,0.27153570936560745,True,WH-4-025,wh4025,
BRD-K68065987,17,7728,0.2630982053958988,0.09729129579933765,0.2699615151847371,True,MK-2206,mk2206,AKT inhibitor
BRD-K80700417,24,4542,0.26080766219029744,0.09571050603761079,0.2684589862933066,True,SGI-1776,sgi1776,Pim kinase inhibitor
BRD-K87737963,16,6910,0.22614130178564473,0.08216000323036615,0.2664925574223546,True,CYT387,cyt387,JAK inhibitor
BRD-K79404599,15,6565,0.139836826025796,0.050588249840356654,0.26565960186837206,True,enzastaurin,enzastaurin,PKC inhibitor
BRD-U51024685,15,4530,0.286259372319494,0.10330897069475083,0.26518831046539443,True,HG-6-64-01,hg66401,
BRD-K68756823,22,2556,0.08840867504477501,0.03182341230488636,0.264683189042014,True,FR-180204,fr180204,MAP kinase inhibitor
BRD-K63923597,13,3808,0.09964426867886932,0.03514996653269939,0.26076758013819457,True,barasertib-HQPA,barasertibhqpa,Aurora kinase inhibitor
BRD-A01645196,19,2439,0.11155221925190326,0.038761807509039514,0.25787219159982805,True,garcinol,garcinol,
BRD-K42918627,15,4846,0.9634386519394299,0.3328818009553169,0.2567897468654264,True,GSK-2126458,gsk2126458,mTOR inhibitor|PI3K inhibitor
BRD-K03449891,15,6334,0.5516226374331796,0.1904992142124478,0.25669533081396667,True,foretinib,foretinib,VEGFR inhibitor
BRD-K83972459,19,2371,0.3582716955244541,0.12343854379304714,0.25625061233478835,True,JWE-035,jwe035,
BRD-A45498368,15,5172,0.5827546320765852,0.20005933017060362,0.25556433561340974,True,WYE-125132,wye125132,mTOR inhibitor
BRD-K60219430,19,2460,0.12396421749665085,0.042057360812932,0.2533246656317592,True,serdemetan,serdemetan,MDM inhibitor
BRD-K85402309,13,3872,0.3254938686283123,0.10866417891732554,0.25028714665459,True,dovitinib,dovitinib,EGFR inhibitor|FGFR inhibitor|FLT3 inhibitor|PDGFR tyrosine kinase receptor inhibitor|VEGFR inhibitor
BRD-A29901043,19,2472,0.23820731923772764,0.0793251122904739,0.24981735537596153,True,KIN001-127,kin001127,
BRD-K09186807,22,2509,0.12732586434962762,0.04222883764758703,0.2490573080555486,True,KIN001-244,kin001244,
BRD-K23984367,17,7788,0.21669931435417905,0.0712422305981174,0.2474190746247478,True,sorafenib,sorafenib,FLT3 inhibitor|KIT inhibitor|PDGFR tyrosine kinase receptor inhibitor|RAF inhibitor|RET tyrosine kinase inhibitor|VEGFR inhibitor
BRD-K50000283,22,2322,0.907669656135534,0.2858420717797051,0.2394966593910211,True,PHA-767491,pha767491,CDC inhibitor
BRD-K52911425,17,7525,0.31143479384906847,0.09743616721318436,0.2383054227183162,True,GDC-0941,gdc0941,PI3K inhibitor
BRD-U61997977,15,5013,0.20884630395838233,0.06513663738494893,0.23773975513068693,True,WZ-4-145,wz4145,
BRD-K64800655,17,7900,0.7741143108245165,0.24136205080539483,0.2376835738628043,True,PHA-793887,pha793887,CDK inhibitor
BRD-K07667918,13,3950,0.15827840196310416,0.04929446877327907,0.23748030558329974,True,linsitinib,linsitinib,IGF-1 inhibitor
BRD-K68174511,13,3902,1.2800564583213556,0.3969865472379683,0.2367181675854318,True,torin-2,torin2,mTOR inhibitor
BRD-U07805514,19,2185,0.7914069359785462,0.24527924657339273,0.23659932070243833,True,saracatinib,saracatinib,SRC inhibitor
BRD-K99252563,15,4871,0.6067438857390148,0.1871288666246334,0.23571644960414959,True,QL-XII-47,qlxii47,
BRD-K16189898,16,5314,0.16081603309533127,0.04903637991495218,0.2336707937332569,True,CHIR-99021,chir99021,glycogen synthase kinase inhibitor
BRD-K54997624,14,4182,0.20644836677530212,0.06267334224817729,0.23288103540807026,True,alpelisib,alpelisib,PI3K inhibitor
BRD-K94176593,13,4074,0.163849640431279,0.04972748239374991,0.23283150243806164,True,TWS-119,tws119,glycogen synthase kinase inhibitor
BRD-K94012289,15,5160,0.2908640582159341,0.08653285994557738,0.2292887296672217,True,OSI-027,osi027,mTOR inhibitor
BRD-K52560704,19,2570,0.25878911751807565,0.07691720778524902,0.22912051989413995,True,methylstat,methylstat,
BRD-K82928847,21,4620,0.6258934007159301,0.1828840039472989,0.22612402731929795,True,ACY-1215,acy1215,HDAC inhibitor
BRD-K78431006,15,6075,0.3609055380362111,0.10446482891143097,0.22447675299270634,True,crizotinib,crizotinib,ALK tyrosine kinase receptor inhibitor
BRD-K72420232,22,2385,0.15851470437237766,0.04571050360641236,0.22382400321100254,True,WZ-4002,wz4002,EGFR inhibitor
BRD-K73368362,22,2412,0.10822113814737658,0.031034820757889776,0.22286170733277044,True,BIX-02189,bix02189,MEK inhibitor
BRD-K76908866,15,6632,0.10011184134736754,0.027248055083996636,0.21394533010382075,True,CP-724714,cp724714,EGFR inhibitor|protein tyrosine kinase inhibitor
BRD-K87909389,18,6906,2.2030997124606957,0.5896348552822381,0.21113172089203464,True,alvocidib,alvocidib,CDK inhibitor
BRD-K17588104,19,2388,0.100629585561618,0.026668470595529715,0.2094962908357992,True,JQ1-(-),jq1,bromodomain inhibitor
BRD-A18328003,13,3982,0.7514720758971046,0.1959424203805789,0.20681805181409102,True,GDC-0980,gdc0980,mTOR inhibitor|PI3K inhibitor
BRD-K63068307,15,5106,0.29453095435592286,0.07644962304637919,0.20607446239287888,True,ZSTK-474,zstk474,PI3K inhibitor
BRD-K01567962,19,2461,0.12111767805987896,0.03019619001671769,0.19955996367386544,True,pyrazolanthrone,pyrazolanthrone,JNK inhibitor
BRD-K47029922,19,2484,0.08503432944417,0.02092613079707221,0.19748999531928502,True,tranylcypromine,tranylcypromine,monoamine oxidase inhibitor
BRD-U22633929,15,4145,0.20407944136857986,0.048323348775303414,0.19145330662849044,True,XMD11-85H,xmd1185h,
BRD-K88378636,15,18740,0.5294584254477258,0.12448085738182739,0.19035537495653532,True,withaferin-a,withaferina,
BRD-K99749624,17,7589,0.26626221246777043,0.06257997490083886,0.1903039734700799,True,linifanib,linifanib,PDGFR tyrosine kinase receptor inhibitor|VEGFR inhibitor
BRD-K01436366,15,5178,0.2819194891546146,0.06550995236832734,0.18855613410644556,True,XMD-1150,xmd1150,
BRD-U41416256,15,5202,0.08012574615417052,0.018600774699401346,0.18840707176331517,True,THZ-2-98-01,thz29801,
BRD-K68548958,19,2778,0.231666266159142,0.0535728145132518,0.18781723173053516,True,BRD-K68548958,brdk68548958,
BRD-K92571446,13,2598,2.974757045927182,0.6872555908329006,0.18767155086634021,True,WZ-3105,wz3105,
BRD-K48488978,13,4016,0.1926075447558308,0.044253898968189063,0.18683454036424638,True,YM-201636,ym201636,PI3K inhibitor
BRD-K89391146,19,2460,0.10001544123671574,0.022825830412922757,0.18581564735039055,True,RG-108,rg108,DNA methyltransferase inhibitor
BRD-U64521890,13,4051,0.5171080110975873,0.11706194646559208,0.18459081050670828,True,XMD-16144,xmd16144,
BRD-K20696416,13,3952,0.2046887783174318,0.04568104004937989,0.1824542604510482,True,NVP-AEW541,nvpaew541,IGF-1 inhibitor
BRD-K21906513,19,2436,0.09987116877115175,0.02227975677135176,0.1823953168787028,True,UNC-669,unc669,L3MBTL antagonist
BRD-K88560311,19,2484,0.09179002419114113,0.020465789687373826,0.18231385066186623,True,rucaparib,rucaparib,PARP inhibitor
BRD-K42805893,24,4518,0.2834003876046379,0.0574183188596629,0.1684717351794691,True,osimertinib,osimertinib,EGFR inhibitor
BRD-K98203492,19,2758,0.15202352123440438,0.03048464159016896,0.16703166104121472,True,GSK-J4,gskj4,histone lysine demethylase inhibitor
BRD-K72636697,15,4840,0.36954993219806415,0.07383552161870532,0.16652671165260668,True,QL-X-138,qlx138,
BRD-K88573743,15,4307,1.6537491459389684,0.323385906785161,0.1635628817260584,True,A-443654,a443654,
BRD-K06569345,15,4603,0.17882319480714287,0.03472638908460763,0.16261511004493756,True,HG-5-88-01,hg58801,
BRD-K13390322,17,7509,1.586643025534981,0.3061247053447795,0.16173389917340378,True,AT-7519,at7519,CDK inhibitor
BRD-A21584801,13,4212,0.1057834265132745,0.02017627574544307,0.16018040201461878,True,brivanib,brivanib,FGFR inhibitor|VEGFR inhibitor
BRD-K29395450,13,4067,0.18244086309137914,0.034631746153957234,0.15953991742374227,True,PIK-93,pik93,PI3K inhibitor
BRD-K95435023,13,4057,0.17546702436994185,0.0323913762029631,0.1558338566720667,True,PHA-665752,pha665752,c-Met inhibitor
BRD-K15592317,13,4170,0.17584264805981878,0.030815446466628517,0.1491131839633065,True,CP-466722,cp466722,
BRD-A60245366,13,3432,0.7370525357089465,0.12880219911067853,0.14875728448549816,True,AS-601245,as601245,
BRD-K45746021,21,4974,0.12807784498650202,0.022135904426986062,0.14736270490162215,True,CC-401,cc401,JNK inhibitor
BRD-K43389698,15,4855,1.6430782337885093,0.2812414157835622,0.14615109077439625,True,BMS-387032,bms387032,CDK inhibitor|cell cycle inhibitor|MCL1 inhibitor
BRD-A24396574,15,4765,0.6158136632199862,0.10320039750092062,0.14353043026369827,True,celastrol,celastrol,
BRD-K49669041,13,4043,0.1415656340087264,0.023705949757910676,0.1434363319914898,True,BX-912,bx912,pyruvate dehydrogenase kinase inhibitor
BRD-K09537769,19,2401,0.13601128550156655,0.022156304249150677,0.140081190363149,True,NU-7026,nu7026,DNA dependent protein kinase inhibitor|mTOR inhibitor|PI3K inhibitor
BRD-K04801023,13,4006,0.10764114182890336,0.017298865071261597,0.1384573724658467,True,SAR-245408,sar245408,
BRD-K72414522,17,7495,1.287468231632596,0.20226922792403235,0.13577508347291686,True,AZD-5438,azd5438,CDK inhibitor
BRD-K57282030,15,5047,0.3752968529739031,0.05805967262296356,0.13397668938525234,True,JW-7-24-1,jw7241,
BRD-K93747373,13,3958,0.6195598400491881,0.09528016698811981,0.13328880036109547,True,HG-5-113-01,hg511301,
BRD-K19220233,15,4729,1.1583255807633388,0.17607591437810072,0.13195122683779487,True,JNK-9L,jnk9l,
BRD-K02965346,13,3862,0.13594633731104078,0.020599477051902026,0.13158753005138343,True,SU-11274,su11274,hepatocyte growth factor receptor inhibitor|tyrosine kinase inhibitor
BRD-K12502280,14,4131,0.4430810888364954,0.06433684463196207,0.12679261095915018,True,TG-101348,tg101348,
BRD-K99545815,17,7528,0.6567988654754999,0.0948105386054711,0.12614336394766176,True,PF-562271,pf562271,focal adhesion kinase inhibitor
BRD-A41692738,13,3883,0.11141295609470644,0.014479059680795861,0.11501173916077198,True,TGX-221,tgx221,PI3K inhibitor
BRD-K13566078,16,4956,0.42775903613102145,0.055192735189631185,0.11428208460381924,True,BMS-345541,bms345541,IKK inhibitor
BRD-K00337317,13,4075,0.25569605918563143,0.03216991916122391,0.11175311284080171,True,NU-7441,nu7441,DNA dependent protein kinase inhibitor
BRD-K93788137,13,3882,0.6686431879088992,0.07842811330673123,0.10498076044296363,True,PF-431396,pf431396,focal adhesion kinase inhibitor
BRD-K04853698,13,3623,0.7637043234816989,0.08535128990756181,0.1005249698154123,True,LDN-193189,ldn193189,bone morphogenic protein inhibitor
BRD-K04887706,15,6424,0.15815142882861508,0.01753896947612008,0.09982884463440467,True,AKT-inhibitor-1-2,aktinhibitor12,
BRD-K97764662,15,4928,0.11126642697090305,0.011858362958919285,0.09631174165396114,True,PD-173074,pd173074,FGFR inhibitor|VEGFR inhibitor
BRD-K83189926,19,2779,0.1067092795793876,0.009971662561711147,0.08546093628257403,True,UNC-1215,unc1215,L3MBTL antagonist
BRD-K73319509,24,4663,0.0675744171719101,0.005612570960173618,0.07668809857353835,True,PF-04217903,pf04217903,c-Met inhibitor
BRD-K53972329,14,4364,0.1390734412045864,0.011408999926143326,0.07581615396730507,True,ruxolitinib,ruxolitinib,JAK inhibitor
BRD-K02123250,21,4746,0.0648309700191021,0.004949668995380499,0.0709318381901493,True,JNJ-38877605,jnj38877605,tyrosine kinase inhibitor
BRD-K82181189,19,2472,0.09900603130003204,0.007484821177376502,0.07028604808064962,True,ischemin,ischemin,
BRD-K19477839,21,4800,0.0658334105098543,0.0026862980139132258,0.03920474957918751,True,SGX523,sgx523,hepatocyte growth factor receptor inhibitor
BRD-K07691486,16,6981,0.11811917432618939,0.003826498091468943,0.03137871164762094,True,roscovitine,roscovitine,CDK inhibitor
BRD-K75308783,22,2520,0.06926738745287846,0.0007001865935568016,0.010007301283478971,True,SAR-245409,sar245409,PI3K inhibitor
BRD-K41918892,19,2449,0.07683212535471476,0.0,0.0,True,A-769662,a769662,AMPK activator
