drug,driver_gene,n_mut,n_wt,pc1_var_frac,effect,p,q
DNA methyltransferase inhibitor,KRAS,23,25,0.3076403737068176,-0.4224931001663208,3.0622081165446555e-05,0.025263216961493407
Glucocorticoid receptor agonist,CDKN2A,21,27,0.1916694939136505,2.745211362838745,0.00041079235361122466,0.15650958617210392
HDAC inhibitor,TERT,11,37,0.13002021610736847,2.443866729736328,0.0006504559001451023,0.15650958617210392
Cyclooxygenase inhibitor,KRAS,23,25,0.22759361565113068,-0.7192840576171875,0.0011948810297364805,0.15650958617210392
Androgen receptor antagonist,KRAS,23,25,0.2500787377357483,-0.4287620186805725,0.0011948810297364805,0.15650958617210392
RAS inhibitor,SETD1B,11,37,0.09426198154687881,-1.4906255006790161,0.0013116709746070294,0.15650958617210392
Glucocorticoid receptor agonist,CTNNB1,5,43,0.1916694939136505,-2.975642204284668,0.0015721507395882973,0.15650958617210392
MEK inhibitor,KRAS,23,25,0.10747472196817398,-1.5258680582046509,0.001591015242691158,0.15650958617210392
HDAC inhibitor,KRAS,23,25,0.13002021610736847,-1.2583049535751343,0.0017073773036956792,0.15650958617210392
Glucocorticoid receptor agonist,APC,10,38,0.1916694939136505,-2.9658331871032715,0.0020393215640554106,0.1682440290345714
Multi-TK inhibitor,KRAS,23,25,0.21858257055282593,-0.6552407145500183,0.0022554044876772397,0.16915533657579299
Glucocorticoid receptor agonist,PRDM2,6,42,0.1916694939136505,-2.5966262817382812,0.003214762777398579,0.21095716418819796
RAS inhibitor,ARID1A,15,33,0.09426198154687881,-1.1585923433303833,0.003324173496298877,0.21095716418819796
Adrenoceptor agonist,KRAS,23,25,0.2427297830581665,-0.5946404933929443,0.00361546671951088,0.21305428882831973
Proteasome inhibitor,APC,10,38,0.11658956110477448,-3.97283673286438,0.004646348316705783,0.2299037287412264
EGFR/ERBB inhibitor,KRAS,23,25,0.16686606407165527,-0.7311300039291382,0.00469353281563731,0.2299037287412264
Glucocorticoid receptor agonist,ATM,9,39,0.1916694939136505,-2.280813694000244,0.005111602074476712,0.2299037287412264
Protein synthesis inhibitor,NF1,7,41,0.10040878504514694,-2.721353530883789,0.0052102517331740926,0.2299037287412264
Proteasome inhibitor,TERT,11,37,0.11658956110477448,2.8272173404693604,0.005573423727060034,0.2299037287412264
DNA methyltransferase inhibitor,TERT,11,37,0.3076403737068176,0.37343740463256836,0.005573423727060034,0.2299037287412264
JAK/STAT inhibitor,APC,10,38,0.16645890474319458,-0.9670004844665527,0.006351978824037912,0.24954202523006086
Retinoic receptor agonist,PRDM2,6,42,0.1884232610464096,-0.7027906179428101,0.006685891681481466,0.24966728385170517
Glucocorticoid receptor agonist,SETD1B,11,37,0.1916694939136505,-2.5149903297424316,0.007500685982895676,0.24966728385170517
Retinoic receptor agonist,KRAS,23,25,0.1884232610464096,-0.5634669065475464,0.008251311129278847,0.24966728385170517
Glucocorticoid receptor agonist,TGFBR2,7,41,0.1916694939136505,-2.6246416568756104,0.008762652882546178,0.24966728385170517
RAS inhibitor,CDKN2A,21,27,0.09426198154687881,1.128005027770996,0.00882876095281863,0.24966728385170517
DNA synthesis/repair inhibitor,NRAS,7,42,0.7910102605819702,0.24331402778625488,0.009156747991375704,0.24966728385170517
Retinoic receptor agonist,APC,10,38,0.1884232610464096,-0.6104193925857544,0.009265375040791717,0.24966728385170517
Glucocorticoid receptor agonist,PIK3CA,10,38,0.1916694939136505,-2.588040351867676,0.009265375040791717,0.24966728385170517
Cyclooxygenase inhibitor,TERT,11,37,0.22759361565113068,0.6418784856796265,0.009317840073711451,0.24966728385170517
Proteasome inhibitor,CDKN2A,21,27,0.11658956110477448,2.2715275287628174,0.009381437332609528,0.24966728385170517
Multi-TK inhibitor,TERT,11,37,0.21858257055282593,0.7672010660171509,0.01000555888838794,0.2579558150912516
Other TK inhibitor,APC,10,38,0.16598542034626007,-0.4529997408390045,0.010731228149320579,0.2682807037330145
Glucocorticoid receptor agonist,ACVR2A,8,40,0.1916694939136505,-2.5612640380859375,0.011225719605337017,0.27238878454126586
Microtubule inhibitor,NF1,7,41,0.146376833319664,-1.1623165607452393,0.011739764966751179,0.2767230313591349
MEK inhibitor,APC,10,38,0.10747472196817398,-1.1629388332366943,0.012399766014497795,0.2767238224592008
DNA methyltransferase inhibitor,PTEN,9,39,0.3076403737068176,0.42376136779785156,0.013030166687223147,0.2767238224592008
RAF inhibitor,TERT,11,37,0.10904422402381897,-0.27458643913269043,0.013229987552130042,0.2767238224592008
MEK inhibitor,EP300,7,41,0.10747472196817398,-1.639683723449707,0.014160520724748509,0.2767238224592008
Sonic inhibitor,TGFBR2,7,41,0.27196261286735535,0.32850760221481323,0.014160520724748509,0.2767238224592008
Multi-TK inhibitor,APC,10,38,0.21858257055282593,-0.44957035779953003,0.014294125362789813,0.2767238224592008
Glucocorticoid receptor agonist,KMT2D,14,34,0.1916694939136505,-2.262969970703125,0.014754130788079127,0.2767238224592008
PI3K/AKT inhibitor,KRAS,23,25,0.1041974425315857,-0.861344039440155,0.014882169185722107,0.2767238224592008
RAS inhibitor,KRAS,23,25,0.09426198154687881,-1.108858585357666,0.014882169185722107,0.2767238224592008
Glucocorticoid receptor agonist,BRCA2,9,39,0.1916694939136505,-2.661024808883667,0.015094026679592773,0.2767238224592008
Cyclooxygenase inhibitor,APC,10,38,0.22759361565113068,-0.5905281901359558,0.01643933306839241,0.2918909870275155
Proteasome inhibitor,KRAS,23,25,0.11658956110477448,-2.589097499847412,0.016667626444841082,0.2918909870275155
Protein synthesis inhibitor,EP300,7,41,0.10040878504514694,-1.5910969972610474,0.016982748336146356,0.2918909870275155
MEK inhibitor,TERT,11,37,0.10747472196817398,2.0312414169311523,0.017340936193060687,0.29196474202602174
JAK/STAT inhibitor,CTNNB1,5,43,0.16645890474319458,-0.9508040547370911,0.01821055139741541,0.3004740980573543
Other TK inhibitor,KRAS,23,25,0.16598542034626007,-0.3245946764945984,0.021976673056250617,0.35550500532170115
CDK inhibitor,KRAS,23,25,0.1314636766910553,-0.37480592727661133,0.023199500703128283,0.3620387052291084
Retinoic receptor agonist,TERT,11,37,0.1884232610464096,0.5292695760726929,0.02402378035007678,0.3620387052291084
Retinoic receptor agonist,CDKN2A,21,27,0.1884232610464096,0.40857458114624023,0.0247985220085605,0.3620387052291084
Protein synthesis inhibitor,B2M,6,42,0.10040878504514694,-2.23008394241333,0.02518581247363813,0.3620387052291084
Adrenoceptor agonist,TERT,11,37,0.2427297830581665,0.4985366761684418,0.02560050234011448,0.3620387052291084
RAS inhibitor,EP300,7,41,0.09426198154687881,-0.9664407968521118,0.02612427330334953,0.3620387052291084
HDAC inhibitor,APC,10,38,0.13002021610736847,-0.8090828657150269,0.02633008765302607,0.3620387052291084
EGFR/ERBB inhibitor,APC,10,38,0.16686606407165527,-0.4635952115058899,0.02633008765302607,0.3620387052291084
Androgen receptor antagonist,APC,10,38,0.2500787377357483,-0.275762677192688,0.02633008765302607,0.3620387052291084
Glucose transporter inhibitor,B2M,6,42,0.24808049201965332,-0.14730411767959595,0.027556506484286532,0.3656326640922488
EGFR/ERBB inhibitor,PRDM2,6,42,0.16686606407165527,-0.7233591675758362,0.027556506484286532,0.3656326640922488
Glucocorticoid receptor agonist,EP300,7,41,0.1916694939136505,-2.49782133102417,0.028364230911398697,0.3656326640922488
RAS inhibitor,NRAS,7,41,0.09426198154687881,1.6522613763809204,0.028364230911398697,0.3656326640922488
RAS inhibitor,APC,10,38,0.09426198154687881,-0.9781112670898438,0.02996630000464594,0.3747352194200261
Retinoic receptor agonist,ATM,9,39,0.1884232610464096,-0.5306593775749207,0.03031331175287196,0.3747352194200261
MEK inhibitor,ATM,9,39,0.10747472196817398,-1.9205718040466309,0.03239051203104423,0.3747352194200261
MEK inhibitor,ACVR2A,8,40,0.10747472196817398,-1.4551212787628174,0.032425012904632254,0.3747352194200261
JAK/STAT inhibitor,PRDM2,6,42,0.16645890474319458,-0.8468667268753052,0.03283572554058538,0.3747352194200261
MEK inhibitor,CTNNB1,5,43,0.10747472196817398,-1.279701590538025,0.03335505844756539,0.3747352194200261
Glucocorticoid receptor agonist,BRAF,9,39,0.1916694939136505,-2.568610906600952,0.034588478487382085,0.3747352194200261
RAS inhibitor,ACVR2A,8,40,0.09426198154687881,-1.0232162475585938,0.034917379427278926,0.3747352194200261
RAF inhibitor,KRAS,23,25,0.10904422402381897,0.17675770819187164,0.03528846771113008,0.3747352194200261
JAK/STAT inhibitor,KRAS,23,25,0.16645890474319458,-0.82722008228302,0.03528846771113008,0.3747352194200261
RAF inhibitor,STK11,6,42,0.10904422402381897,0.37861892580986023,0.03576250424560559,0.3747352194200261
CDK inhibitor,NF1,7,41,0.1314636766910553,-0.9662975668907166,0.03603905261769428,0.3747352194200261
Glucocorticoid receptor agonist,TERT,11,37,0.1916694939136505,2.4534811973571777,0.037065707673356284,0.3747352194200261
Multi-TK inhibitor,CDKN2A,21,27,0.21858257055282593,0.3297945559024811,0.037684901026269695,0.3747352194200261
GSK3 inhibitor,KRAS,23,25,0.10202720761299133,-0.46582627296447754,0.03904071626980605,0.3747352194200261
Retinoic receptor agonist,PTEN,9,39,0.1884232610464096,0.5477527379989624,0.03936843546521671,0.3747352194200261
Proteasome inhibitor,ACVR2A,8,40,0.11658956110477448,-2.561918258666992,0.04037023615332601,0.3747352194200261
DNA methyltransferase inhibitor,APC,10,38,0.3076403737068176,-0.3082702159881592,0.04099272055977459,0.3747352194200261
Adrenoceptor agonist,APC,10,38,0.2427297830581665,-0.3858664035797119,0.04099272055977459,0.3747352194200261
Other MAPK inhibitor,KRAS,23,25,0.11851197481155396,-0.781283974647522,0.04104056976863107,0.3747352194200261
MTOR inhibitor,KRAS,23,25,0.09767735749483109,-0.9294496178627014,0.04104056976863107,0.3747352194200261
HDAC inhibitor,PTEN,9,39,0.13002021610736847,1.990564227104187,0.04196160641613101,0.3747352194200261
DNA methyltransferase inhibitor,NF1,7,41,0.3076403737068176,-0.29016339778900146,0.04202831729293017,0.3747352194200261
GSK3 inhibitor,NF1,7,41,0.10202720761299133,-0.9101036190986633,0.04202831729293017,0.3747352194200261
CDK inhibitor,NRAS,7,41,0.1314636766910553,1.4857375621795654,0.04202831729293017,0.3747352194200261
Retinoic receptor agonist,TGFBR2,7,41,0.1884232610464096,-0.6295931935310364,0.04202831729293017,0.3747352194200261
MTOR inhibitor,EP300,7,41,0.09767735749483109,-1.984020471572876,0.04202831729293017,0.3747352194200261
Cyclooxygenase inhibitor,PRDM2,6,42,0.22759361565113068,-0.5560421347618103,0.04224287928007567,0.3747352194200261
Retinoic receptor agonist,B2M,6,42,0.1884232610464096,-0.627429723739624,0.04224287928007567,0.3747352194200261
MTOR inhibitor,CDKN2A,21,27,0.09767735749483109,0.8082784414291382,0.04380858738779309,0.38410243483622325
Androgen receptor antagonist,SMARCA4,12,36,0.2500787377357483,0.2044767141342163,0.044229977344777224,0.38410243483622325
RAS inhibitor,KMT2D,14,34,0.09426198154687881,-0.9492673277854919,0.04470784737281309,0.38420806336011243
Microtubule inhibitor,PRDM2,6,42,0.146376833319664,-0.9573017358779907,0.04581587012260591,0.3896710603211328
DNA synthesis/repair inhibitor,FBXW7,5,44,0.7910102605819702,0.1069331169128418,0.047098827196620244,0.39649522895113976
EGFR/ERBB inhibitor,EP300,7,41,0.16686606407165527,-0.5672378540039062,0.048790564683471774,0.4065880390289315
JAK/STAT inhibitor,CDKN2A,21,27,0.16645890474319458,0.6251885294914246,0.05075212879118778,0.41773742398823827
Microtubule inhibitor,KRAS,23,25,0.146376833319664,-0.7502368092536926,0.05238795052876134,0.41773742398823827
HDAC inhibitor,CTNNB1,5,43,0.13002021610736847,-1.5344418287277222,0.052419430194638336,0.41773742398823827
MTOR inhibitor,SETD1B,11,37,0.09767735749483109,-0.8082784414291382,0.05264026639744326,0.41773742398823827
DNA methyltransferase inhibitor,PRDM2,6,42,0.3076403737068176,-0.3063318133354187,0.053672929627579705,0.41773742398823827
Proteasome inhibitor,PRDM2,6,42,0.11658956110477448,-2.9535491466522217,0.053672929627579705,0.41773742398823827
Cyclooxygenase inhibitor,SMAD4,6,42,0.22759361565113068,-0.5799607634544373,0.053672929627579705,0.41773742398823827
Other TK inhibitor,TERT,11,37,0.16598542034626007,0.3352324962615967,0.05570576310752683,0.42553013484916336
EGFR/ERBB inhibitor,TERT,11,37,0.16686606407165527,0.7385836243629456,0.05570576310752683,0.42553013484916336
PI3K/AKT inhibitor,NF1,7,41,0.1041974425315857,-1.405147671699524,0.05639180132543298,0.42681867975671745
Microtubule inhibitor,B2M,6,42,0.146376833319664,-1.0449563264846802,0.05797688174040818,0.43482661305306136
MEK inhibitor,CDKN2A,21,27,0.10747472196817398,1.4586613178253174,0.05859475373947393,0.43550154806365765
Microtubule inhibitor,APC,10,38,0.146376833319664,-0.9573017358779907,0.06205550245362294,0.45665781514185694
RAS inhibitor,PRDM2,6,42,0.09426198154687881,-0.9490066766738892,0.06254828255882404,0.45665781514185694
Proteasome inhibitor,ATM,9,39,0.11658956110477448,-2.0244741439819336,0.06445771827067584,0.4590222135660987
EGFR/ERBB inhibitor,NF1,7,41,0.16686606407165527,-0.5672378540039062,0.06489928326137263,0.4590222135660987
Glucocorticoid receptor agonist,CDKN2B,12,36,0.1916694939136505,1.4031845331192017,0.06500291114340466,0.4590222135660987
CDK inhibitor,POLE,8,40,0.1314636766910553,1.7337650060653687,0.06509769574210127,0.4590222135660987
EGFR/ERBB inhibitor,SETD1B,11,37,0.16686606407165527,-0.5277647972106934,0.06580629926379797,0.4600864143443502
Proteasome inhibitor,CTNNB1,5,43,0.11658956110477448,-4.5217204093933105,0.06737705454171689,0.46249222024516307
EGFR/ERBB inhibitor,ARID1A,15,33,0.16686606407165527,-0.3980404734611511,0.06816540563110104,0.46249222024516307
MTOR inhibitor,NF1,7,41,0.09767735749483109,-1.6560600996017456,0.0695139821944245,0.46249222024516307
JAK/STAT inhibitor,EP300,7,41,0.16645890474319458,-0.6647796630859375,0.0695139821944245,0.46249222024516307
Androgen receptor antagonist,NRAS,7,41,0.2500787377357483,0.5694952607154846,0.0695139821944245,0.46249222024516307
Retinoic receptor agonist,EP300,7,41,0.1884232610464096,-0.3980620503425598,0.0695139821944245,0.46249222024516307
Sonic inhibitor,PIK3R1,5,43,0.27196261286735535,0.11923635005950928,0.07302792027583886,0.4734812362813157
Proteasome inhibitor,PIK3CA,10,38,0.11658956110477448,-2.0423965454101562,0.07349574716649691,0.4734812362813157
RAF inhibitor,PIK3CA,10,38,0.10904422402381897,0.25304293632507324,0.07349574716649691,0.4734812362813157
Microtubule inhibitor,RNF43,8,40,0.146376833319664,-0.8330827951431274,0.07400949371551788,0.4734812362813157
RAS inhibitor,ZFHX3,13,35,0.09426198154687881,-0.610808253288269,0.07403524785489664,0.4734812362813157
CDK inhibitor,BRCA2,9,39,0.1314636766910553,0.581440806388855,0.0767675017757617,0.4780723740627348
EGFR/ERBB inhibitor,PIK3CA,10,38,0.16686606407165527,-0.3653217554092407,0.07767249139374681,0.4780723740627348
Retinoic receptor agonist,SMAD4,6,42,0.1884232610464096,-0.37905561923980713,0.07794654807003407,0.4780723740627348
MTOR inhibitor,PRDM2,6,42,0.09767735749483109,-1.7393426895141602,0.07794654807003407,0.4780723740627348
Other MAPK inhibitor,STK11,6,42,0.11851197481155396,-0.5748540759086609,0.07794654807003407,0.4780723740627348
MTOR inhibitor,RNF43,8,40,0.09767735749483109,-1.359188437461853,0.07880950651215991,0.4780723740627348
JAK/STAT inhibitor,RNF43,8,40,0.16645890474319458,-0.5653835535049438,0.07880950651215991,0.4780723740627348
Proteasome inhibitor,EP300,7,41,0.11658956110477448,-2.6737241744995117,0.07950818665757461,0.47879017512773037
Androgen receptor antagonist,TERT,11,37,0.2500787377357483,0.3670060634613037,0.081574731982292,0.4821072136050692
Glucocorticoid receptor agonist,ARID1A,15,33,0.1916694939136505,-1.5546247959136963,0.08275134391491834,0.4821072136050692
MEK inhibitor,PRDM2,6,42,0.10747472196817398,-2.198028087615967,0.0836781971121407,0.4821072136050692
GSK3 inhibitor,STK11,6,42,0.10202720761299133,-0.7081297636032104,0.0836781971121407,0.4821072136050692
DNA methyltransferase inhibitor,B2M,6,42,0.3076403737068176,-0.31617140769958496,0.0836781971121407,0.4821072136050692
Retinoic receptor agonist,ACVR2A,8,40,0.1884232610464096,-0.4059027433395386,0.08384797230968632,0.4821072136050692
Multi-TK inhibitor,NRAS,7,41,0.21858257055282593,0.6798141598701477,0.08490464201423048,0.4821072136050692
EGFR/ERBB inhibitor,NRAS,7,41,0.16686606407165527,0.7385836243629456,0.08490464201423048,0.4821072136050692
Sonic inhibitor,SETD1B,11,37,0.27196261286735535,0.30887240171432495,0.08596246943030107,0.4821072136050692
Proteasome inhibitor,BRAF,9,39,0.11658956110477448,-2.952066659927368,0.0859921127675324,0.4821072136050692
Multi-TK inhibitor,PIK3CA,10,38,0.21858257055282593,-0.2914496660232544,0.08660576391035235,0.4821072136050692
EGFR/ERBB inhibitor,CDKN2A,21,27,0.16686606407165527,0.14441174268722534,0.08834787356546801,0.4821072136050692
Proteasome inhibitor,RNF43,8,40,0.11658956110477448,-2.6963040828704834,0.08913292611030518,0.4821072136050692
Androgen receptor antagonist,PRDM2,6,42,0.2500787377357483,-0.22558552026748657,0.08972227709185306,0.4821072136050692
Retinoic receptor agonist,SETD1B,11,37,0.1884232610464096,-0.41374343633651733,0.09053895626323864,0.4821072136050692
Microtubule inhibitor,EP300,7,41,0.146376833319664,-0.782167911529541,0.09057818900664674,0.4821072136050692
Sonic inhibitor,PTEN,9,39,0.27196261286735535,0.2844640016555786,0.09092949323514518,0.4821072136050692
Androgen receptor antagonist,PTEN,9,39,0.2500787377357483,0.36458855867385864,0.09092949323514518,0.4821072136050692
DNA synthesis/repair inhibitor,TERT,11,38,0.7910102605819702,-0.14995193481445312,0.09116209129986763,0.4821072136050692
RAS inhibitor,SMARCA4,12,36,0.09426198154687881,-0.7779695391654968,0.09323559877987687,0.4856310896246885
Retinoic receptor agonist,RNF43,8,40,0.1884232610464096,-0.272269070148468,0.09467060087087444,0.4856310896246885
Protein synthesis inhibitor,RNF43,8,40,0.10040878504514694,-1.145790934562683,0.09467060087087444,0.4856310896246885
Retinoic receptor agonist,ARID1A,15,33,0.1884232610464096,-0.4925083518028259,0.09527364497474745,0.4856310896246885
Androgen receptor antagonist,B2M,6,42,0.2500787377357483,-0.2642132639884949,0.0960947599611197,0.4856310896246885
Other TK inhibitor,PIK3CA,10,38,0.16598542034626007,-0.3026381731033325,0.09635089053824143,0.4856310896246885
HDAC inhibitor,CDKN2A,21,27,0.13002021610736847,0.9413881301879883,0.09639002792169926,0.4856310896246885
Retinoic receptor agonist,NF1,7,41,0.1884232610464096,-0.6472250819206238,0.09653757417993808,0.4856310896246885
JAK/STAT inhibitor,TERT,11,37,0.16645890474319458,0.8426493406295776,0.10027915555614865,0.4933741881697677
HDAC inhibitor,ACVR2A,8,40,0.13002021610736847,-0.44393420219421387,0.10046892559093451,0.4933741881697677
Glucocorticoid receptor agonist,WNK2,8,40,0.1916694939136505,-2.190262794494629,0.10046892559093451,0.4933741881697677
MEK inhibitor,RNF43,8,40,0.10747472196817398,-0.9585562944412231,0.10046892559093451,0.4933741881697677
GSK3 inhibitor,EP300,7,41,0.10202720761299133,-0.8855055570602417,0.1027905118782429,0.49644914276673596
Multi-TK inhibitor,PRDM2,6,42,0.21858257055282593,-0.41173380613327026,0.10279890530197093,0.49644914276673596
Protein synthesis inhibitor,CDKN2B,12,36,0.10040878504514694,1.531299114227295,0.1029003677734689,0.49644914276673596
JAK/STAT inhibitor,SETD1B,11,37,0.16645890474319458,-0.5558962821960449,0.10545330682164007,0.5034971913094416
RAS inhibitor,WNK2,8,40,0.09426198154687881,-1.4158897399902344,0.10653390532160792,0.5034971913094416
MTOR inhibitor,APC,10,38,0.09767735749483109,-1.6190212965011597,0.10695428883027158,0.5034971913094416
Cyclooxygenase inhibitor,PTEN,9,39,0.22759361565113068,0.39057376980781555,0.10712045110967237,0.5034971913094416
Proteasome inhibitor,CDKN2B,12,36,0.11658956110477448,1.4122025966644287,0.10802303377184383,0.5034971913094416
CDK inhibitor,SMARCA4,12,36,0.1314636766910553,0.44405823945999146,0.10802303377184383,0.5034971913094416
Multi-TK inhibitor,EP300,7,41,0.21858257055282593,-0.26174479722976685,0.10934547701484003,0.5062950568700733
MEK inhibitor,B2M,6,42,0.10747472196817398,-1.2729852199554443,0.1098506850663553,0.5062950568700733
EGFR/ERBB inhibitor,ACVR2A,8,40,0.16686606407165527,-0.5333091616630554,0.11287330475830021,0.5144777703071695
Sonic inhibitor,POLE,8,40,0.27196261286735535,0.24293231964111328,0.11287330475830021,0.5144777703071695
Cyclooxygenase inhibitor,NRAS,7,41,0.22759361565113068,0.5730723738670349,0.11620985797566485,0.5228873270146424
Glucose transporter inhibitor,KRAS,23,25,0.24808049201965332,-0.02293485403060913,0.11677482406886298,0.5228873270146424
Proteasome inhibitor,STK11,6,42,0.11658956110477448,-1.9724618196487427,0.11725352181540465,0.5228873270146424
Androgen receptor antagonist,SMAD4,6,42,0.2500787377357483,-0.19734948873519897,0.11725352181540465,0.5228873270146424
GSK3 inhibitor,APC,10,38,0.10202720761299133,-0.6833277940750122,0.11846185146831756,0.5243702108360548
MEK inhibitor,PTEN,9,39,0.10747472196817398,1.6060456037521362,0.11912817331463812,0.5243702108360548
Sonic inhibitor,ACVR2A,8,40,0.27196261286735535,0.22341454029083252,0.1194928480450646,0.5243702108360548
Multi-TK inhibitor,CTNNB1,5,43,0.21858257055282593,-0.49346137046813965,0.12314051710443938,0.5266346945068678
Glucose transporter inhibitor,MYC,5,43,0.24808049201965332,-0.18749862909317017,0.12314051710443938,0.5266346945068678
Microtubule inhibitor,PIK3CA,10,38,0.146376833319664,-0.9131065607070923,0.12456879079061937,0.5266346945068678
MTOR inhibitor,CDKN2B,12,36,0.09767735749483109,0.626720666885376,0.12460846980292889,0.5266346945068678
RAS inhibitor,B2M,6,42,0.09426198154687881,-0.9144388437271118,0.12502240962645841,0.5266346945068678
MTOR inhibitor,STK11,6,42,0.09767735749483109,-1.3320602178573608,0.12502240962645841,0.5266346945068678
Retinoic receptor agonist,BRCA2,9,39,0.1884232610464096,-0.3980620503425598,0.12551525064038846,0.5266346945068678
MTOR inhibitor,ZFHX3,13,35,0.09767735749483109,-0.8570965528488159,0.12572092921056924,0.5266346945068678
CDK inhibitor,KMT2D,14,34,0.1314636766910553,0.4634857773780823,0.12575398159739754,0.5266346945068678
EGFR/ERBB inhibitor,RNF43,8,40,0.16686606407165527,-0.3064855933189392,0.1264000454709043,0.526666856128768
DNA synthesis/repair inhibitor,WNK2,8,41,0.7910102605819702,0.10120022296905518,0.12819935681749983,0.5293059118324928
Cyclooxygenase inhibitor,CDKN2A,21,27,0.22759361565113068,0.17317545413970947,0.12923287992474372,0.5293059118324928
Cyclooxygenase inhibitor,ARID1A,15,33,0.22759361565113068,-0.32619011402130127,0.1304036026447589,0.5293059118324928
Multi-TK inhibitor,ARID1A,15,33,0.21858257055282593,-0.26174479722976685,0.1304036026447589,0.5293059118324928
Other MAPK inhibitor,NF1,7,41,0.11851197481155396,-0.4523187279701233,0.1308983494997737,0.5293059118324928
DNA methyltransferase inhibitor,NRAS,7,41,0.3076403737068176,0.4987871050834656,0.1308983494997737,0.5293059118324928
MTOR inhibitor,PIK3R1,5,43,0.09767735749483109,-1.7538312673568726,0.1319485325035741,0.5293059118324928
Glucose transporter inhibitor,PTEN,9,39,0.24808049201965332,0.00941920280456543,0.13216608222726486,0.5293059118324928
RAS inhibitor,PIK3CA,10,38,0.09426198154687881,-0.5194769501686096,0.13751647323636582,0.5304526127423251
Glucocorticoid receptor agonist,ZFHX3,13,35,0.1916694939136505,-0.8117559552192688,0.13759780863685275,0.5304526127423251
Adrenoceptor agonist,NRAS,7,41,0.2427297830581665,0.471727192401886,0.13873710101901054,0.5304526127423251
JAK/STAT inhibitor,PTEN,9,39,0.16645890474319458,0.829749584197998,0.13908672976001363,0.5304526127423251
JAK/STAT inhibitor,ATM,9,39,0.16645890474319458,-0.2078973650932312,0.13908672976001363,0.5304526127423251
Glucose transporter inhibitor,POLE,8,40,0.24808049201965332,0.19066506624221802,0.1411006544249592,0.5304526127423251
Multi-TK inhibitor,MYC,5,43,0.21858257055282593,-0.26143670082092285,0.14119922630560927,0.5304526127423251
Glucocorticoid receptor agonist,HNF1A,6,42,0.1916694939136505,-2.380368232727051,0.14168164444609596,0.5304526127423251
Microtubule inhibitor,STK11,6,42,0.146376833319664,-0.8270961046218872,0.14168164444609596,0.5304526127423251
GSK3 inhibitor,PRDM2,6,42,0.10202720761299133,-0.8978046178817749,0.14168164444609596,0.5304526127423251
EGFR/ERBB inhibitor,B2M,6,42,0.16686606407165527,-0.45704585313796997,0.14168164444609596,0.5304526127423251
HDAC inhibitor,SMAD4,6,42,0.13002021610736847,-0.6363943815231323,0.14168164444609596,0.5304526127423251
Proteasome inhibitor,SMAD4,6,42,0.11658956110477448,-2.775735378265381,0.14168164444609596,0.5304526127423251
MEK inhibitor,STK11,6,42,0.10747472196817398,-0.8503423929214478,0.14168164444609596,0.5304526127423251
Microtubule inhibitor,ARID1A,15,33,0.146376833319664,-0.8839974999427795,0.14209700292855013,0.5304526127423251
Protein synthesis inhibitor,PIK3CA,10,38,0.10040878504514694,-1.1325000524520874,0.14436790148866294,0.5365023366132744
HDAC inhibitor,ATM,9,39,0.13002021610736847,-0.6354058384895325,0.14628311684816178,0.538686783937736
Other TK inhibitor,NRAS,7,41,0.16598542034626007,0.2425420880317688,0.14691457743756434,0.538686783937736
RAF inhibitor,TGFBR2,7,41,0.10904422402381897,0.16287368535995483,0.14691457743756434,0.538686783937736
Glucocorticoid receptor agonist,RNF43,8,40,0.1916694939136505,-1.6085816621780396,0.14890616085755354,0.5409927548957592
Cyclooxygenase inhibitor,RNF43,8,40,0.22759361565113068,-0.4219502806663513,0.14890616085755354,0.5409927548957592
DNA methyltransferase inhibitor,SMAD4,6,42,0.3076403737068176,-0.30464571714401245,0.15058828936483132,0.5409927548957592
HDAC inhibitor,STK11,6,42,0.13002021610736847,-0.5437465906143188,0.15058828936483132,0.5409927548957592
RAS inhibitor,CTNNB1,5,43,0.09426198154687881,-0.8290724754333496,0.150905446696381,0.5409927548957592
CDK inhibitor,APC,10,38,0.1314636766910553,-0.44492876529693604,0.15147797137081256,0.5409927548957592
Proteasome inhibitor,PTEN,9,39,0.11658956110477448,1.5582079887390137,0.1537610108349084,0.5433739991329071
RAS inhibitor,TERT,11,37,0.09426198154687881,0.8679085969924927,0.15481360180854048,0.5433739991329071
Cyclooxygenase inhibitor,NF1,7,41,0.22759361565113068,-0.46198779344558716,0.1554378955095346,0.5433739991329071
PI3K/AKT inhibitor,EP300,7,41,0.1041974425315857,-1.405147671699524,0.1554378955095346,0.5433739991329071
MEK inhibitor,NRAS,7,41,0.10747472196817398,0.4065931737422943,0.1554378955095346,0.5433739991329071
Cyclooxygenase inhibitor,PIK3CA,10,38,0.22759361565113068,-0.4379504323005676,0.15885169320604886,0.5438334613971517
Multi-TK inhibitor,B2M,6,42,0.21858257055282593,-0.4554402828216553,0.1598950479777879,0.5438334613971517
RAS inhibitor,STK11,6,42,0.09426198154687881,-0.7591720819473267,0.1598950479777879,0.5438334613971517
Retinoic receptor agonist,CTNNB1,5,43,0.1884232610464096,-0.37035244703292847,0.1610730337603603,0.5438334613971517
Other TK inhibitor,MYC,5,43,0.16598542034626007,-0.33215057849884033,0.1610730337603603,0.5438334613971517
Glucose transporter inhibitor,PIK3R1,5,43,0.24808049201965332,0.08743000030517578,0.1610730337603603,0.5438334613971517
Multi-TK inhibitor,PTEN,9,39,0.21858257055282593,0.5787808299064636,0.16152600432588793,0.5438334613971517
Retinoic receptor agonist,CDKN2B,12,36,0.1884232610464096,0.15202462673187256,0.1636629944947231,0.5438334613971517
RAS inhibitor,TGFBR2,7,41,0.09426198154687881,-0.8084841370582581,0.1643129224825759,0.5438334613971517
Glucocorticoid receptor agonist,NRAS,7,41,0.1916694939136505,1.076414704322815,0.1643129224825759,0.5438334613971517
Multi-TK inhibitor,NF1,7,41,0.21858257055282593,-0.24548137187957764,0.1643129224825759,0.5438334613971517
Proteasome inhibitor,TGFBR2,7,41,0.11658956110477448,-1.03618323802948,0.1643129224825759,0.5438334613971517
MEK inhibitor,TGFBR2,7,41,0.10747472196817398,-0.9896709322929382,0.1643129224825759,0.5438334613971517
Multi-TK inhibitor,ACVR2A,8,40,0.21858257055282593,-0.28118157386779785,0.16545721067961827,0.5438334613971517
GSK3 inhibitor,RNF43,8,40,0.10202720761299133,-0.49105870723724365,0.16545721067961827,0.5438334613971517
Other MAPK inhibitor,APC,10,38,0.11851197481155396,-0.4803212881088257,0.16649391710654982,0.5450693714797762
MEK inhibitor,SETD1B,11,37,0.10747472196817398,-0.7979801893234253,0.16954318017763392,0.5484018850695666
Adrenoceptor agonist,PRDM2,6,42,0.2427297830581665,-0.29709261655807495,0.16960240922227024,0.5484018850695666
PI3K/AKT inhibitor,PRDM2,6,42,0.1041974425315857,-1.4392672777175903,0.16960240922227024,0.5484018850695666
PI3K/AKT inhibitor,CDKN2A,21,27,0.1041974425315857,0.9861010313034058,0.17017076676098064,0.5484018850695666
JAK/STAT inhibitor,TGFBR2,7,41,0.16645890474319458,-0.4382167458534241,0.17354615035756527,0.5527925761476922
Other TK inhibitor,EP300,7,41,0.16598542034626007,-0.2681659460067749,0.17354615035756527,0.5527925761476922
Protein synthesis inhibitor,ACVR2A,8,40,0.10040878504514694,-1.3245688676834106,0.1742134179374545,0.5527925761476922
DNA methyltransferase inhibitor,RNF43,8,40,0.3076403737068176,-0.2893258333206177,0.1742134179374545,0.5527925761476922
GSK3 inhibitor,BRAF,9,39,0.10202720761299133,-0.5324409604072571,0.17793867420683107,0.5544985790615433
RAF inhibitor,SMARCA4,12,36,0.10904422402381897,0.2593948245048523,0.17854835756600052,0.5544985790615433
Adrenoceptor agonist,SMAD4,6,42,0.2427297830581665,-0.33395326137542725,0.17972406334280566,0.5544985790615433
EGFR/ERBB inhibitor,HNF1A,6,42,0.16686606407165527,-0.47123801708221436,0.17972406334280566,0.5544985790615433
Sonic inhibitor,PRDM2,6,42,0.27196261286735535,0.29666823148727417,0.17972406334280566,0.5544985790615433
GSK3 inhibitor,PIK3CA,10,38,0.10202720761299133,-0.5850327014923096,0.1826023778113638,0.5544985790615433
Cyclooxygenase inhibitor,CTNNB1,5,43,0.22759361565113068,-0.5006667971611023,0.18283202048234426,0.5544985790615433
Cyclooxygenase inhibitor,EP300,7,41,0.22759361565113068,-0.46198779344558716,0.18314271297620047,0.5544985790615433
Microtubule inhibitor,NRAS,7,41,0.146376833319664,0.711516797542572,0.18314271297620047,0.5544985790615433
RAF inhibitor,ACVR2A,8,40,0.10904422402381897,0.2339189052581787,0.18329596500792583,0.5544985790615433
Cyclooxygenase inhibitor,ACVR2A,8,40,0.22759361565113068,-0.49139970541000366,0.18329596500792583,0.5544985790615433
Proteasome inhibitor,POLE,8,40,0.11658956110477448,1.8797845840454102,0.18329596500792583,0.5544985790615433
Glucose transporter inhibitor,CDKN2A,21,27,0.24808049201965332,-0.02524256706237793,0.18348862070763794,0.5544985790615433
RAF inhibitor,HNF1A,6,42,0.10904422402381897,0.27752190828323364,0.19025919544388661,0.5687095515985741
JAK/STAT inhibitor,SMAD4,6,42,0.16645890474319458,-0.6594052314758301,0.19025919544388661,0.5687095515985741
Glucocorticoid receptor agonist,B2M,6,42,0.1916694939136505,-1.6719917058944702,0.19025919544388661,0.5687095515985741
Protein synthesis inhibitor,APC,10,38,0.10040878504514694,-0.2345263957977295,0.19107737445027972,0.5687768640722215
Glucocorticoid receptor agonist,KRAS,23,25,0.1916694939136505,-1.160731554031372,0.19354366517540622,0.5687768640722215
Other MAPK inhibitor,TERT,11,37,0.11851197481155396,0.7668617963790894,0.193572350612219,0.5687768640722215
Protein synthesis inhibitor,SETD1B,11,37,0.10040878504514694,-1.1553363800048828,0.193572350612219,0.5687768640722215
RAF inhibitor,CDKN2B,12,36,0.10904422402381897,0.1506602168083191,0.19441827353741392,0.5687768640722215
PI3K/AKT inhibitor,CDKN2B,12,36,0.1041974425315857,0.33415764570236206,0.19441827353741392,0.5687768640722215
Proteasome inhibitor,B2M,6,42,0.11658956110477448,-1.4080947637557983,0.2012216587491419,0.584020122680467
CDK inhibitor,SMAD4,6,42,0.1314636766910553,-0.5160316228866577,0.2012216587491419,0.584020122680467
Adrenoceptor agonist,RNF43,8,40,0.2427297830581665,-0.30811572074890137,0.20246030919589522,0.584020122680467
CDK inhibitor,WNK2,8,40,0.1314636766910553,0.4353393316268921,0.20246030919589522,0.584020122680467
Adrenoceptor agonist,PTEN,9,39,0.2427297830581665,0.10356909036636353,0.20483860622850103,0.5847927946786544
JAK/STAT inhibitor,ARID1A,15,33,0.16645890474319458,-0.5148012042045593,0.2048546880753105,0.5847927946786544
Androgen receptor antagonist,ARID1A,15,33,0.2500787377357483,-0.14419656991958618,0.2048546880753105,0.5847927946786544
Adrenoceptor agonist,CTNNB1,5,43,0.2427297830581665,-0.454409658908844,0.20653692335005933,0.5875619371165481
JAK/STAT inhibitor,PIK3CA,10,38,0.16645890474319458,-0.4418628215789795,0.20888915570008937,0.5922115238920059
Multi-TK inhibitor,SETD1B,11,37,0.21858257055282593,-0.26174479722976685,0.21092581270504251,0.5952120588639048
Other TK inhibitor,CDKN2A,21,27,0.16598542034626007,0.2425420880317688,0.2124123946896448,0.5952120588639048
JAK/STAT inhibitor,B2M,6,42,0.16645890474319458,-0.3959236145019531,0.21260835665564276,0.5952120588639048
Protein synthesis inhibitor,ARID1A,15,33,0.10040878504514694,-1.0979167222976685,0.21291190281150452,0.5952120588639048
DNA synthesis/repair inhibitor,SMARCA4,12,37,0.7910102605819702,0.06601226329803467,0.21355487202874646,0.5952120588639048
PI3K/AKT inhibitor,APC,10,38,0.1041974425315857,-1.2969307899475098,0.2182333195640247,0.604169424967518
Retinoic receptor agonist,PIK3CA,10,38,0.1884232610464096,-0.2813831567764282,0.2182333195640247,0.604169424967518
DNA methyltransferase inhibitor,PIK3R1,5,43,0.3076403737068176,-0.37366151809692383,0.21913632158775542,0.6046403522070175
CDK inhibitor,SETD1B,11,37,0.1314636766910553,0.581440806388855,0.22001287988885032,0.6050354196943384
RAF inhibitor,ATM,9,39,0.10904422402381897,0.15426744520664215,0.22434413386823215,0.6103771809828563
Protein synthesis inhibitor,HNF1A,6,42,0.10040878504514694,-1.5222986936569214,0.2244321645124089,0.6103771809828563
PI3K/AKT inhibitor,STK11,6,42,0.1041974425315857,-0.9387276768684387,0.2244321645124089,0.6103771809828563
MEK inhibitor,NF1,7,41,0.10747472196817398,-1.4605348110198975,0.2252635480724244,0.6103771809828563
JAK/STAT inhibitor,ZFHX3,13,35,0.16645890474319458,-0.6251885294914246,0.22766447389663091,0.6103771809828563
Other TK inhibitor,ZFHX3,13,35,0.16598542034626007,-0.3079048991203308,0.22766447389663091,0.6103771809828563
MTOR inhibitor,PIK3CA,10,38,0.09767735749483109,-1.0439727306365967,0.22787414756693303,0.6103771809828563
HDAC inhibitor,PIK3CA,10,38,0.13002021610736847,-0.3730825185775757,0.22787414756693303,0.6103771809828563
Cyclooxygenase inhibitor,MYC,5,43,0.22759361565113068,-0.5683876276016235,0.23223796708995598,0.6141713340232555
Sonic inhibitor,KMT2D,14,34,0.27196261286735535,0.08777111768722534,0.23372179015067107,0.6141713340232555
Other TK inhibitor,POLE,8,40,0.16598542034626007,0.28648245334625244,0.2337621867358152,0.6141713340232555
Androgen receptor antagonist,POLE,8,40,0.2500787377357483,0.24030935764312744,0.2337621867358152,0.6141713340232555
JAK/STAT inhibitor,BRCA2,9,39,0.16645890474319458,-0.4382167458534241,0.2345800700938523,0.6141713340232555
DNA synthesis/repair inhibitor,CTNNB1,5,44,0.7910102605819702,0.0843210220336914,0.23599023328110152,0.6141713340232555
Adrenoceptor agonist,CDKN2A,21,27,0.2427297830581665,0.21932029724121094,0.23617112594601264,0.6141713340232555
Sonic inhibitor,B2M,6,42,0.27196261286735535,0.15733110904693604,0.23668933380010548,0.6141713340232555
Protein synthesis inhibitor,PRDM2,6,42,0.10040878504514694,-1.3245688676834106,0.23668933380010548,0.6141713340232555
JAK/STAT inhibitor,CDKN2B,12,36,0.16645890474319458,0.3446045517921448,0.23856887422207051,0.6141713340232555
PI3K/AKT inhibitor,SETD1B,11,37,0.1041974425315857,-1.405147671699524,0.239022279148296,0.6141713340232555
Cyclooxygenase inhibitor,SETD1B,11,37,0.22759361565113068,-0.3740151524543762,0.239022279148296,0.6141713340232555
PI3K/AKT inhibitor,TERT,11,37,0.1041974425315857,0.7772473096847534,0.239022279148296,0.6141713340232555
MEK inhibitor,KMT2D,14,34,0.10747472196817398,-0.4235519766807556,0.24274873555018273,0.6141713340232555
HDAC inhibitor,KMT2D,14,34,0.13002021610736847,-0.3385096788406372,0.24274873555018273,0.6141713340232555
Proteasome inhibitor,KMT2D,14,34,0.11658956110477448,-1.6039764881134033,0.24274873555018273,0.6141713340232555
Cyclooxygenase inhibitor,POLE,8,40,0.22759361565113068,0.2814788222312927,0.24488998637690818,0.6141713340232555
Sonic inhibitor,WNK2,8,40,0.27196261286735535,0.1893322467803955,0.24488998637690818,0.6141713340232555
MTOR inhibitor,BRAF,9,39,0.09767735749483109,-1.3437695503234863,0.24514246493410285,0.6141713340232555
Other TK inhibitor,CTNNB1,5,43,0.16598542034626007,-0.3856405019760132,0.24585003597492033,0.6141713340232555
MTOR inhibitor,ARID1A,15,33,0.09767735749483109,-0.653891921043396,0.24742478508527554,0.6141713340232555
MEK inhibitor,SMARCA4,12,36,0.10747472196817398,-0.9305269718170166,0.24818794128966015,0.6141713340232555
Other MAPK inhibitor,EP300,7,41,0.11851197481155396,-0.4523187279701233,0.2486207350270556,0.6141713340232555
Proteasome inhibitor,NF1,7,41,0.11658956110477448,-2.6737241744995117,0.2486207350270556,0.6141713340232555
DNA methyltransferase inhibitor,EP300,7,41,0.3076403737068176,-0.28848809003829956,0.2486207350270556,0.6141713340232555
Multi-TK inhibitor,HNF1A,6,42,0.21858257055282593,-0.38694697618484497,0.24939078411853405,0.6141713340232555
HDAC inhibitor,PRDM2,6,42,0.13002021610736847,-0.2082899808883667,0.24939078411853405,0.6141713340232555
DNA synthesis/repair inhibitor,ARID1A,15,34,0.7910102605819702,-0.12035715579986572,0.2547511629904379,0.6255050876997358
Glucose transporter inhibitor,FBXW7,5,43,0.24808049201965332,-0.1471903920173645,0.2599725282426485,0.6364312635020327
Proteasome inhibitor,HNF1A,6,42,0.11658956110477448,-1.700583577156067,0.2625311371573446,0.6395709224366783
Proteasome inhibitor,ZFHX3,13,35,0.11658956110477448,-1.9030309915542603,0.2654520372400496,0.6395709224366783
HDAC inhibitor,BRCA2,9,39,0.13002021610736847,-0.1956956386566162,0.26725749315438785,0.6395709224366783
Other MAPK inhibitor,BRAF,9,39,0.11851197481155396,-0.47780823707580566,0.26725749315438785,0.6395709224366783
Cyclooxygenase inhibitor,BRAF,9,39,0.22759361565113068,-0.2465442419052124,0.26725749315438785,0.6395709224366783
RAS inhibitor,BRCA2,9,39,0.09426198154687881,-0.8084841370582581,0.26725749315438785,0.6395709224366783
CDK inhibitor,PTEN,9,39,0.1314636766910553,0.30559420585632324,0.26725749315438785,0.6395709224366783
Glucose transporter inhibitor,WNK2,8,40,0.24808049201965332,0.047530174255371094,0.2682019923445192,0.6395709224366783
MEK inhibitor,CDKN2B,12,36,0.10747472196817398,0.31383585929870605,0.2682321686825342,0.6395709224366783
Proteasome inhibitor,SETD1B,11,37,0.11658956110477448,-1.4881436824798584,0.26966060402516134,0.6411239144690435
Other MAPK inhibitor,CDKN2A,21,27,0.11851197481155396,0.20760560035705566,0.2706874653152327,0.6413015993564908
Retinoic receptor agonist,KMT2D,14,34,0.1884232610464096,-0.18540263175964355,0.2712900099095943,0.6413015993564908
RAF inhibitor,NRAS,7,41,0.10904422402381897,0.2210254967212677,0.27354013099608265,0.6447731659193376
DNA methyltransferase inhibitor,MYC,5,43,0.3076403737068176,-0.2948070764541626,0.2746112839776114,0.6454538725969499
EGFR/ERBB inhibitor,ZFHX3,13,35,0.16686606407165527,-0.2975437045097351,0.2755381981462115,0.6457926519051832
Multi-TK inhibitor,ATM,9,39,0.21858257055282593,-0.14903604984283447,0.27881459396172914,0.6466867826276163
Proteasome inhibitor,BRCA2,9,39,0.11658956110477448,-1.03618323802948,0.27881459396172914,0.6466867826276163
HDAC inhibitor,POLE,8,40,0.13002021610736847,0.6985365152359009,0.2803894900538678,0.6466867826276163
MTOR inhibitor,ACVR2A,8,40,0.09767735749483109,-1.0742783546447754,0.2803894900538678,0.6466867826276163
JAK/STAT inhibitor,ACVR2A,8,40,0.16645890474319458,-0.21189451217651367,0.2803894900538678,0.6466867826276163
MEK inhibitor,PIK3CA,10,38,0.10747472196817398,-0.3744281530380249,0.2806228705220444,0.6466867826276163
Other MAPK inhibitor,NRAS,7,41,0.11851197481155396,0.08532261848449707,0.28659003063355193,0.6502996145714989
HDAC inhibitor,NRAS,7,41,0.13002021610736847,0.8379224538803101,0.28659003063355193,0.6502996145714989
PI3K/AKT inhibitor,NRAS,7,41,0.1041974425315857,0.6019892692565918,0.28659003063355193,0.6502996145714989
Sonic inhibitor,CDKN2A,21,27,0.27196261286735535,-0.11522555351257324,0.28918305849514636,0.6502996145714989
Other TK inhibitor,PRDM2,6,42,0.16598542034626007,-0.28276872634887695,0.2901526723031359,0.6502996145714989
DNA methyltransferase inhibitor,STK11,6,42,0.3076403737068176,-0.25989699363708496,0.2901526723031359,0.6502996145714989
Multi-TK inhibitor,STK11,6,42,0.21858257055282593,-0.27460330724716187,0.2901526723031359,0.6502996145714989
RAS inhibitor,ATM,9,39,0.09426198154687881,-0.5515952706336975,0.29070705517298034,0.6502996145714989
Androgen receptor antagonist,BRAF,9,39,0.2500787377357483,-0.06478101015090942,0.29070705517298034,0.6502996145714989
Androgen receptor antagonist,ATM,9,39,0.2500787377357483,-0.09908652305603027,0.29070705517298034,0.6502996145714989
DNA synthesis/repair inhibitor,TGFBR2,7,42,0.7910102605819702,0.08733677864074707,0.2908612821537977,0.6502996145714989
RAS inhibitor,POLE,8,40,0.09426198154687881,-0.3272880017757416,0.29293183169318326,0.6531588139104761
Microtubule inhibitor,CDKN2A,21,27,0.146376833319664,0.5460435152053833,0.2987429733233238,0.6618402155381361
Glucocorticoid receptor agonist,NF1,7,41,0.1916694939136505,-2.065305471420288,0.30003423104395505,0.6618402155381361
RAS inhibitor,NF1,7,41,0.09426198154687881,-0.5515952706336975,0.30003423104395505,0.6618402155381361
HDAC inhibitor,TGFBR2,7,41,0.13002021610736847,-0.1956956386566162,0.30003423104395505,0.6618402155381361
MTOR inhibitor,TERT,11,37,0.09767735749483109,0.8374544978141785,0.3028903864254481,0.6630909465239784
JAK/STAT inhibitor,BRAF,9,39,0.16645890474319458,-0.4382167458534241,0.3029360733233497,0.6630909465239784
Microtubule inhibitor,HNF1A,6,42,0.146376833319664,-0.9131065607070923,0.3046351582429288,0.6630909465239784
DNA methyltransferase inhibitor,CTNNB1,5,43,0.3076403737068176,-0.28848809003829956,0.3054375858492417,0.6630909465239784
DNA methyltransferase inhibitor,ACVR2A,8,40,0.3076403737068176,-0.24434959888458252,0.3058307769067486,0.6630909465239784
Microtubule inhibitor,ACVR2A,8,40,0.146376833319664,-0.7950552105903625,0.3058307769067486,0.6630909465239784
MEK inhibitor,ARID1A,15,33,0.10747472196817398,-0.7022154927253723,0.3062274553038009,0.6630909465239784
Androgen receptor antagonist,CDKN2A,21,27,0.2500787377357483,0.115611732006073,0.30851158133872325,0.6662881010587609
Multi-TK inhibitor,TP53,31,17,0.21858257055282593,-0.2840729057788849,0.3109758349599483,0.6698565635560244
Adrenoceptor agonist,NF1,7,41,0.2427297830581665,-0.2682420611381531,0.3138732754909637,0.6743250835267045
DNA synthesis/repair inhibitor,SMAD4,6,43,0.7910102605819702,0.0547558069229126,0.3153971705577362,0.6743250835267045
CDK inhibitor,BRAF,9,39,0.1314636766910553,-0.16522175073623657,0.3155024027167369,0.6743250835267045
GSK3 inhibitor,ACVR2A,8,40,0.10202720761299133,-0.18810445070266724,0.3190849476598843,0.6757005760164492
PI3K/AKT inhibitor,ACVR2A,8,40,0.1041974425315857,-1.3052085638046265,0.3190849476598843,0.6757005760164492
Protein synthesis inhibitor,STK11,6,42,0.10040878504514694,-1.1081526279449463,0.3195596435060325,0.6757005760164492
EGFR/ERBB inhibitor,SMAD4,6,42,0.16686606407165527,-0.2823789715766907,0.3195596435060325,0.6757005760164492
EGFR/ERBB inhibitor,CTNNB1,5,43,0.16686606407165527,-0.6691714525222778,0.32162513198590903,0.6757005760164492
Androgen receptor antagonist,CTNNB1,5,43,0.2500787377357483,-0.07864052057266235,0.32162513198590903,0.6757005760164492
Protein synthesis inhibitor,KRAS,23,25,0.10040878504514694,-0.018993139266967773,0.3218791834841994,0.6757005760164492
RAS inhibitor,CDKN2B,12,36,0.09426198154687881,-0.08661246299743652,0.3231060076807605,0.6765544577071761
Other TK inhibitor,ARID1A,15,33,0.16598542034626007,-0.17476272583007812,0.32773594886659685,0.6813000943018329
Other TK inhibitor,NF1,7,41,0.16598542034626007,-0.2681659460067749,0.3281062132631524,0.6813000943018329
Sonic inhibitor,BRCA2,9,39,0.27196261286735535,0.30887240171432495,0.32840634147129233,0.6813000943018329
GSK3 inhibitor,CDKN2A,21,27,0.10202720761299133,0.3105640411376953,0.3286756818571267,0.6813000943018329
DNA synthesis/repair inhibitor,NF1,7,42,0.7910102605819702,-0.12016510963439941,0.3318015160409154,0.684781470512336
Microtubule inhibitor,TP53,31,17,0.146376833319664,0.5185912847518921,0.3320152584302235,0.684781470512336
Cyclooxygenase inhibitor,B2M,6,42,0.22759361565113068,-0.3318058252334595,0.33493329917291365,0.6890772364530019
Glucocorticoid receptor agonist,MYC,5,43,0.1916694939136505,-1.4107736349105835,0.33833010960670534,0.6934427119683066
Sonic inhibitor,TERT,11,37,0.27196261286735535,0.005789697170257568,0.33873625808876073,0.6934427119683066
GSK3 inhibitor,ZFHX3,13,35,0.10202720761299133,-0.5324409604072571,0.3415040814648467,0.6956564622432062
Multi-TK inhibitor,ZFHX3,13,35,0.21858257055282593,-0.31602683663368225,0.3415040814648467,0.6956564622432062
Androgen receptor antagonist,NF1,7,41,0.2500787377357483,-0.08522701263427734,0.3427323109545643,0.6964388092057033
Sonic inhibitor,RNF43,8,40,0.27196261286735535,0.16546165943145752,0.34665884388179924,0.7016826454292867
MEK inhibitor,SMAD4,6,42,0.10747472196817398,-0.8309816122055054,0.3507453686228722,0.7016826454292867
HDAC inhibitor,HNF1A,6,42,0.13002021610736847,-0.4942587614059448,0.3507453686228722,0.7016826454292867
GSK3 inhibitor,B2M,6,42,0.10202720761299133,-0.23762542009353638,0.3507453686228722,0.7016826454292867
CDK inhibitor,B2M,6,42,0.1314636766910553,-0.44543182849884033,0.3507453686228722,0.7016826454292867
Other MAPK inhibitor,PRDM2,6,42,0.11851197481155396,-0.6120930910110474,0.3507453686228722,0.7016826454292867
Other TK inhibitor,SETD1B,11,37,0.16598542034626007,-0.2572505474090576,0.35126658492399443,0.7016826454292867
Protein synthesis inhibitor,PIK3R1,5,43,0.10040878504514694,-1.0816073417663574,0.35554667862715966,0.7051106006428045
Sonic inhibitor,FBXW7,5,43,0.27196261286735535,0.022050917148590088,0.35554667862715966,0.7051106006428045
CDK inhibitor,CTNNB1,5,43,0.1314636766910553,0.5336016416549683,0.35554667862715966,0.7051106006428045
Protein synthesis inhibitor,CDKN2A,21,27,0.10040878504514694,0.9998685717582703,0.36048733392148335,0.7072946495057101
PI3K/AKT inhibitor,RNF43,8,40,0.1041974425315857,-1.0209546089172363,0.36097587688282,0.7072946495057101
Other MAPK inhibitor,RNF43,8,40,0.11851197481155396,-0.38377851247787476,0.36097587688282,0.7072946495057101
Other MAPK inhibitor,POLE,8,40,0.11851197481155396,0.5425731539726257,0.36097587688282,0.7072946495057101
Adrenoceptor agonist,ARID1A,15,33,0.2427297830581665,-0.2996450662612915,0.3617919298077693,0.7072946495057101
DNA methyltransferase inhibitor,ARID1A,15,33,0.3076403737068176,-0.23422306776046753,0.3617919298077693,0.7072946495057101
PI3K/AKT inhibitor,SMAD4,6,42,0.1041974425315857,-0.5141276717185974,0.36700253399907035,0.7124166836452542
PI3K/AKT inhibitor,HNF1A,6,42,0.1041974425315857,-1.3756850957870483,0.36700253399907035,0.7124166836452542
JAK/STAT inhibitor,HNF1A,6,42,0.16645890474319458,-0.549160361289978,0.36700253399907035,0.7124166836452542
RAF inhibitor,BRCA2,9,39,0.10904422402381897,-0.011633366346359253,0.3691396851593608,0.7132089935748774
Cyclooxygenase inhibitor,ATM,9,39,0.22759361565113068,0.028139352798461914,0.3691396851593608,0.7132089935748774
JAK/STAT inhibitor,NF1,7,41,0.16645890474319458,-0.4382167458534241,0.37315540252904456,0.7168290109267279
MEK inhibitor,MYC,5,43,0.10747472196817398,0.04912388324737549,0.373274839047272,0.7168290109267279
Glucose transporter inhibitor,ARID1A,15,33,0.24808049201965332,-0.01888442039489746,0.37361996933150665,0.7168290109267279
RAF inhibitor,RNF43,8,40,0.10904422402381897,0.14180389046669006,0.3756426709858937,0.7186749010050879
GSK3 inhibitor,TERT,11,37,0.10202720761299133,0.4385213851928711,0.3771954328911552,0.7186749010050879
HDAC inhibitor,SETD1B,11,37,0.13002021610736847,-0.10315811634063721,0.3771954328911552,0.7186749010050879
Other MAPK inhibitor,PIK3CA,10,38,0.11851197481155396,-0.4650634527206421,0.3811223896851379,0.7209660539458616
DNA synthesis/repair inhibitor,KMT2D,14,35,0.7910102605819702,0.08106803894042969,0.3820160598832325,0.7209660539458616
Multi-TK inhibitor,KMT2D,14,34,0.21858257055282593,-0.1991041898727417,0.3825145089886951,0.7209660539458616
Other TK inhibitor,ATM,9,39,0.16598542034626007,-0.1957191824913025,0.3833874830655535,0.7209660539458616
Adrenoceptor agonist,STK11,6,42,0.2427297830581665,-0.37289512157440186,0.38369110505698073,0.7209660539458616
Glucocorticoid receptor agonist,SMAD4,6,42,0.1916694939136505,-1.4583076238632202,0.38369110505698073,0.7209660539458616
Retinoic receptor agonist,SMARCA4,12,36,0.1884232610464096,0.10893422365188599,0.3848210853922982,0.7209660539458616
DNA synthesis/repair inhibitor,ATM,9,40,0.7910102605819702,0.07328283786773682,0.3870572964062122,0.7209660539458616
Sonic inhibitor,EP300,7,41,0.27196261286735535,0.27484071254730225,0.38894682795947777,0.7209660539458616
Proteasome inhibitor,NRAS,7,41,0.11658956110477448,1.949890375137329,0.38894682795947777,0.7209660539458616
Adrenoceptor agonist,EP300,7,41,0.2427297830581665,-0.2682420611381531,0.38894682795947777,0.7209660539458616
GSK3 inhibitor,NRAS,7,41,0.10202720761299133,0.16751068830490112,0.38894682795947777,0.7209660539458616
Adrenoceptor agonist,POLE,8,40,0.2427297830581665,0.09392678737640381,0.3906579382586084,0.7209660539458616
Multi-TK inhibitor,RNF43,8,40,0.21858257055282593,-0.12909817695617676,0.3906579382586084,0.7209660539458616
Sonic inhibitor,MYC,5,43,0.27196261286735535,-0.06084650754928589,0.39150641474878295,0.7209660539458616
DNA methyltransferase inhibitor,BRAF,9,39,0.3076403737068176,-0.19860875606536865,0.3979671169819944,0.723574278184853
PI3K/AKT inhibitor,BRAF,9,39,0.1041974425315857,-0.6905662417411804,0.3979671169819944,0.723574278184853
Multi-TK inhibitor,BRCA2,9,39,0.21858257055282593,-0.21217119693756104,0.3979671169819944,0.723574278184853
Glucose transporter inhibitor,SMAD4,6,42,0.24808049201965332,0.04690897464752197,0.4008162971278519,0.723574278184853
Cyclooxygenase inhibitor,STK11,6,42,0.22759361565113068,-0.3128066062927246,0.4008162971278519,0.723574278184853
MTOR inhibitor,SMAD4,6,42,0.09767735749483109,-0.9346651434898376,0.4008162971278519,0.723574278184853
RAF inhibitor,PRDM2,6,42,0.10904422402381897,0.0756201446056366,0.4008162971278519,0.723574278184853
Sonic inhibitor,HNF1A,6,42,0.27196261286735535,0.08970260620117188,0.4008162971278519,0.723574278184853
Other MAPK inhibitor,HNF1A,6,42,0.11851197481155396,-0.5718920230865479,0.4008162971278519,0.723574278184853
CDK inhibitor,TGFBR2,7,41,0.1314636766910553,0.5510841608047485,0.40512030356704753,0.7264923951695287
HDAC inhibitor,EP300,7,41,0.13002021610736847,-0.10315811634063721,0.40512030356704753,0.7264923951695287
Protein synthesis inhibitor,NRAS,7,41,0.10040878504514694,0.26710838079452515,0.40512030356704753,0.7264923951695287
DNA synthesis/repair inhibitor,PIK3CA,10,39,0.7910102605819702,-0.04777109622955322,0.4059551444523063,0.7264923951695287
DNA synthesis/repair inhibitor,HNF1A,6,43,0.7910102605819702,-0.06237137317657471,0.41119376856789314,0.7309498413168539
Other TK inhibitor,PTEN,9,39,0.16598542034626007,-0.08685660362243652,0.41287591036806537,0.7309498413168539
Glucocorticoid receptor agonist,PTEN,9,39,0.1916694939136505,1.0763494968414307,0.41287591036806537,0.7309498413168539
Glucose transporter inhibitor,BRCA2,9,39,0.24808049201965332,0.007468461990356445,0.41287591036806537,0.7309498413168539
GSK3 inhibitor,ATM,9,39,0.10202720761299133,-0.3120421767234802,0.41287591036806537,0.7309498413168539
Microtubule inhibitor,SETD1B,11,37,0.146376833319664,-0.536985456943512,0.4182356779560542,0.7324566627627083
Other TK inhibitor,B2M,6,42,0.16598542034626007,-0.08112823963165283,0.4183636050716489,0.7324566627627083
RAS inhibitor,HNF1A,6,42,0.09426198154687881,-0.6219878196716309,0.4183636050716489,0.7324566627627083
Multi-TK inhibitor,TGFBR2,7,41,0.21858257055282593,-0.21217119693756104,0.4216709943050756,0.7324566627627083
Androgen receptor antagonist,TGFBR2,7,41,0.2500787377357483,-0.17152619361877441,0.4216709943050756,0.7324566627627083
Retinoic receptor agonist,NRAS,7,41,0.1884232610464096,0.3584566116333008,0.4216709943050756,0.7324566627627083
Adrenoceptor agonist,ACVR2A,8,40,0.2427297830581665,-0.29709261655807495,0.4217174724997412,0.7324566627627083
Other TK inhibitor,ACVR2A,8,40,0.16598542034626007,-0.26825976371765137,0.4217174724997412,0.7324566627627083
Other MAPK inhibitor,ACVR2A,8,40,0.11851197481155396,-0.5633480548858643,0.4217174724997412,0.7324566627627083
DNA methyltransferase inhibitor,PIK3CA,10,38,0.3076403737068176,-0.15066933631896973,0.4239014480001275,0.7335536039081468
Other MAPK inhibitor,CDKN2B,12,36,0.11851197481155396,0.2760491967201233,0.42509159407458486,0.7335536039081468
MEK inhibitor,BRCA2,9,39,0.10747472196817398,-0.7022154927253723,0.4281106619408591,0.7335536039081468
DNA methyltransferase inhibitor,ATM,9,39,0.3076403737068176,-0.183585524559021,0.4281106619408591,0.7335536039081468
RAF inhibitor,BRAF,9,39,0.10904422402381897,-0.02534547448158264,0.4281106619408591,0.7335536039081468
Glucose transporter inhibitor,ATM,9,39,0.24808049201965332,0.08743000030517578,0.4281106619408591,0.7335536039081468
GSK3 inhibitor,PIK3R1,5,43,0.10202720761299133,-0.4970042109489441,0.42946229174258777,0.7335536039081468
JAK/STAT inhibitor,MYC,5,43,0.16645890474319458,-0.13435977697372437,0.42946229174258777,0.7335536039081468
MTOR inhibitor,HNF1A,6,42,0.09767735749483109,-0.645947277545929,0.4363357995330975,0.7422206899274338
MEK inhibitor,HNF1A,6,42,0.10747472196817398,-0.23697131872177124,0.4363357995330975,0.7422206899274338
JAK/STAT inhibitor,NRAS,7,41,0.16645890474319458,-0.19442933797836304,0.4385941194532508,0.7432835059172597
Adrenoceptor agonist,PIK3CA,10,38,0.2427297830581665,-0.3048310875892639,0.43876250591721877,0.7432835059172597
Retinoic receptor agonist,BRAF,9,39,0.1884232610464096,-0.19077759981155396,0.4436676407892133,0.7485190258713721
Adrenoceptor agonist,BRAF,9,39,0.2427297830581665,-0.1879172921180725,0.4436676407892133,0.7485190258713721
HDAC inhibitor,MYC,5,43,0.13002021610736847,-0.30822062492370605,0.4491714088152571,0.7547177439360226
Proteasome inhibitor,FBXW7,5,43,0.11658956110477448,-2.2181105613708496,0.4491714088152571,0.7547177439360226
GSK3 inhibitor,CDKN2B,12,36,0.10202720761299133,-0.10118168592453003,0.4532547047537364,0.7567483312051674
Retinoic receptor agonist,POLE,8,40,0.1884232610464096,0.4674135148525238,0.454121798983781,0.7567483312051674
HDAC inhibitor,WNK2,8,40,0.13002021610736847,-0.3228098154067993,0.454121798983781,0.7567483312051674
MTOR inhibitor,WNK2,8,40,0.09767735749483109,-1.0570709705352783,0.454121798983781,0.7567483312051674
RAF inhibitor,EP300,7,41,0.10904422402381897,-0.011633366346359253,0.45588354013208265,0.7567483312051674
Microtubule inhibitor,TGFBR2,7,41,0.146376833319664,-0.706112802028656,0.45588354013208265,0.7567483312051674
MEK inhibitor,ZFHX3,13,35,0.10747472196817398,-0.8658778667449951,0.45784615872996215,0.758480082233371
Sonic inhibitor,BRAF,9,39,0.27196261286735535,0.07172125577926636,0.4595425828742937,0.7597647913252351
Glucose transporter inhibitor,SETD1B,11,37,0.24808049201965332,0.007468461990356445,0.46179379496034234,0.7619597616845649
Androgen receptor antagonist,MYC,5,43,0.2500787377357483,-0.12653696537017822,0.46935357273007594,0.7690251517459916
CDK inhibitor,ZFHX3,13,35,0.1314636766910553,-0.05524003505706787,0.4720188218438176,0.7690251517459916
Glucose transporter inhibitor,ZFHX3,13,35,0.24808049201965332,0.02119213342666626,0.4720188218438176,0.7690251517459916
Retinoic receptor agonist,HNF1A,6,42,0.1884232610464096,-0.2811194658279419,0.4735077470486115,0.7690251517459916
Adrenoceptor agonist,B2M,6,42,0.2427297830581665,-0.24991106986999512,0.4735077470486115,0.7690251517459916
Other TK inhibitor,SMAD4,6,42,0.16598542034626007,-0.1931886076927185,0.4735077470486115,0.7690251517459916
MTOR inhibitor,NRAS,7,41,0.09767735749483109,0.7975884079933167,0.47353306313571364,0.7690251517459916
Glucose transporter inhibitor,NF1,7,41,0.24808049201965332,-0.06307744979858398,0.47353306313571364,0.7690251517459916
Protein synthesis inhibitor,BRAF,9,39,0.10040878504514694,-0.45488083362579346,0.4757306889588643,0.7695643497863981
Microtubule inhibitor,PTEN,9,39,0.146376833319664,-0.4425361752510071,0.4757306889588643,0.7695643497863981
Adrenoceptor agonist,SETD1B,11,37,0.2427297830581665,-0.2682420611381531,0.4768571861563097,0.769691200758536
DNA synthesis/repair inhibitor,BRCA2,9,40,0.7910102605819702,0.07328283786773682,0.47767502398590356,0.769691200758536
CDK inhibitor,CDKN2B,12,36,0.1314636766910553,0.1137094497680664,0.48244162077185226,0.7743469594100741
Cyclooxygenase inhibitor,CDKN2B,12,36,0.22759361565113068,0.033037543296813965,0.48244162077185226,0.7743469594100741
MTOR inhibitor,FBXW7,5,43,0.09767735749483109,-0.6194771528244019,0.490000607368785,0.7786773362452866
RAF inhibitor,MYC,5,43,0.10904422402381897,0.1880696415901184,0.490000607368785,0.7786773362452866
Adrenoceptor agonist,MYC,5,43,0.2427297830581665,-0.35592424869537354,0.490000607368785,0.7786773362452866
HDAC inhibitor,ARID1A,15,33,0.13002021610736847,-0.22088444232940674,0.4904912879807346,0.7786773362452866
RAF inhibitor,NF1,7,41,0.10904422402381897,-0.02534547448158264,0.49153519142547397,0.7786773362452866
EGFR/ERBB inhibitor,TGFBR2,7,41,0.16686606407165527,-0.03461110591888428,0.49153519142547397,0.7786773362452866
Cyclooxygenase inhibitor,HNF1A,6,42,0.22759361565113068,-0.28711998462677,0.4926903872970177,0.7786773362452866
GSK3 inhibitor,SMAD4,6,42,0.10202720761299133,-0.3059293031692505,0.4926903872970177,0.7786773362452866
DNA synthesis/repair inhibitor,PTEN,9,40,0.7910102605819702,-0.07124269008636475,0.49383179880238737,0.7789889751662897
MTOR inhibitor,SMARCA4,12,36,0.09767735749483109,-0.8187820911407471,0.497409451259859,0.7816434234083499
Glucose transporter inhibitor,CDKN2B,12,36,0.24808049201965332,-0.0124969482421875,0.497409451259859,0.7816434234083499
Cyclooxygenase inhibitor,ZFHX3,13,35,0.22759361565113068,-0.3299177289009094,0.5010756222441322,0.7829895295257143
RAF inhibitor,APC,10,38,0.10904422402381897,0.08561843633651733,0.5011132988964572,0.7829895295257143
Sonic inhibitor,PIK3CA,10,38,0.27196261286735535,0.04528510570526123,0.5011132988964572,0.7829895295257143
PI3K/AKT inhibitor,POLE,8,40,0.1041974425315857,0.2790200710296631,0.5051559300036188,0.7869995402095503
Microtubule inhibitor,TERT,11,37,0.146376833319664,0.5161625742912292,0.5077746895804951,0.7869995402095503
Other TK inhibitor,BRAF,9,39,0.16598542034626007,-0.13858824968338013,0.5090245180524944,0.7869995402095503
EGFR/ERBB inhibitor,PTEN,9,39,0.16686606407165527,0.06260126829147339,0.5090245180524944,0.7869995402095503
Protein synthesis inhibitor,TGFBR2,7,41,0.10040878504514694,-1.0963692665100098,0.5098824007995103,0.7869995402095503
RAF inhibitor,CTNNB1,5,43,0.10904422402381897,0.20224206149578094,0.5110973285117596,0.7869995402095503
MTOR inhibitor,B2M,6,42,0.09767735749483109,-0.273891806602478,0.5122651552636709,0.7869995402095503
Adrenoceptor agonist,HNF1A,6,42,0.2427297830581665,-0.2732667326927185,0.5122651552636709,0.7869995402095503
GSK3 inhibitor,HNF1A,6,42,0.10202720761299133,-0.3698514699935913,0.5122651552636709,0.7869995402095503
Retinoic receptor agonist,ZFHX3,13,35,0.1884232610464096,-0.22094792127609253,0.5159516963585487,0.7911898689513059
MTOR inhibitor,KMT2D,14,34,0.09767735749483109,-0.5559869408607483,0.5179889060601239,0.7928401623369244
Other TK inhibitor,RNF43,8,40,0.16598542034626007,-0.12084060907363892,0.5227895002682847,0.7955536912565194
HDAC inhibitor,RNF43,8,40,0.13002021610736847,-0.2082899808883667,0.5227895002682847,0.7955536912565194
Proteasome inhibitor,WNK2,8,40,0.11658956110477448,-1.4501965045928955,0.5227895002682847,0.7955536912565194
Other MAPK inhibitor,SETD1B,11,37,0.11851197481155396,-0.4523187279701233,0.5236189749724728,0.7955536912565194
EGFR/ERBB inhibitor,BRCA2,9,39,0.16686606407165527,-0.03461110591888428,0.5261179686617202,0.7971971019186076
HDAC inhibitor,CDKN2B,12,36,0.13002021610736847,0.12456285953521729,0.5280716607888456,0.7971971019186076
Cyclooxygenase inhibitor,SMARCA4,12,36,0.22759361565113068,-0.1783289909362793,0.5280716607888456,0.7971971019186076
Cyclooxygenase inhibitor,TGFBR2,7,41,0.22759361565113068,-0.2465442419052124,0.5285658360599738,0.7971971019186076
EGFR/ERBB inhibitor,STK11,6,42,0.16686606407165527,-0.09053921699523926,0.5322120045190846,0.798949836010428
RAS inhibitor,PIK3R1,5,43,0.09426198154687881,-0.14757102727890015,0.532633224006952,0.798949836010428
MEK inhibitor,FBXW7,5,43,0.10747472196817398,-0.7482926845550537,0.532633224006952,0.798949836010428
JAK/STAT inhibitor,WNK2,8,40,0.16645890474319458,-0.4340006113052368,0.5407207843251862,0.8081424765729686
Glucose transporter inhibitor,RNF43,8,40,0.24808049201965332,-0.0091325044631958,0.5407207843251862,0.8081424765729686
EGFR/ERBB inhibitor,CDKN2B,12,36,0.16686606407165527,-0.01709461212158203,0.5437561105754912,0.8112093873865828
PI3K/AKT inhibitor,TP53,31,17,0.1041974425315857,-0.8084419965744019,0.5461132399142077,0.812809307640336
DNA synthesis/repair inhibitor,STK11,7,42,0.7910102605819702,0.030243992805480957,0.547011345114953,0.812809307640336
Cyclooxygenase inhibitor,KMT2D,14,34,0.22759361565113068,-0.29497915506362915,0.5477842121794264,0.812809307640336
Other MAPK inhibitor,SMAD4,6,42,0.11851197481155396,-0.36243748664855957,0.5525291422931421,0.8183779935221583
RAS inhibitor,FBXW7,5,43,0.09426198154687881,-0.8084841370582581,0.5545907736009493,0.8184926444021167
Microtubule inhibitor,PIK3R1,5,43,0.146376833319664,-0.6010674238204956,0.5545907736009493,0.8184926444021167
RAS inhibitor,RNF43,8,40,0.09426198154687881,-0.24352800846099854,0.5589431252067946,0.8223085548642989
Adrenoceptor agonist,SMARCA4,12,36,0.2427297830581665,-0.10545885562896729,0.5596689271994115,0.8223085548642989
Glucose transporter inhibitor,TP53,31,17,0.24808049201965332,0.016933679580688477,0.5605413561965147,0.8223085548642989
Other MAPK inhibitor,BRCA2,9,39,0.11851197481155396,1.105677604675293,0.5611632925922427,0.8223085548642989
Proteasome inhibitor,ARID1A,15,33,0.11658956110477448,-0.45725417137145996,0.5630524807001882,0.8236140010242116
DNA synthesis/repair inhibitor,CDKN2A,22,27,0.7910102605819702,-0.030270099639892578,0.5667316657926253,0.8275285385467538
Androgen receptor antagonist,PIK3CA,10,38,0.2500787377357483,-0.11281174421310425,0.5678684426934582,0.8277234367881678
Protein synthesis inhibitor,SMAD4,6,42,0.10040878504514694,0.7143943309783936,0.5731947293862403,0.8299531975993147
PI3K/AKT inhibitor,B2M,6,42,0.1041974425315857,-0.16052961349487305,0.5731947293862403,0.8299531975993147
DNA methyltransferase inhibitor,SMARCA4,12,36,0.3076403737068176,0.13386476039886475,0.575804286510009,0.8299531975993147
Glucose transporter inhibitor,SMARCA4,12,36,0.24808049201965332,-0.01095491647720337,0.575804286510009,0.8299531975993147
Multi-TK inhibitor,FBXW7,5,43,0.21858257055282593,0.06609439849853516,0.5769571291079154,0.8299531975993147
Sonic inhibitor,KRAS,23,25,0.27196261286735535,-0.07172125577926636,0.5773808702960059,0.8299531975993147
Androgen receptor antagonist,RNF43,8,40,0.2500787377357483,-0.04274117946624756,0.5774462247539475,0.8299531975993147
Protein synthesis inhibitor,POLE,8,40,0.10040878504514694,0.35261666774749756,0.5774462247539475,0.8299531975993147
Androgen receptor antagonist,EP300,7,41,0.2500787377357483,-0.08522701263427734,0.5865394853815353,0.8400956170829281
DNA methyltransferase inhibitor,TGFBR2,7,41,0.3076403737068176,-0.012850522994995117,0.5865394853815353,0.8400956170829281
RAF inhibitor,CDKN2A,21,27,0.10904422402381897,0.056571513414382935,0.5889563297194547,0.8408264733472532
Retinoic receptor agonist,TP53,31,17,0.1884232610464096,0.030125081539154053,0.5899395021548925,0.8408264733472532
PI3K/AKT inhibitor,ARID1A,15,33,0.1041974425315857,-0.18416136503219604,0.5934606452979296,0.8408264733472532
Microtubule inhibitor,ZFHX3,13,35,0.146376833319664,-0.536985456943512,0.5936192437030965,0.8408264733472532
EGFR/ERBB inhibitor,KMT2D,14,34,0.16686606407165527,0.040136873722076416,0.5940082968848364,0.8408264733472532
Sonic inhibitor,STK11,6,42,0.27196261286735535,0.05950188636779785,0.5942066470700595,0.8408264733472532
DNA methyltransferase inhibitor,POLE,8,40,0.3076403737068176,0.07924628257751465,0.5962224083735068,0.8408264733472532
Multi-TK inhibitor,POLE,8,40,0.21858257055282593,0.14203011989593506,0.5962224083735068,0.8408264733472532
Retinoic receptor agonist,WNK2,8,40,0.1884232610464096,-0.2811194658279419,0.5962224083735068,0.8408264733472532
PI3K/AKT inhibitor,PTEN,9,39,0.1041974425315857,0.6257328391075134,0.5973009156790852,0.8409099922103161
PI3K/AKT inhibitor,PIK3R1,5,43,0.1041974425315857,-1.1870474815368652,0.5997124342406488,0.8428667091116444
PI3K/AKT inhibitor,PIK3CA,10,38,0.1041974425315857,-0.66829514503479,0.6027703160672747,0.8457236577474518
Sonic inhibitor,ARID1A,15,33,0.27196261286735535,-0.17424285411834717,0.6089414713751444,0.850921637393096
EGFR/ERBB inhibitor,WNK2,8,40,0.16686606407165527,-0.2841572165489197,0.6152603284799004,0.850921637393096
Androgen receptor antagonist,ACVR2A,8,40,0.2500787377357483,-0.09622621536254883,0.6152603284799004,0.850921637393096
Other TK inhibitor,HNF1A,6,42,0.16598542034626007,-0.13986551761627197,0.615540285500271,0.850921637393096
Glucose transporter inhibitor,PRDM2,6,42,0.24808049201965332,0.04744923114776611,0.615540285500271,0.850921637393096
HDAC inhibitor,BRAF,9,39,0.13002021610736847,0.1316310167312622,0.6157578394226404,0.850921637393096
PI3K/AKT inhibitor,ATM,9,39,0.1041974425315857,0.5860360860824585,0.6157578394226404,0.850921637393096
EGFR/ERBB inhibitor,BRAF,9,39,0.16686606407165527,-0.26597732305526733,0.6157578394226404,0.850921637393096
Other MAPK inhibitor,PTEN,9,39,0.11851197481155396,0.6776988506317139,0.6157578394226404,0.850921637393096
DNA methyltransferase inhibitor,TP53,31,17,0.3076403737068176,-0.11372298002243042,0.620028606108753,0.8537965635228254
Other MAPK inhibitor,MYC,5,43,0.11851197481155396,0.17708992958068848,0.622841504779525,0.8537965635228254
Microtubule inhibitor,FBXW7,5,43,0.146376833319664,0.5320631265640259,0.622841504779525,0.8537965635228254
MTOR inhibitor,CTNNB1,5,43,0.09767735749483109,-0.49078574776649475,0.622841504779525,0.8537965635228254
DNA synthesis/repair inhibitor,MYC,6,43,0.7910102605819702,0.050542235374450684,0.6232270218658486,0.8537965635228254
DNA methyltransferase inhibitor,KMT2D,14,34,0.3076403737068176,0.010557770729064941,0.6257823900953647,0.8537965635228254
HDAC inhibitor,ZFHX3,13,35,0.13002021610736847,-0.10315811634063721,0.6261174799167386,0.8537965635228254
RAF inhibitor,ZFHX3,13,35,0.10904422402381897,0.15426744520664215,0.6261174799167386,0.8537965635228254
Multi-TK inhibitor,BRAF,9,39,0.21858257055282593,-0.2382512092590332,0.6344610534960006,0.8620701872240933
GSK3 inhibitor,POLE,8,40,0.10202720761299133,0.41295480728149414,0.6345513405555813,0.8620701872240933
Proteasome inhibitor,TP53,31,17,0.11658956110477448,-1.03618323802948,0.63531960464515,0.8620701872240933
GSK3 inhibitor,SETD1B,11,37,0.10202720761299133,0.16751068830490112,0.6411670628211317,0.862810252503026
JAK/STAT inhibitor,KMT2D,14,34,0.16645890474319458,-0.08333933353424072,0.6419391127055507,0.862810252503026
Multi-TK inhibitor,CDKN2B,12,36,0.21858257055282593,0.005475938320159912,0.6424430576742304,0.862810252503026
Protein synthesis inhibitor,ZFHX3,13,35,0.10040878504514694,-0.9265946745872498,0.642648587797795,0.862810252503026
Sonic inhibitor,ZFHX3,13,35,0.27196261286735535,0.03766191005706787,0.642648587797795,0.862810252503026
JAK/STAT inhibitor,FBXW7,5,43,0.16645890474319458,-0.19442933797836304,0.6463233164204486,0.862810252503026
DNA methyltransferase inhibitor,FBXW7,5,43,0.3076403737068176,-0.25812387466430664,0.6463233164204486,0.862810252503026
RAF inhibitor,PIK3R1,5,43,0.10904422402381897,-0.011633366346359253,0.6463233164204486,0.862810252503026
EGFR/ERBB inhibitor,MYC,5,43,0.16686606407165527,-0.2558366656303406,0.6463233164204486,0.862810252503026
Protein synthesis inhibitor,FBXW7,5,43,0.10040878504514694,-1.0226402282714844,0.6463233164204486,0.862810252503026
Microtubule inhibitor,BRAF,9,39,0.146376833319664,-0.613040566444397,0.653400626146726,0.8661614443815709
GSK3 inhibitor,BRCA2,9,39,0.10202720761299133,0.6383758783340454,0.653400626146726,0.8661614443815709
GSK3 inhibitor,PTEN,9,39,0.10202720761299133,0.07941758632659912,0.653400626146726,0.8661614443815709
Androgen receptor antagonist,WNK2,8,40,0.2500787377357483,0.020709335803985596,0.654083127090568,0.8661614443815709
DNA methyltransferase inhibitor,WNK2,8,40,0.3076403737068176,0.09403431415557861,0.654083127090568,0.8661614443815709
Other TK inhibitor,STK11,6,42,0.16598542034626007,-0.07998770475387573,0.6591373581348412,0.8700613127379904
Microtubule inhibitor,SMAD4,6,42,0.146376833319664,0.6256099939346313,0.6591373581348412,0.8700613127379904
DNA methyltransferase inhibitor,CDKN2A,21,27,0.3076403737068176,0.012850522994995117,0.6625205835400576,0.8731301620136541
Retinoic receptor agonist,FBXW7,5,43,0.1884232610464096,-0.05615335702896118,0.6701403489100065,0.8775647426202466
RAS inhibitor,MYC,5,43,0.09426198154687881,-0.29149889945983887,0.6701403489100065,0.8775647426202466
Glucocorticoid receptor agonist,PIK3R1,5,43,0.1916694939136505,0.7620142102241516,0.6701403489100065,0.8775647426202466
Proteasome inhibitor,MYC,5,43,0.11658956110477448,-0.7078830003738403,0.6701403489100065,0.8775647426202466
MTOR inhibitor,ATM,9,39,0.09767735749483109,0.6339641213417053,0.6725661683407744,0.8779542545587641
EGFR/ERBB inhibitor,ATM,9,39,0.16686606407165527,0.2323041558265686,0.6725661683407744,0.8779542545587641
CDK inhibitor,RNF43,8,40,0.1314636766910553,-0.08301174640655518,0.6738461372445053,0.8780391573585018
RAF inhibitor,KMT2D,14,34,0.10904422402381897,-0.01820427179336548,0.6747597888064123,0.8780391573585018
CDK inhibitor,STK11,6,42,0.1314636766910553,-0.27089500427246094,0.681369826309912,0.8834268284263453
CDK inhibitor,TP53,31,17,0.1314636766910553,-0.3050881028175354,0.6821125935849479,0.8834268284263453
MTOR inhibitor,TP53,31,17,0.09767735749483109,-0.7323976159095764,0.6821125935849479,0.8834268284263453
DNA synthesis/repair inhibitor,BRAF,9,40,0.7910102605819702,-0.100006103515625,0.6890031172178099,0.8868430687092573
PI3K/AKT inhibitor,BRCA2,9,39,0.1041974425315857,0.6730457544326782,0.6919468500150245,0.8868430687092573
Glucose transporter inhibitor,PIK3CA,10,38,0.24808049201965332,0.014330267906188965,0.6939584226577065,0.8868430687092573
GSK3 inhibitor,MYC,5,43,0.10202720761299133,-0.3105640411376953,0.694270409927209,0.8868430687092573
Other TK inhibitor,FBXW7,5,43,0.16598542034626007,0.1542007327079773,0.694270409927209,0.8868430687092573
HDAC inhibitor,FBXW7,5,43,0.13002021610736847,-0.3943103551864624,0.694270409927209,0.8868430687092573
Microtubule inhibitor,CDKN2B,12,36,0.146376833319664,0.24824297428131104,0.6944249968317335,0.8868430687092573
Glucocorticoid receptor agonist,SMARCA4,12,36,0.1916694939136505,0.08329319953918457,0.6944249968317335,0.8868430687092573
Sonic inhibitor,CDKN2B,12,36,0.27196261286735535,-0.12124842405319214,0.6944249968317335,0.8868430687092573
Other MAPK inhibitor,B2M,6,42,0.11851197481155396,0.32509952783584595,0.7038630610474081,0.8956529541200986
Other MAPK inhibitor,ARID1A,15,33,0.11851197481155396,-0.3200995922088623,0.7053354653094192,0.8956529541200986
Glucose transporter inhibitor,KMT2D,14,34,0.24808049201965332,-0.007472515106201172,0.7082111208333466,0.8956529541200986
PI3K/AKT inhibitor,ZFHX3,13,35,0.1041974425315857,-0.7941551804542542,0.710489273466297,0.8956529541200986
Microtubule inhibitor,BRCA2,9,39,0.146376833319664,-0.6970331072807312,0.711531417761122,0.8956529541200986
Adrenoceptor agonist,CDKN2B,12,36,0.2427297830581665,0.009572148323059082,0.7120922311802224,0.8956529541200986
MEK inhibitor,POLE,8,40,0.10747472196817398,0.2951548099517822,0.714015694447565,0.8956529541200986
RAF inhibitor,POLE,8,40,0.10904422402381897,-0.018489420413970947,0.714015694447565,0.8956529541200986
JAK/STAT inhibitor,POLE,8,40,0.16645890474319458,0.2457057237625122,0.714015694447565,0.8956529541200986
Other MAPK inhibitor,WNK2,8,40,0.11851197481155396,0.4539646506309509,0.714015694447565,0.8956529541200986
Microtubule inhibitor,MYC,5,43,0.146376833319664,0.5373788475990295,0.7186936431848548,0.8956529541200986
Other TK inhibitor,PIK3R1,5,43,0.16598542034626007,0.19571280479431152,0.7186936431848548,0.8956529541200986
Cyclooxygenase inhibitor,FBXW7,5,43,0.22759361565113068,-0.2970947027206421,0.7186936431848548,0.8956529541200986
Proteasome inhibitor,PIK3R1,5,43,0.11658956110477448,-2.2181105613708496,0.7186936431848548,0.8956529541200986
Adrenoceptor agonist,PIK3R1,5,43,0.2427297830581665,-0.31190478801727295,0.7186936431848548,0.8956529541200986
Other MAPK inhibitor,PIK3R1,5,43,0.11851197481155396,-0.37191659212112427,0.7186936431848548,0.8956529541200986
DNA methyltransferase inhibitor,BRCA2,9,39,0.3076403737068176,0.035327792167663574,0.7313082138952116,0.9089517626148592
Other MAPK inhibitor,TGFBR2,7,41,0.11851197481155396,1.105677604675293,0.7315684489409292,0.9089517626148592
EGFR/ERBB inhibitor,POLE,8,40,0.16686606407165527,0.1180601716041565,0.7343977813811265,0.9110949919389916
CDK inhibitor,ARID1A,15,33,0.1314636766910553,0.07272255420684814,0.7386494157282615,0.9114614520749482
GSK3 inhibitor,KMT2D,14,34,0.10202720761299133,0.5802221298217773,0.742235146610604,0.9114614520749482
Glucocorticoid receptor agonist,FBXW7,5,43,0.1916694939136505,0.11317038536071777,0.74338668834506,0.9114614520749482
CDK inhibitor,MYC,5,43,0.1314636766910553,-0.16522175073623657,0.74338668834506,0.9114614520749482
EGFR/ERBB inhibitor,PIK3R1,5,43,0.16686606407165527,0.03421694040298462,0.74338668834506,0.9114614520749482
CDK inhibitor,FBXW7,5,43,0.1314636766910553,0.25781702995300293,0.74338668834506,0.9114614520749482
PI3K/AKT inhibitor,MYC,5,43,0.1041974425315857,-0.18416136503219604,0.74338668834506,0.9114614520749482
DNA methyltransferase inhibitor,ZFHX3,13,35,0.3076403737068176,-0.21546906232833862,0.7453330673308027,0.9114614520749482
DNA synthesis/repair inhibitor,SETD1B,11,38,0.7910102605819702,0.017150044441223145,0.7463296006060266,0.9114614520749482
Androgen receptor antagonist,HNF1A,6,42,0.2500787377357483,-0.05108422040939331,0.7495852181866425,0.9114614520749482
Glucose transporter inhibitor,APC,10,38,0.24808049201965332,0.014070868492126465,0.7509934012336426,0.9114614520749482
Sonic inhibitor,ATM,9,39,0.27196261286735535,0.09420043230056763,0.7512651968617755,0.9114614520749482
Protein synthesis inhibitor,ATM,9,39,0.10040878504514694,0.40509575605392456,0.7512651968617755,0.9114614520749482
Cyclooxygenase inhibitor,BRCA2,9,39,0.22759361565113068,-0.2465442419052124,0.7512651968617755,0.9114614520749482
MEK inhibitor,BRAF,9,39,0.10747472196817398,0.04912388324737549,0.7512651968617755,0.9114614520749482
RAF inhibitor,WNK2,8,40,0.10904422402381897,0.0756201446056366,0.7549622300039841,0.9129068811667901
Cyclooxygenase inhibitor,TP53,31,17,0.22759361565113068,-0.04929429292678833,0.7628066099122217,0.9129068811667901
Other MAPK inhibitor,TP53,31,17,0.11851197481155396,0.04487079381942749,0.7628066099122217,0.9129068811667901
Other MAPK inhibitor,ZFHX3,13,35,0.11851197481155396,-0.2806749939918518,0.7629575905108317,0.9129068811667901
Androgen receptor antagonist,CDKN2B,12,36,0.2500787377357483,0.012158811092376709,0.7659939351330224,0.9129068811667901
EGFR/ERBB inhibitor,FBXW7,5,43,0.16686606407165527,0.11488479375839233,0.7683285211037291,0.9129068811667901
Other MAPK inhibitor,CTNNB1,5,43,0.11851197481155396,-0.08532261848449707,0.7683285211037291,0.9129068811667901
Other MAPK inhibitor,FBXW7,5,43,0.11851197481155396,-0.11484777927398682,0.7683285211037291,0.9129068811667901
PI3K/AKT inhibitor,FBXW7,5,43,0.1041974425315857,0.12417346239089966,0.7683285211037291,0.9129068811667901
DNA methyltransferase inhibitor,SETD1B,11,37,0.3076403737068176,-0.012850522994995117,0.7684839526082501,0.9129068811667901
Protein synthesis inhibitor,TERT,11,37,0.10040878504514694,-0.45488083362579346,0.7684839526082501,0.9129068811667901
Androgen receptor antagonist,BRCA2,9,39,0.2500787377357483,-0.08522701263427734,0.7713899629136499,0.9129068811667901
Adrenoceptor agonist,ATM,9,39,0.2427297830581665,0.06437945365905762,0.7713899629136499,0.9129068811667901
CDK inhibitor,ATM,9,39,0.1314636766910553,-0.05524003505706787,0.7713899629136499,0.9129068811667901
RAF inhibitor,ARID1A,15,33,0.10904422402381897,0.12703680992126465,0.7724614267072366,0.9129068811667901
JAK/STAT inhibitor,STK11,6,42,0.16645890474319458,-0.26112937927246094,0.7727781222069458,0.9129068811667901
HDAC inhibitor,B2M,6,42,0.13002021610736847,0.17522847652435303,0.7727781222069458,0.9129068811667901
Glucose transporter inhibitor,STK11,6,42,0.24808049201965332,-0.0010972023010253906,0.7727781222069458,0.9129068811667901
Sonic inhibitor,NRAS,7,41,0.27196261286735535,-0.12896525859832764,0.7750385608554187,0.9129068811667901
Glucose transporter inhibitor,ACVR2A,8,40,0.24808049201965332,-0.02780449390411377,0.7756942105429332,0.9129068811667901
MEK inhibitor,WNK2,8,40,0.10747472196817398,-0.23697131872177124,0.7756942105429332,0.9129068811667901
DNA synthesis/repair inhibitor,ZFHX3,13,36,0.7910102605819702,0.017150044441223145,0.7771237463572624,0.913234137723822
Sonic inhibitor,TP53,31,17,0.27196261286735535,0.03982138633728027,0.7792931308576615,0.913234137723822
Protein synthesis inhibitor,TP53,31,17,0.10040878504514694,0.2856292128562927,0.7792931308576615,0.913234137723822
DNA synthesis/repair inhibitor,RNF43,8,41,0.7910102605819702,0.000925898551940918,0.7805429322143574,0.9134013036550991
Multi-TK inhibitor,SMARCA4,12,36,0.21858257055282593,-0.06438273191452026,0.7842310042864773,0.9164172500514783
RAF inhibitor,SETD1B,11,37,0.10904422402381897,-0.011633366346359253,0.7872920790952712,0.9186930201606772
DNA synthesis/repair inhibitor,EP300,7,42,0.7910102605819702,0.017150044441223145,0.7905948346055482,0.9191329596927659
Microtubule inhibitor,ATM,9,39,0.146376833319664,0.5021821856498718,0.7916697690043559,0.9191329596927659
Adrenoceptor agonist,FBXW7,5,43,0.2427297830581665,-0.3814443349838257,0.7934946131060838,0.9191329596927659
Retinoic receptor agonist,PIK3R1,5,43,0.1884232610464096,-0.05615335702896118,0.7934946131060838,0.9191329596927659
EGFR/ERBB inhibitor,TP53,31,17,0.16686606407165527,-0.020894229412078857,0.7958795465215174,0.9191329596927659
Other TK inhibitor,WNK2,8,40,0.16598542034626007,0.020037829875946045,0.7965818984003971,0.9191329596927659
Adrenoceptor agonist,WNK2,8,40,0.2427297830581665,-0.12376260757446289,0.7965818984003971,0.9191329596927659
Multi-TK inhibitor,WNK2,8,40,0.21858257055282593,-0.0756843090057373,0.7965818984003971,0.9191329596927659
Adrenoceptor agonist,ZFHX3,13,35,0.2427297830581665,-0.2682420611381531,0.7985691303775924,0.9201390119574214
Other TK inhibitor,SMARCA4,12,36,0.16598542034626007,-0.07078522443771362,0.8025873486341526,0.92347916683846
Sonic inhibitor,APC,10,38,0.27196261286735535,0.02903956174850464,0.8094228850067364,0.9247056600553073
Protein synthesis inhibitor,KMT2D,14,34,0.10040878504514694,-0.08659213781356812,0.8117529236750811,0.9247056600553073
DNA synthesis/repair inhibitor,CDKN2B,13,36,0.7910102605819702,-0.04586780071258545,0.8120531453899646,0.9247056600553073
MTOR inhibitor,PTEN,9,39,0.09767735749483109,0.525560736656189,0.812091556823204,0.9247056600553073
DNA synthesis/repair inhibitor,APC,10,39,0.7910102605819702,0.02879643440246582,0.8136918582220182,0.9247056600553073
Androgen receptor antagonist,ZFHX3,13,35,0.2500787377357483,-0.08522701263427734,0.8165384702916892,0.9247056600553073
Sonic inhibitor,CTNNB1,5,43,0.27196261286735535,0.02767765522003174,0.8188627720311346,0.9247056600553073
Androgen receptor antagonist,FBXW7,5,43,0.2500787377357483,0.013604223728179932,0.8188627720311346,0.9247056600553073
Androgen receptor antagonist,PIK3R1,5,43,0.2500787377357483,0.013604223728179932,0.8188627720311346,0.9247056600553073
Adrenoceptor agonist,TGFBR2,7,41,0.2427297830581665,-0.1794956922531128,0.8191933479753758,0.9247056600553073
Glucose transporter inhibitor,TGFBR2,7,41,0.24808049201965332,0.007468461990356445,0.8191933479753758,0.9247056600553073
PI3K/AKT inhibitor,TGFBR2,7,41,0.1041974425315857,0.6730457544326782,0.8191933479753758,0.9247056600553073
HDAC inhibitor,SMARCA4,12,36,0.13002021610736847,-0.32941436767578125,0.8210532775803332,0.9247056600553073
Proteasome inhibitor,SMARCA4,12,36,0.11658956110477448,0.2983773350715637,0.8210532775803332,0.9247056600553073
Other TK inhibitor,CDKN2B,12,36,0.16598542034626007,-0.18921583890914917,0.8210532775803332,0.9247056600553073
DNA synthesis/repair inhibitor,POLE,8,41,0.7910102605819702,-0.011159896850585938,0.8215869682673215,0.9247056600553073
Other MAPK inhibitor,KMT2D,14,34,0.11851197481155396,0.16273808479309082,0.8293908813437776,0.9322172712651451
JAK/STAT inhibitor,SMARCA4,12,36,0.16645890474319458,0.12455803155899048,0.8396189181026732,0.9408180683851262
MTOR inhibitor,TGFBR2,7,41,0.09767735749483109,0.8310239911079407,0.8414871777821673,0.9408180683851262
HDAC inhibitor,NF1,7,41,0.13002021610736847,-0.10315811634063721,0.8414871777821673,0.9408180683851262
Protein synthesis inhibitor,CTNNB1,5,43,0.10040878504514694,-0.2511444687843323,0.8444073015072089,0.9408180683851262
GSK3 inhibitor,FBXW7,5,43,0.10202720761299133,-0.07941758632659912,0.8444073015072089,0.9408180683851262
MTOR inhibitor,MYC,5,43,0.09767735749483109,-0.5827808380126953,0.8444073015072089,0.9408180683851262
RAS inhibitor,TP53,31,17,0.09426198154687881,0.04395091533660889,0.8461660687778954,0.9408180683851262
Adrenoceptor agonist,TP53,31,17,0.2427297830581665,-0.04890263080596924,0.8461660687778954,0.9408180683851262
Protein synthesis inhibitor,PTEN,9,39,0.10040878504514694,-0.3959137797355652,0.8533074196871153,0.9449377466333827
RAS inhibitor,BRAF,9,39,0.09426198154687881,0.26411172747612,0.8533074196871153,0.9449377466333827
RAF inhibitor,PTEN,9,39,0.10904422402381897,-0.015052258968353271,0.8533074196871153,0.9449377466333827
JAK/STAT inhibitor,TP53,31,17,0.16645890474319458,0.014427721500396729,0.8630793765712089,0.9520714358075316
RAF inhibitor,B2M,6,42,0.10904422402381897,-0.018489420413970947,0.8672950814862912,0.9520714358075316
CDK inhibitor,PRDM2,6,42,0.1314636766910553,-0.102439284324646,0.8672950814862912,0.9520714358075316
GSK3 inhibitor,CTNNB1,5,43,0.10202720761299133,0.08089572191238403,0.870104841196423,0.9520714358075316
MEK inhibitor,PIK3R1,5,43,0.10747472196817398,-0.04912388324737549,0.870104841196423,0.9520714358075316
JAK/STAT inhibitor,PIK3R1,5,43,0.16645890474319458,-0.19442933797836304,0.870104841196423,0.9520714358075316
RAF inhibitor,FBXW7,5,43,0.10904422402381897,0.16158348321914673,0.870104841196423,0.9520714358075316
Multi-TK inhibitor,PIK3R1,5,43,0.21858257055282593,0.008006036281585693,0.870104841196423,0.9520714358075316
DNA synthesis/repair inhibitor,PRDM2,6,43,0.7910102605819702,0.02879643440246582,0.870135591028944,0.9520714358075316
Microtubule inhibitor,SMARCA4,12,36,0.146376833319664,-0.5528255701065063,0.8770090248888229,0.956782586031724
Other MAPK inhibitor,SMARCA4,12,36,0.11851197481155396,-0.18299877643585205,0.8770090248888229,0.956782586031724
HDAC inhibitor,TP53,31,17,0.13002021610736847,-0.25615358352661133,0.8800556761271447,0.956782586031724
DNA synthesis/repair inhibitor,KRAS,24,25,0.7910102605819702,0.07105064392089844,0.880764615259515,0.956782586031724
Glucocorticoid receptor agonist,POLE,8,40,0.1916694939136505,0.48158955574035645,0.8813997156171033,0.956782586031724
CDK inhibitor,ACVR2A,8,40,0.1314636766910553,0.24792206287384033,0.8813997156171033,0.956782586031724
Androgen receptor antagonist,SETD1B,11,37,0.2500787377357483,-0.08522701263427734,0.8829905267528138,0.9572499140224328
Glucose transporter inhibitor,EP300,7,41,0.24808049201965332,0.007468461990356445,0.8864241830998494,0.9597112218600732
RAF inhibitor,SMAD4,6,42,0.10904422402381897,0.043199002742767334,0.8912614843223883,0.9624148385747225
Multi-TK inhibitor,SMAD4,6,42,0.21858257055282593,-0.022940874099731445,0.8912614843223883,0.9624148385747225
GSK3 inhibitor,ARID1A,15,33,0.10202720761299133,0.23467981815338135,0.8938319991951401,0.9624148385747225
GSK3 inhibitor,SMARCA4,12,36,0.10202720761299133,-0.20731514692306519,0.8958129774081515,0.9624148385747225
PI3K/AKT inhibitor,SMARCA4,12,36,0.1041974425315857,-0.47291040420532227,0.8958129774081515,0.9624148385747225
Androgen receptor antagonist,TP53,31,17,0.2500787377357483,0.013604223728179932,0.897087285895711,0.9624148385747225
GSK3 inhibitor,TP53,31,17,0.10202720761299133,-0.08089572191238403,0.897087285895711,0.9624148385747225
Microtubule inhibitor,WNK2,8,40,0.146376833319664,-0.015288352966308594,0.9028487565015213,0.9648318965204081
GSK3 inhibitor,WNK2,8,40,0.10202720761299133,0.11806195974349976,0.9028487565015213,0.9648318965204081
MTOR inhibitor,POLE,8,40,0.09767735749483109,-0.5551314949989319,0.9028487565015213,0.9648318965204081
DNA synthesis/repair inhibitor,TP53,32,17,0.7910102605819702,0.04586780071258545,0.9080305064029259,0.9649806425959413
Glucose transporter inhibitor,NRAS,7,41,0.24808049201965332,-0.009662806987762451,0.909033241652156,0.9649806425959413
DNA synthesis/repair inhibitor,PIK3R1,5,44,0.7910102605819702,0.017150044441223145,0.9108210043190883,0.9649806425959413
MEK inhibitor,TP53,31,17,0.10747472196817398,-0.22838488221168518,0.9141664478244584,0.9649806425959413
RAS inhibitor,SMAD4,6,42,0.09426198154687881,-0.0845942497253418,0.9153286082432222,0.9649806425959413
CDK inhibitor,HNF1A,6,42,0.1314636766910553,0.05790305137634277,0.9153286082432222,0.9649806425959413
Sonic inhibitor,SMAD4,6,42,0.27196261286735535,0.0262262225151062,0.9153286082432222,0.9649806425959413
Glucocorticoid receptor agonist,STK11,6,42,0.1916694939136505,0.8730074167251587,0.9153286082432222,0.9649806425959413
MTOR inhibitor,BRCA2,9,39,0.09767735749483109,0.8310239911079407,0.9158543553365116,0.9649806425959413
Other TK inhibitor,BRCA2,9,39,0.16598542034626007,0.10590946674346924,0.9158543553365116,0.9649806425959413
RAS inhibitor,PTEN,9,39,0.09426198154687881,0.14757102727890015,0.9158543553365116,0.9649806425959413
PI3K/AKT inhibitor,KMT2D,14,34,0.1041974425315857,0.04038339853286743,0.9187004591745328,0.9655132214254645
Adrenoceptor agonist,KMT2D,14,34,0.2427297830581665,-0.22386890649795532,0.9187004591745328,0.9655132214254645
Cyclooxygenase inhibitor,PIK3R1,5,43,0.22759361565113068,-0.2970947027206421,0.9218573337444751,0.9675983464875215
Protein synthesis inhibitor,WNK2,8,40,0.10040878504514694,1.4191374778747559,0.9243670754293836,0.9677700980066516
Microtubule inhibitor,POLE,8,40,0.146376833319664,-0.21954786777496338,0.9243670754293836,0.9677700980066516
CDK inhibitor,PIK3CA,10,38,0.1314636766910553,-0.102439284324646,0.92919926746507,0.9705343246301769
Other TK inhibitor,TP53,31,17,0.16598542034626007,-0.09689229726791382,0.9312853379556282,0.9705343246301769
Glucocorticoid receptor agonist,TP53,31,17,0.1916694939136505,-0.669600248336792,0.9312853379556282,0.9705343246301769
CDK inhibitor,EP300,7,41,0.1314636766910553,-0.05524003505706787,0.9317129516449697,0.9705343246301769
EGFR/ERBB inhibitor,SMARCA4,12,36,0.16686606407165527,-0.09053921699523926,0.9335864962947554,0.9712595957669271
Other MAPK inhibitor,ATM,9,39,0.11851197481155396,0.21754175424575806,0.9368394343815468,0.973416288872514
Androgen receptor antagonist,STK11,6,42,0.2500787377357483,-0.05109262466430664,0.9394649982822002,0.9736917381693657
DNA methyltransferase inhibitor,HNF1A,6,42,0.3076403737068176,0.04410064220428467,0.9394649982822002,0.9736917381693657
DNA synthesis/repair inhibitor,B2M,6,43,0.7910102605819702,0.03599691390991211,0.9407732481605882,0.9738242531147869
Protein synthesis inhibitor,MYC,5,43,0.10040878504514694,0.31011152267456055,0.9478620618768628,0.9787061339779873
CDK inhibitor,PIK3R1,5,43,0.1314636766910553,-0.05524003505706787,0.9478620618768628,0.9787061339779873
Sonic inhibitor,NF1,7,41,0.27196261286735535,-0.14104562997817993,0.9544457384985103,0.9797176513020404
Other TK inhibitor,TGFBR2,7,41,0.16598542034626007,0.10590946674346924,0.9544457384985103,0.9797176513020404
GSK3 inhibitor,TGFBR2,7,41,0.10202720761299133,0.6383758783340454,0.9544457384985103,0.9797176513020404
Androgen receptor antagonist,KMT2D,14,34,0.2500787377357483,0.08338147401809692,0.9547793838143521,0.9797176513020404
Microtubule inhibitor,KMT2D,14,34,0.146376833319664,-0.14689350128173828,0.9547793838143521,0.9797176513020404
CDK inhibitor,TERT,11,37,0.1314636766910553,0.06294423341751099,0.9608716757104543,0.9847442639268631
Glucose transporter inhibitor,HNF1A,6,42,0.24808049201965332,0.0010089874267578125,0.9636597348395209,0.986376279457326
PI3K/AKT inhibitor,WNK2,8,40,0.1041974425315857,-0.13511955738067627,0.9675477815107147,0.9886387345228931
DNA synthesis/repair inhibitor,ACVR2A,8,41,0.7910102605819702,0.02879643440246582,0.9682667848418154,0.9886387345228931
Microtubule inhibitor,CTNNB1,5,43,0.146376833319664,-0.5045836567878723,0.9739181827525952,0.9907305804819866
Glucose transporter inhibitor,CTNNB1,5,43,0.24808049201965332,0.007468461990356445,0.9739181827525952,0.9907305804819866
Retinoic receptor agonist,MYC,5,43,0.1884232610464096,-0.030125081539154053,0.9739181827525952,0.9907305804819866
Glucose transporter inhibitor,BRAF,9,39,0.24808049201965332,0.009257256984710693,0.9789268923207756,0.9945993671978323
Retinoic receptor agonist,STK11,6,42,0.1884232610464096,-0.07321542501449585,0.9878810369903888,0.9994312461736712
Cyclooxygenase inhibitor,WNK2,8,40,0.22759361565113068,-0.17223834991455078,0.989179756498834,0.9994312461736712
Sonic inhibitor,SMARCA4,12,36,0.27196261286735535,-0.06374722719192505,0.9905015986342394,0.9994312461736712
Protein synthesis inhibitor,SMARCA4,12,36,0.10040878504514694,-0.17555934190750122,0.9905015986342394,0.9994312461736712
DNA methyltransferase inhibitor,CDKN2B,12,36,0.3076403737068176,-0.10313940048217773,0.9905015986342394,0.9994312461736712
Other TK inhibitor,KMT2D,14,34,0.16598542034626007,0.1212703287601471,0.9909512234788643,0.9994312461736712
PI3K/AKT inhibitor,CTNNB1,5,43,0.1041974425315857,-0.12417346239089966,0.9999999999999999,1.0
HDAC inhibitor,PIK3R1,5,43,0.13002021610736847,-0.1956956386566162,0.9999999999999999,1.0
CDK inhibitor,CDKN2A,21,27,0.1314636766910553,0.05524003505706787,1.0,1.0
RAF inhibitor,TP53,31,17,0.10904422402381897,-0.04684853553771973,1.0,1.0
Protein synthesis inhibitor,BRCA2,9,39,0.10040878504514694,-0.2511444687843323,1.0,1.0
Glucose transporter inhibitor,TERT,11,37,0.24808049201965332,-0.005612373352050781,1.0,1.0
Adrenoceptor agonist,BRCA2,9,39,0.2427297830581665,-0.1794956922531128,1.0,1.0
