compound,n_lines,r2_lineage,r2_nonsyn,r2_expression,r2_expr_lineage,r2_cnv,r2_expr_on_cnv_lines,r2_cnv_expr,n_lines_cnv,r2_protein,n_lines_rppa
abemaciclib,724,0.07273033195740719,-0.010152900282491606,0.16311056448719086,0.16120570018255376,0.12198352875738028,0.20652272697611151,0.191803119646627,722,0.11597988664591263,656
aminoglutethimide,724,0.028962204780545564,-0.01346166582856334,0.07463016288822455,0.07840332330056254,0.00946238846355818,0.08607115715011615,0.07586629395674238,722,0.08605343657716191,656
batimastat,724,0.007834531036736259,-0.022105053806836805,0.10568435783348817,0.1052725268860244,0.02875552817724425,0.13162200374294664,0.11181093842706002,722,0.05320238974338598,656
belinostat,724,-0.001982230334887314,0.019163779153924643,0.08405482049271218,0.08394251261893915,0.0035873533239945132,0.0684447109817965,0.04858425127227728,722,0.022050723199586453,656
bexarotene,724,0.036620560964631954,0.023739497167215906,0.10498808227959644,0.10554798165178991,0.015002117911963375,0.09184743343464763,0.08572051150814508,722,0.10083630336927296,656
capecitabine,724,0.030549611841508062,0.0021877626377190262,0.06360264253884629,0.06605459664825497,0.000839152342059446,0.06962812813408625,0.05294942479440223,722,0.05913341052118637,656
carfilzomib,724,0.10111346862722115,0.00564686874725584,0.15514972192719823,0.16042662588364964,0.05086563065868477,0.1503852458182886,0.15387218707875672,722,0.11135635274761368,656
cinacalcet,724,0.016142544016842897,-0.007473850708368701,0.0713810888684343,0.07247573928243167,0.02941358761225632,0.0728454135896589,0.07955412329988454,722,0.01614278421516291,656
erlotinib,724,0.0756621639129118,0.006353559558695432,0.15271845269152706,0.15449679067698896,0.05576194148474556,0.1485330163673375,0.13907228512997083,722,0.16072615720521222,656
estramustine,724,0.03406985837040377,-0.018198568880652743,0.06401824557945479,0.06367968871445162,-0.008802305608877514,0.06247894910322482,0.0398107891625632,722,0.042856361818994104,656
everolimus,724,0.07732147574386627,0.005695130423094663,0.16306581989624291,0.16332632967965977,0.04934013168374585,0.18064498668293938,0.15301896018796302,722,0.15512967343477124,656
floxuridine,724,0.009695652264237964,-0.0008977873595403807,0.07183866387450932,0.07606603497954456,-0.019862773743493767,0.08691844917029412,0.046334082304066326,722,0.03177518004230295,656
homoharringtonine,724,0.033096341907778215,0.013482389806126038,0.16361038750212997,0.16292368202909402,0.061803404599504175,0.16718052827834184,0.17165835583485978,722,0.1489217937237608,656
ibrutinib,724,0.1077168225828421,-0.0014393013497588925,0.23573304283160257,0.23519711469344695,0.08848180201536493,0.23438074754251548,0.23218998149543002,722,0.2418974923131768,656
icotinib,724,0.010587724129710208,0.007182004541611664,0.08314673879986745,0.08728691151650392,0.007249274172620779,0.0749040409344145,0.06244684594418526,722,0.09395686299239592,656
imiquimod,724,0.016253588002948516,-0.009525541604787913,0.09951548767438412,0.10254321800433852,-0.003627851511479374,0.07534871334541016,0.06355581544928768,722,0.08260444064033734,656
lenvatinib,724,0.10043434714592325,-0.013411559786657312,0.12142542046077265,0.12235416116676101,0.053081494890640624,0.14955511631570484,0.15947240088540837,722,0.09205862107495877,656
methotrexate,724,0.005032565573459213,0.004000347600589649,0.08113109026609755,0.08058584068872077,0.0007503772310024637,0.0933938109820508,0.060507196425627185,722,0.01959595201156139,656
osimertinib,724,0.07400952155256302,-0.0021386078680185605,0.17250162555917026,0.17103317778575777,0.04423297734861331,0.16854233575008915,0.15518264721182484,722,0.1576724426390339,656
palbociclib,724,0.05146684290364878,0.012014606386590465,0.15895858283287334,0.15662870857742395,0.06416136027932173,0.15978945595130933,0.13001094639655897,722,0.14374398474988725,656
pevonedistat,724,0.015425583214732974,-0.002815683148855941,0.11556110854588308,0.11591137919582717,-0.0005931457517700522,0.10451402317748137,0.0749607487389069,722,0.05691353720352399,656
ponatinib,724,0.02157328536749692,-0.010972708799619424,0.09209672250381251,0.09239124013741651,-0.022828237812981156,0.10328602594931446,0.05373800583301236,722,0.03493140017841845,656
poziotinib,724,0.1907599847335787,0.021191093436910724,0.323920294397128,0.3211023404296446,0.15035173759388598,0.33702029846515247,0.33487075083604556,722,0.3028614022592525,656
ruxolitinib,724,0.025854827771162103,-0.0011212684737069711,0.10449178136972104,0.10602122651171186,0.008787504340441399,0.11889525967842862,0.09523014864756929,722,0.06715397149832292,656
talazoparib,724,0.027947987517647155,0.016803538577940147,0.17570465546211078,0.17360415267763374,0.023164247784132175,0.16180853471629975,0.12257169114921285,722,0.05263107679051737,656
teniposide,724,0.01045345689705679,0.022527461475211674,0.09945518788197294,0.10037149145229673,0.04006720553403609,0.12886563539650808,0.13105877396152754,722,0.10800741454568652,656
trametinib,724,0.14982439213592924,0.03310171680014573,0.3606901689352404,0.3603357882053402,-0.000682543200348773,0.3628572908841873,0.3047872110958567,722,0.2686954151190908,656
vismodegib,724,0.017934110106901158,-0.001491207617330792,0.05600180065200144,0.058570406994743585,-0.011439454094703594,0.055277437172070565,0.03133847940012269,722,0.04057221980148651,656
volasertib,724,-0.0032767357188261403,0.033281124453770405,0.13529023564894638,0.13570111633099868,0.014046407028138308,0.14159699177136287,0.11403764035119823,722,0.14656516557842303,656
2-methoxyestradiol,723,0.0129533796185749,-0.036742145136523297,0.029713938680555496,0.03237348173944521,0.00011282116107036444,0.05826009301127122,0.042454924249056725,721,0.04869038769960454,654
3-amino-benzamide,723,-0.010728544948273466,0.003313402443828606,0.07237757616667584,0.07322942151539169,-0.02301413127485552,0.05915961009787074,0.03189399761110312,721,0.02092512327455298,654
ARRY-334543,723,0.09564631993583883,0.0034100060742225935,0.18770098648735978,0.18670265278403353,0.06659519503582623,0.20216558215648672,0.18346625821955664,721,0.16530292601274976,654
AZD2014,723,0.015923529321921426,-0.007830347176325247,0.11071499208992941,0.10917601342587968,0.026191252422043676,0.09193226066453253,0.10023212836061512,721,0.08102053975656176,654
BMS-690514,723,0.13065779345228756,0.007130563066294782,0.2582526709714458,0.26095376351744015,0.10312307453787495,0.2683262261872932,0.2678461760129097,721,0.2843225938883003,654
ONC201,723,0.011376704521361969,-0.01680323299849884,0.07809706282555284,0.07818927731230996,-0.00753626444013511,0.08189816882828627,0.05148484498830752,721,0.02737208718710571,654
anagrelide,723,0.01026311213843989,-0.0014127556086429571,0.12949901895369298,0.1302325578482625,-0.00797294832256723,0.13492129732211233,0.09572160531558627,721,0.08180431736729143,654
atiprimod,723,0.07606999890534327,0.014589164583406755,0.1709417951096639,0.173433019923374,0.014507057672277113,0.1942492904488411,0.15076944613771892,721,0.055165575021086655,654
axitinib,723,0.04014052985318828,-0.008000952179818555,0.13829891335745392,0.13863244110526318,0.048129642511302584,0.11702498186272547,0.11877426541735436,721,0.05838638893054149,654
azacitidine,723,0.006920869335022672,0.007149739207567785,0.06806856591555988,0.06727057653995816,0.026246660118321774,0.06852567199911574,0.08071977889917725,721,0.07756229015827498,654
barasertib,723,-0.0013713471064566995,0.011704765176874576,0.07113987125620647,0.07011139688746149,0.013930785366706111,0.08652332201504898,0.07631215023865812,721,0.04992014695264846,654
brigatinib,723,0.05621603056738489,0.014382990190622946,0.2058332101759368,0.2036687601020276,0.0067118280193331215,0.20200649344289934,0.16315750386963168,721,0.09105192151808295,654
canertinib,723,0.11751097399068833,0.004113596015412502,0.22388817950876572,0.22490527094573487,0.07644074076709362,0.19576645214693356,0.21119225523058172,721,0.23618697704537717,654
dabrafenib,723,0.22715058793677834,0.03643560861296535,0.27710428977939094,0.2767465329567309,0.056064811533747316,0.2954352241872663,0.2817579737876792,721,0.20688771706982279,654
daunorubicin,723,0.028944856610150782,0.02170670286356402,0.1430388305529594,0.14489400640787098,0.020746069127597355,0.1595793027248541,0.14007977572122954,721,0.13973700264383393,654
dichloroacetate,723,-0.005646539890318714,-0.009218618043416171,0.0677875535637561,0.06494298019550426,-0.008340212861898344,0.05629908000489636,0.05130588588988305,721,0.04467284816312178,654
elesclomol,723,-0.00976562277344284,-0.024883160594823428,0.08788172023755503,0.08827545667831971,0.0019058458098071274,0.08115876564892066,0.07145841789157414,721,0.04918120291854322,654
idasanutlin,723,0.05628219765036202,0.027785051744242506,0.3859665004030607,0.3833173919952022,0.0994680497961955,0.4029991374416111,0.33643194758752537,721,0.3360133994884702,655
idelalisib,723,0.009529918301548923,-0.000863524220131362,0.08577101146788824,0.08806115149747895,-0.010591035122770043,0.10569250177276357,0.059494335780684526,721,0.07587787898251419,655
indisulam,723,0.014420002047326075,-0.004349258478173246,0.09191403107380891,0.0885611366890483,0.041861320816612535,0.10912147251070015,0.11780183518865228,721,0.0736569297337546,654
linifanib,723,0.036417029649456034,0.00903877404663056,0.10550786068897156,0.10457180622858064,0.005909343112796117,0.09754847644204023,0.08474197631193081,721,0.032682178608812174,654
niraparib,723,0.04258465241239873,0.024574876443716698,0.15810470123703424,0.15859650277251713,0.030065003001037316,0.1929034336178056,0.1431102306361195,721,0.08770306578049791,654
resiquimod,723,0.030265909407373837,0.011515076913050315,0.10557532861791386,0.10584324127273192,-0.009491021576119252,0.10295764223904691,0.07298244977375146,721,0.1018405074246117,654
sorafenib,723,0.042497116098267784,-0.008845832874590842,0.04580758669865381,0.04776899237819998,-0.007993880118286611,0.027833140063781014,0.028583543136440515,721,-0.012885330834303765,654
sunitinib,723,0.015407651814243084,-0.024646966523510505,0.06058964662166266,0.06178783573299895,-0.007180836683557734,0.07817592847746357,0.04509425199432249,721,0.03434192250880419,654
tivozanib,723,0.05365720142241359,0.015998038846737228,0.1106705188514866,0.11398733545459339,-0.00892416790676509,0.08691975147738218,0.06158553821669843,721,0.05507431996257128,654
vorinostat,723,0.06276594506220967,-0.00473891328895637,0.10778281044543803,0.1087809038499481,0.016914472139749503,0.10996485928624478,0.07791033615991816,721,0.050819918821673915,654
cobimetinib,722,0.15132544388525404,0.020821094256691652,0.30295646412214094,0.30433009025174385,0.02275748852654802,0.31407667775792447,0.2829375940346771,720,0.2317321297932884,653
dovitinib,722,0.11081775262606297,-0.00013818532015319462,0.116553905124119,0.11840253998844574,0.05325006786957209,0.11822265429506518,0.09016289018518475,720,0.06966552829456563,653
irinotecan,722,0.030272025652192558,0.006175398903523144,0.1376014594165227,0.13797653317310676,0.004804783838211479,0.14391785765847154,0.13074169259587987,720,0.07195626357548235,653
ispinesib,722,-0.003646444696538298,0.015943402556000463,0.10139745773816555,0.10097188382759414,0.011922812577157882,0.0993550887684641,0.08586071330887068,720,0.0775448451825278,653
ribociclib,722,0.024050456839212475,0.008536876517997616,0.09520724716966567,0.09455245718830141,0.00257472814115256,0.08530336369588998,0.054509414632501474,720,0.055417575565048116,653
tasisulam,722,0.01615516479680079,0.004484242167588803,0.06938000055109861,0.06966485284150492,-0.011940174265626657,0.049181819376066804,0.02228394150106061,720,0.03587083053161477,653
venetoclax,722,0.04629651134050328,0.02706769554064492,0.12531856838085553,0.12618930880469492,0.00776936631420333,0.10830818081952542,0.09755470728622695,720,0.08774576297252634,653
AT13387,721,-0.010061954971643194,0.0015842735208848602,0.14170127493663343,0.1390895663571633,-0.0062726190244830615,0.1350539603279438,0.0993591153438067,719,0.11546942620860456,652
AVL-292,721,0.0067030176567052235,-0.023718228388140528,0.013838138849954329,0.014338403716293024,-0.011398451318338942,0.02879502074108975,0.01107691708411862,719,0.010741936262117724,652
AZD8931,721,0.1682087214864424,0.007505275366183506,0.27171329740060346,0.2717422877852098,0.13342041949589745,0.2563365330255347,0.27091495558530354,719,0.2680318464495399,652
BMS-754807,721,0.10499092852456615,0.015650059273142336,0.14704608419933074,0.1526677516406929,0.01819806926259815,0.14349190265913736,0.12350588340554036,719,0.09217048149874418,652
CP-724714,721,0.03192784067329946,0.005824593222494068,0.09538053136073155,0.09612996167471799,0.013028133887422189,0.0947338896530856,0.09728575478470913,719,0.08049767094359406,652
LY2801653,721,0.0012099663812999983,0.0016329973262467767,0.05309871746714678,0.05126998303819752,-0.002669709506720297,0.07923708803758589,0.07380318426676402,719,0.01885299206558677,652
XL-647,721,0.1262184679647147,0.0015646090449991101,0.20261093271195363,0.20625216516165468,0.08067121892914952,0.2010762336821187,0.20505572392230886,719,0.16020897319957694,652
alpelisib,721,0.04095308592331015,0.024149963019484577,0.13379538987013173,0.13754413916555464,0.040566664896573124,0.12207605336694838,0.14450193422119428,719,0.1302006587530362,652
alvocidib,721,0.0817720498746316,0.021433592919820166,0.17999228772917797,0.18115380257400104,0.04095701033104171,0.18337569358663064,0.17529912673434322,719,0.13579691168567898,652
bardoxolone-methyl,721,0.0591741507664203,0.02430109874766795,0.13419867635261673,0.13545201572572807,0.008834407120273391,0.13556095139826185,0.11451565710375522,719,0.09601424924209845,652
brequinar,721,0.002707561925877733,-0.016969743565036666,0.05611012346699562,0.05543097601697289,-0.025936375245461996,0.0730927498339079,0.03336520202589888,719,0.04417315946902822,652
dacarbazine,721,0.013696280070571332,-0.004770170116810801,0.047487495127116475,0.053322948033806106,-0.022799888248808742,0.04323431486180884,0.019139765849453427,719,0.03448590254266326,652
dacomitinib,721,0.16830908450609927,0.02967802272513731,0.29300533451161714,0.2932392913643823,0.11591870929351389,0.27570038217296056,0.28490820798377814,719,0.26969321045486916,652
gefitinib,721,0.04988322697997283,-0.000765250373349291,0.15153142300499067,0.15284188217085715,0.0676704785918264,0.15432208374687983,0.16061452646613616,719,0.16855728738016662,652
golvatinib,721,0.011259121561420837,-0.000739947421342535,0.0564633318426061,0.05629384734552756,0.007650130301029345,0.029576117278378278,0.03296604735323805,719,0.012171410386874526,652
icariin,721,0.00714821698639323,-0.0022585111702708716,0.03734745882227197,0.03893820355530109,-0.018793750020406286,0.03741494916682697,0.01982882424873078,719,0.03317680187886507,653
navitoclax,721,0.01248121699841076,0.0010707333572723687,0.06953127732985809,0.07016607200091285,0.040692060501831384,0.08316089103524582,0.0949296597071605,719,0.020063461668824112,652
odanacatib,721,-0.008519133027937276,-0.006802418779730868,0.06804834359252643,0.06742754160267772,-0.012410595712827543,0.0805667207919536,0.055993534742260875,719,0.05740206632761946,652
panobinostat,721,0.00611248484098581,0.010876108835372489,0.08932785053265457,0.08855867232880488,-0.026673193187866095,0.10205886454501933,0.04532942070939494,719,0.06455374999949381,652
pelitinib,721,0.15239230562458672,0.0012822738182859394,0.2681097480394746,0.2687551506725002,0.10167371483284504,0.2750193708358647,0.26357323167618774,719,0.23938042886926714,652
pemetrexed,721,0.005076546864303477,-0.012020060600023363,0.012576957331495109,0.013534737025778343,-0.011759965823667562,0.015301020990519998,0.0001445741001369072,719,-0.0005336474291430804,653
rociletinib,721,0.04629276044786923,0.0009408349289860007,0.09942630167581079,0.10111965002137624,-0.02223245616554803,0.0748759782703754,0.05278976151970449,719,0.11755611534937949,652
selumetinib,721,0.16748789148886356,0.01685129239162697,0.2721073944021466,0.27287253093881936,-0.002763319999383951,0.26160476201783,0.2013834655662634,719,0.1845750691536996,652
thioguanine,721,0.02862188050845038,0.001891762242691497,0.03811909420035675,0.0410670603154597,0.005330209151889531,0.034862830259399735,0.033886103721995076,719,0.017205579321379894,652
toceranib,721,-0.0020535072794256592,-0.01716286913945053,0.04992660071279176,0.05334195328937896,-0.023356227714536715,0.02733759994096041,0.01120454062892795,719,0.07680104863030213,653
uprosertib,721,0.07864874304984282,0.04420127772066751,0.1872446918452375,0.1855327484073741,0.04108883689963616,0.22372455310806838,0.17846845509809917,719,0.2262663223297775,652
vandetanib,721,0.024358378627173827,-0.005258673154153737,0.03733730723477435,0.0383370963145202,0.0011818678018840068,0.04200151849696521,0.04119227401840031,719,0.026810398821430215,652
I-BET-762,720,0.03044665220766929,0.0011929587538802577,0.05726327052239588,0.05797781011531533,0.0039741678733382635,0.044369503509852026,0.04112421834726365,718,0.05820489751147284,651
cyt387,720,-0.004340972172251156,-0.007056096184921534,0.06397799794170556,0.06452212795943246,-0.025441411901167887,0.06700041168968385,0.0468134248136749,718,0.034390619323988236,651
fosbretabulin,720,0.004889848347012005,-0.007241343794802901,0.15626645207241274,0.15541163898592458,0.013069980899974465,0.16283930797139112,0.12958899120929657,718,0.11897837081254159,651
fruquintinib,720,-0.007700075152767161,-0.02096978039629871,0.07166317472238082,0.07139319176331205,-0.009675093386041445,0.0770189723477287,0.06050108891947947,718,0.007122947355494014,651
indirubin,720,-0.006696593041828125,-0.006414398606428007,0.09104833091634501,0.09151705399171561,-0.0129221385026832,0.06428433726112504,0.04017208616992085,718,0.03930757719441347,651
linsitinib,720,0.041928766052510946,0.022936878041193043,0.10913318755428758,0.11045509860244973,0.020209332960742454,0.08767751205532837,0.07627464172558251,718,0.08435007020581808,651
matrine,720,0.0027106573596377137,-0.006741050946990068,0.03875798098801153,0.03853302196579256,-0.026916724415548154,0.06325727661676617,0.031240984931171,718,0.024291491982974867,651
resminostat,720,-0.007361971211154339,-0.01169293293360707,0.034869929786161324,0.03527780106849443,-0.03968540105213347,0.06314857765762705,0.005266133201643597,718,7.7255616801164e-05,651
rucaparib,720,0.002134983478699004,0.010284493717548582,0.06636791063557002,0.0659147410568297,-0.0024436286923088524,0.0677711873431932,0.043545607956608,718,0.029539045234695194,651
semaxanib,720,0.012486560040115724,-0.011261847385406476,0.10081552135938499,0.10057495623305024,0.003276230118686052,0.08594481685992106,0.07334829860524394,718,0.040314263619207535,651
talmapimod,720,0.0013556870918794983,-0.024131735317242775,0.05261338919465708,0.05489660388030304,-0.015190622202008397,0.056468665753336755,0.03923931864395347,718,0.049813654641095884,651
LOXO-101,718,0.0010733175578654386,-0.0012523171549436718,0.07667734117622615,0.07853237714323391,-0.0022893247042203857,0.08904607638607231,0.07002678413213059,716,0.06402018819435273,649
LY2157299,718,-0.00902261333512322,-0.0028879164346200525,0.06426408619360224,0.0630651373721316,-0.005468114550332803,0.05469163664261689,0.05820880072340062,716,0.05618142649395719,649
VX-745,718,-0.013737622513652736,-0.005836052235384415,0.05401968233558696,0.053713325201962925,0.02815127309835519,0.06412417856734787,0.07818610079838983,716,0.07670919932905151,649
anlotinib,718,0.017477523079901136,-0.027527455078764085,0.021906740256789847,0.0251132255525226,-0.010385617640985112,0.030880536475018316,0.024818612964275677,716,0.01924336805998972,649
exisulind,718,0.0010292775300040358,0.004938494087036505,0.06944379300254289,0.06883295566981551,0.011326440550895378,0.054724704975511074,0.04906289323284163,716,0.1162435522663755,649
genistein,718,0.002056900345822954,-0.00020036603210105142,0.0336559037987868,0.03268228884131996,-0.04769145076485248,0.030963513519941643,-0.007679446481558383,716,0.049100740755009586,649
lomeguatrib,718,-0.008925665776841063,-0.005585257370604335,0.04764551245326043,0.047970402647751875,-0.02772232939140684,0.06257870118749875,0.03291564851835027,716,0.060131235497960955,649
meisoindigo,718,0.017134621399471972,-0.003748535785518925,0.05192658280589291,0.05264904326504449,-0.0057729958612784404,0.04068910182645513,0.04029274097919211,716,0.008795190510803685,649
pexidartinib,718,0.002206165796357573,-0.019183719488248263,0.08938589200146341,0.08817375123844606,-0.029107314694978292,0.07124122065793337,0.046464957388441364,716,0.0578629829927052,649
FK-866,717,0.029450520090519072,0.004915526700893902,0.12073847567493856,0.12155075690045591,0.019073304087788068,0.11540625489515677,0.09617475590610869,715,0.0876477149032111,649
bortezomib,717,0.06975365044187654,0.0027581717867550815,0.1447613280758827,0.14717571820910935,0.001031456591060298,0.13638259126405594,0.10765792370082505,715,0.0966766605421786,649
dasatinib,717,0.12001145134286595,0.02736720079613031,0.2893279462414232,0.28955191136983494,0.050007636028528424,0.2874973112386736,0.2836998882169378,715,0.1900494375947993,649
docetaxel,717,0.03620418911995005,0.009936873477038644,0.1425552888235998,0.1436678388997511,0.027313641305598213,0.13551039968797762,0.11642655776648336,715,0.1111361168686471,649
filanesib,717,-0.00438870660449564,0.006881592952873494,0.1000559512774497,0.09828428241672615,0.017710573381142902,0.11100085272936444,0.09054479368387813,715,0.07713795254065414,649
oltipraz,717,0.02632789694053994,-0.013085465965639198,0.09474654107381064,0.09727389522703866,0.01665628084831383,0.09808249176217343,0.08868731711180211,715,0.10048873869804809,649
paclitaxel,717,0.0697030904530781,-0.004918237610969767,0.18435860650805969,0.18922356701264575,0.04385899255319936,0.16590030825889002,0.14720367071519203,715,0.12608721356896013,649
pralatrexate,717,0.019485548979988554,-0.025332366862084177,0.0868253581863333,0.08887818260462388,-0.02577191067993878,0.08954847153139622,0.03840069590472328,715,0.021390514298579633,649
tamibarotene,717,0.03141843741177053,0.019802306948658255,0.07747878160306865,0.079006227093815,0.0072669632901632975,0.07735484180477514,0.06645762340038308,715,0.08311603295603409,649
tanespimycin,717,0.10165209494035665,-0.005556332584271795,0.19565594280490384,0.19835636794399825,0.04273183896681487,0.18618675630636838,0.1779786717194558,715,0.1424030441019669,649
