line,k,seed,n_conditions,r_de100
CVCL_0023,5,0,1132,0.6926676034927368
CVCL_0023,5,1,1132,0.6963034868240356
CVCL_0023,5,2,1131,0.6311476826667786
CVCL_0023,10,0,1132,0.7083390057086945
CVCL_0023,10,1,1132,0.7188873589038849
CVCL_0023,10,2,1132,0.7360634803771973
CVCL_0023,20,0,1132,0.737503707408905
CVCL_0023,20,1,1132,0.7280988395214081
CVCL_0023,20,2,1132,0.728666752576828
CVCL_0023,45,0,1132,0.7402331233024597
CVCL_0023,45,1,1132,0.7399711906909943
CVCL_0023,45,2,1132,0.7410189509391785
CVCL_0028,5,0,1126,0.3756091892719269
CVCL_0028,5,1,1126,0.3931705504655838
CVCL_0028,5,2,1126,0.3576428294181824
CVCL_0028,10,0,1126,0.3876713812351227
CVCL_0028,10,1,1126,0.39208967983722687
CVCL_0028,10,2,1126,0.39863380789756775
CVCL_0028,20,0,1126,0.4125310629606247
CVCL_0028,20,1,1126,0.41868674755096436
CVCL_0028,20,2,1126,0.41097210347652435
CVCL_0028,45,0,1126,0.42126937210559845
CVCL_0028,45,1,1126,0.4223955273628235
CVCL_0028,45,2,1126,0.4210089147090912
CVCL_0069,5,0,1130,0.5496298968791962
CVCL_0069,5,1,1130,0.6541867554187775
CVCL_0069,5,2,1130,0.6568795144557953
CVCL_0069,10,0,1130,0.6627521216869354
CVCL_0069,10,1,1130,0.6567829847335815
CVCL_0069,10,2,1130,0.6802527606487274
CVCL_0069,20,0,1130,0.6812673211097717
CVCL_0069,20,1,1130,0.6902571320533752
CVCL_0069,20,2,1130,0.6772132813930511
CVCL_0069,45,0,1130,0.6898176372051239
CVCL_0069,45,1,1130,0.6918538212776184
CVCL_0069,45,2,1130,0.6902401447296143
CVCL_0099,5,0,1130,0.4664240926504135
CVCL_0099,5,1,1130,0.5381886065006256
CVCL_0099,5,2,1130,0.5338696837425232
CVCL_0099,10,0,1130,0.5437262952327728
CVCL_0099,10,1,1130,0.5382052659988403
CVCL_0099,10,2,1130,0.5349397659301758
CVCL_0099,20,0,1130,0.5607690811157227
CVCL_0099,20,1,1130,0.5604424774646759
CVCL_0099,20,2,1130,0.5585662126541138
CVCL_0099,45,0,1130,0.5700849890708923
CVCL_0099,45,1,1130,0.5712060630321503
CVCL_0099,45,2,1130,0.5702494382858276
CVCL_0131,5,0,1132,0.6707753837108612
CVCL_0131,5,1,1131,0.6129750609397888
CVCL_0131,5,2,1132,0.6481652855873108
CVCL_0131,10,0,1132,0.733385294675827
CVCL_0131,10,1,1132,0.7221997082233429
CVCL_0131,10,2,1132,0.7128862142562866
CVCL_0131,20,0,1132,0.7339740097522736
CVCL_0131,20,1,1132,0.7378378212451935
CVCL_0131,20,2,1132,0.7265995442867279
CVCL_0131,45,0,1132,0.7348796725273132
CVCL_0131,45,1,1132,0.7336684465408325
CVCL_0131,45,2,1132,0.7336642444133759
CVCL_0152,5,0,1132,0.6780185401439667
CVCL_0152,5,1,1133,0.62668776512146
CVCL_0152,5,2,1130,0.5916869044303894
CVCL_0152,10,0,1133,0.6955680251121521
CVCL_0152,10,1,1133,0.7013100981712341
CVCL_0152,10,2,1133,0.694196879863739
CVCL_0152,20,0,1133,0.7043185830116272
CVCL_0152,20,1,1133,0.7062089443206787
CVCL_0152,20,2,1133,0.7093705534934998
CVCL_0152,45,0,1133,0.7159103751182556
CVCL_0152,45,1,1133,0.7143039107322693
CVCL_0152,45,2,1133,0.7163251042366028
CVCL_0179,5,0,1131,0.5560990571975708
CVCL_0179,5,1,1131,0.5576695203781128
CVCL_0179,5,2,1131,0.5500330924987793
CVCL_0179,10,0,1131,0.5805648565292358
CVCL_0179,10,1,1131,0.5895915031433105
CVCL_0179,10,2,1131,0.5948912501335144
CVCL_0179,20,0,1131,0.6105000972747803
CVCL_0179,20,1,1131,0.6083016991615295
CVCL_0179,20,2,1131,0.6182699799537659
CVCL_0179,45,0,1131,0.6224494576454163
CVCL_0179,45,1,1131,0.6239165663719177
CVCL_0179,45,2,1131,0.623166561126709
CVCL_0218,5,0,1129,0.564533531665802
CVCL_0218,5,1,1130,0.5252463817596436
CVCL_0218,5,2,1131,0.5729407668113708
CVCL_0218,10,0,1130,0.5773222744464874
CVCL_0218,10,1,1130,0.5586449801921844
CVCL_0218,10,2,1130,0.5675203800201416
CVCL_0218,20,0,1131,0.5967854857444763
CVCL_0218,20,1,1131,0.5850365161895752
CVCL_0218,20,2,1131,0.581580638885498
CVCL_0218,45,0,1131,0.5923265218734741
CVCL_0218,45,1,1131,0.5930759906768799
CVCL_0218,45,2,1131,0.5952404141426086
CVCL_0292,5,0,1132,0.5726300776004791
CVCL_0292,5,1,1133,0.5635681748390198
CVCL_0292,5,2,1131,0.5270172953605652
CVCL_0292,10,0,1134,0.5922257006168365
CVCL_0292,10,1,1133,0.588148832321167
CVCL_0292,10,2,1134,0.5869145095348358
CVCL_0292,20,0,1134,0.5836860835552216
CVCL_0292,20,1,1134,0.5962186455726624
CVCL_0292,20,2,1134,0.5952436923980713
CVCL_0292,45,0,1134,0.6021526753902435
CVCL_0292,45,1,1134,0.6022783517837524
CVCL_0292,45,2,1134,0.6029802560806274
CVCL_0293,5,0,1134,0.7471438050270081
CVCL_0293,5,1,1132,0.7495118379592896
CVCL_0293,5,2,1132,0.6714664697647095
CVCL_0293,10,0,1134,0.7601051330566406
CVCL_0293,10,1,1134,0.7648812532424927
CVCL_0293,10,2,1133,0.7372078895568848
CVCL_0293,20,0,1134,0.7748025953769684
CVCL_0293,20,1,1134,0.7701914608478546
CVCL_0293,20,2,1134,0.7736747860908508
CVCL_0293,45,0,1134,0.7838998436927795
CVCL_0293,45,1,1134,0.7845990359783173
CVCL_0293,45,2,1134,0.7836971282958984
CVCL_0320,5,0,1132,0.6819976568222046
CVCL_0320,5,1,1132,0.6828485131263733
CVCL_0320,5,2,1133,0.6472734808921814
CVCL_0320,10,0,1133,0.6968234181404114
CVCL_0320,10,1,1132,0.6877915859222412
CVCL_0320,10,2,1133,0.7067466378211975
CVCL_0320,20,0,1133,0.7142475247383118
CVCL_0320,20,1,1133,0.699887752532959
CVCL_0320,20,2,1133,0.7119190692901611
CVCL_0320,45,0,1133,0.7188808917999268
CVCL_0320,45,1,1133,0.7172225713729858
CVCL_0320,45,2,1133,0.7191747426986694
CVCL_0332,5,0,1132,0.696143388748169
CVCL_0332,5,1,1132,0.6870491206645966
CVCL_0332,5,2,1132,0.6531267762184143
CVCL_0332,10,0,1132,0.7061321437358856
CVCL_0332,10,1,1132,0.6991509199142456
CVCL_0332,10,2,1132,0.6897425353527069
CVCL_0332,20,0,1132,0.7169255614280701
CVCL_0332,20,1,1132,0.716284990310669
CVCL_0332,20,2,1132,0.7195158898830414
CVCL_0332,45,0,1132,0.7236286699771881
CVCL_0332,45,1,1132,0.7230056524276733
CVCL_0332,45,2,1132,0.7248462438583374
CVCL_0334,5,0,1131,0.602465033531189
CVCL_0334,5,1,1131,0.6652566194534302
CVCL_0334,5,2,1131,0.6185377240180969
CVCL_0334,10,0,1131,0.6872146129608154
CVCL_0334,10,1,1131,0.6772758364677429
CVCL_0334,10,2,1131,0.6864241361618042
CVCL_0334,20,0,1131,0.6932448148727417
CVCL_0334,20,1,1131,0.694537878036499
CVCL_0334,20,2,1131,0.6950132846832275
CVCL_0334,45,0,1131,0.6987230777740479
CVCL_0334,45,1,1131,0.6983339190483093
CVCL_0334,45,2,1131,0.6992958188056946
CVCL_0359,5,0,1132,0.7283627688884735
CVCL_0359,5,1,1132,0.7157765924930573
CVCL_0359,5,2,1132,0.7438651025295258
CVCL_0359,10,0,1132,0.7292656004428864
CVCL_0359,10,1,1132,0.7471971809864044
CVCL_0359,10,2,1132,0.7549660503864288
CVCL_0359,20,0,1132,0.7552501559257507
CVCL_0359,20,1,1132,0.7647449374198914
CVCL_0359,20,2,1132,0.7517314553260803
CVCL_0359,45,0,1132,0.7632226049900055
CVCL_0359,45,1,1132,0.7632005214691162
CVCL_0359,45,2,1132,0.7631939053535461
CVCL_0366,5,0,1132,0.6693789064884186
CVCL_0366,5,1,1132,0.6420129537582397
CVCL_0366,5,2,1132,0.6533140540122986
CVCL_0366,10,0,1132,0.6889625191688538
CVCL_0366,10,1,1132,0.6852448284626007
CVCL_0366,10,2,1132,0.7017263174057007
CVCL_0366,20,0,1132,0.7165202498435974
CVCL_0366,20,1,1132,0.7105633020401001
CVCL_0366,20,2,1132,0.7166532576084137
CVCL_0366,45,0,1132,0.7230246961116791
CVCL_0366,45,1,1132,0.7221798002719879
CVCL_0366,45,2,1132,0.7215851843357086
CVCL_0371,5,0,1132,0.6685078740119934
CVCL_0371,5,1,1131,0.6857713460922241
CVCL_0371,5,2,1132,0.7037780284881592
CVCL_0371,10,0,1131,0.7119576930999756
CVCL_0371,10,1,1132,0.7104122042655945
CVCL_0371,10,2,1132,0.7054039835929871
CVCL_0371,20,0,1132,0.7241682410240173
CVCL_0371,20,1,1132,0.7186058163642883
CVCL_0371,20,2,1132,0.7212091982364655
CVCL_0371,45,0,1132,0.7316156923770905
CVCL_0371,45,1,1132,0.73236483335495
CVCL_0371,45,2,1132,0.7333874106407166
CVCL_0397,5,0,1132,0.6700843572616577
CVCL_0397,5,1,1132,0.7144900560379028
CVCL_0397,5,2,1132,0.7374505400657654
CVCL_0397,10,0,1132,0.737666130065918
CVCL_0397,10,1,1132,0.7226685285568237
CVCL_0397,10,2,1132,0.7025657892227173
CVCL_0397,20,0,1132,0.7331503033638
CVCL_0397,20,1,1132,0.7321494817733765
CVCL_0397,20,2,1132,0.7384012639522552
CVCL_0397,45,0,1132,0.7464369237422943
CVCL_0397,45,1,1132,0.7451612651348114
CVCL_0397,45,2,1132,0.7449619472026825
CVCL_0399,5,0,1132,0.7031626403331757
CVCL_0399,5,1,1133,0.6920442581176758
CVCL_0399,5,2,1133,0.785974383354187
CVCL_0399,10,0,1133,0.7844988703727722
CVCL_0399,10,1,1134,0.778549313545227
CVCL_0399,10,2,1134,0.7979324758052826
CVCL_0399,20,0,1134,0.7978919446468353
CVCL_0399,20,1,1133,0.7938359975814819
CVCL_0399,20,2,1134,0.7988690435886383
CVCL_0399,45,0,1134,0.8044915795326233
CVCL_0399,45,1,1134,0.8040689826011658
CVCL_0399,45,2,1134,0.8034493029117584
CVCL_0428,5,0,1132,0.7205442786216736
CVCL_0428,5,1,1132,0.6689991056919098
CVCL_0428,5,2,1132,0.7171463668346405
CVCL_0428,10,0,1132,0.7279085218906403
CVCL_0428,10,1,1132,0.7340420782566071
CVCL_0428,10,2,1132,0.7182078957557678
CVCL_0428,20,0,1132,0.7517484426498413
CVCL_0428,20,1,1132,0.7452018558979034
CVCL_0428,20,2,1132,0.7352539598941803
CVCL_0428,45,0,1132,0.7501254081726074
CVCL_0428,45,1,1132,0.7506394684314728
CVCL_0428,45,2,1132,0.751313179731369
CVCL_0459,5,0,1132,0.8001018464565277
CVCL_0459,5,1,1132,0.7836325168609619
CVCL_0459,5,2,1134,0.7875126004219055
CVCL_0459,10,0,1133,0.8170614242553711
CVCL_0459,10,1,1134,0.8091033399105072
CVCL_0459,10,2,1133,0.7946606278419495
CVCL_0459,20,0,1134,0.8159550726413727
CVCL_0459,20,1,1134,0.8232635259628296
CVCL_0459,20,2,1133,0.8176989555358887
CVCL_0459,45,0,1134,0.8267655074596405
CVCL_0459,45,1,1134,0.8272842466831207
CVCL_0459,45,2,1134,0.8262905180454254
CVCL_0480,5,0,1132,0.7847410440444946
CVCL_0480,5,1,1132,0.8449364900588989
CVCL_0480,5,2,1132,0.8268458545207977
CVCL_0480,10,0,1132,0.8483100831508636
CVCL_0480,10,1,1132,0.834819883108139
CVCL_0480,10,2,1132,0.8602335155010223
CVCL_0480,20,0,1132,0.8681353032588959
CVCL_0480,20,1,1132,0.8693781495094299
CVCL_0480,20,2,1132,0.8641447126865387
CVCL_0480,45,0,1132,0.8716640472412109
CVCL_0480,45,1,1132,0.8720079362392426
CVCL_0480,45,2,1132,0.8728708326816559
CVCL_0504,5,0,1129,0.6499103903770447
CVCL_0504,5,1,1130,0.6490687727928162
CVCL_0504,5,2,1130,0.6487220525741577
CVCL_0504,10,0,1131,0.6632856726646423
CVCL_0504,10,1,1130,0.666632741689682
CVCL_0504,10,2,1131,0.6626386642456055
CVCL_0504,20,0,1131,0.6822167038917542
CVCL_0504,20,1,1131,0.6739941239356995
CVCL_0504,20,2,1131,0.6811630725860596
CVCL_0504,45,0,1131,0.6855056881904602
CVCL_0504,45,1,1131,0.6876001358032227
CVCL_0504,45,2,1131,0.6868346333503723
CVCL_0546,5,0,1132,0.7957057356834412
CVCL_0546,5,1,1133,0.8163551688194275
CVCL_0546,5,2,1132,0.7930494546890259
CVCL_0546,10,0,1134,0.8414666056632996
CVCL_0546,10,1,1133,0.8160051703453064
CVCL_0546,10,2,1134,0.8238434791564941
CVCL_0546,20,0,1134,0.8457221686840057
CVCL_0546,20,1,1134,0.8461872041225433
CVCL_0546,20,2,1134,0.8432573080062866
CVCL_0546,45,0,1134,0.8543738424777985
CVCL_0546,45,1,1134,0.8533322513103485
CVCL_0546,45,2,1134,0.852620542049408
CVCL_1055,5,0,1129,0.6680320501327515
CVCL_1055,5,1,1129,0.6741697788238525
CVCL_1055,5,2,1129,0.7019928693771362
CVCL_1055,10,0,1129,0.7168218493461609
CVCL_1055,10,1,1129,0.7157679200172424
CVCL_1055,10,2,1129,0.7115252614021301
CVCL_1055,20,0,1129,0.7228716611862183
CVCL_1055,20,1,1129,0.7196602821350098
CVCL_1055,20,2,1129,0.7269234657287598
CVCL_1055,45,0,1129,0.7327145934104919
CVCL_1055,45,1,1129,0.7323193550109863
CVCL_1055,45,2,1129,0.7337070107460022
CVCL_1056,5,0,1132,0.7153927981853485
CVCL_1056,5,1,1132,0.7708602249622345
CVCL_1056,5,2,1132,0.7920632362365723
CVCL_1056,10,0,1132,0.7899448871612549
CVCL_1056,10,1,1132,0.802683413028717
CVCL_1056,10,2,1132,0.7868207395076752
CVCL_1056,20,0,1132,0.7979545891284943
CVCL_1056,20,1,1132,0.800489991903305
CVCL_1056,20,2,1132,0.7977460324764252
CVCL_1056,45,0,1132,0.8155278861522675
CVCL_1056,45,1,1132,0.8143534660339355
CVCL_1056,45,2,1132,0.8165901899337769
CVCL_1094,5,0,1131,0.5332252383232117
CVCL_1094,5,1,1131,0.4948215186595917
CVCL_1094,5,2,1131,0.5426499247550964
CVCL_1094,10,0,1132,0.5688159167766571
CVCL_1094,10,1,1132,0.5501923859119415
CVCL_1094,10,2,1131,0.5653865337371826
CVCL_1094,20,0,1132,0.5674962401390076
CVCL_1094,20,1,1132,0.5693722665309906
CVCL_1094,20,2,1132,0.5644486546516418
CVCL_1094,45,0,1132,0.5780505239963531
CVCL_1094,45,1,1132,0.5772242844104767
CVCL_1094,45,2,1132,0.5789619386196136
CVCL_1097,5,0,1132,0.6376632452011108
CVCL_1097,5,1,1132,0.5801844000816345
CVCL_1097,5,2,1132,0.6381935477256775
CVCL_1097,10,0,1132,0.6414834856987
CVCL_1097,10,1,1132,0.6499123871326447
CVCL_1097,10,2,1132,0.6495823860168457
CVCL_1097,20,0,1132,0.6545193195343018
CVCL_1097,20,1,1132,0.6587797403335571
CVCL_1097,20,2,1132,0.6603465974330902
CVCL_1097,45,0,1132,0.6685744225978851
CVCL_1097,45,1,1132,0.6667165160179138
CVCL_1097,45,2,1132,0.6689093708992004
CVCL_1098,5,0,1132,0.49740132689476013
CVCL_1098,5,1,1132,0.5252369940280914
CVCL_1098,5,2,1132,0.5372360348701477
CVCL_1098,10,0,1132,0.5449084043502808
CVCL_1098,10,1,1132,0.5562466084957123
CVCL_1098,10,2,1132,0.5568337738513947
CVCL_1098,20,0,1132,0.5635065138339996
CVCL_1098,20,1,1132,0.5556319355964661
CVCL_1098,20,2,1132,0.5583406090736389
CVCL_1098,45,0,1132,0.5674693584442139
CVCL_1098,45,1,1132,0.5672653913497925
CVCL_1098,45,2,1132,0.5670085847377777
CVCL_1119,5,0,1132,0.6978399753570557
CVCL_1119,5,1,1132,0.6888069808483124
CVCL_1119,5,2,1132,0.7259868085384369
CVCL_1119,10,0,1132,0.7361464500427246
CVCL_1119,10,1,1132,0.719091147184372
CVCL_1119,10,2,1132,0.7452262341976166
CVCL_1119,20,0,1132,0.7431233525276184
CVCL_1119,20,1,1132,0.7451580166816711
CVCL_1119,20,2,1132,0.7367578148841858
CVCL_1119,45,0,1132,0.7527051270008087
CVCL_1119,45,1,1132,0.7528880536556244
CVCL_1119,45,2,1132,0.7526185810565948
CVCL_1125,5,0,1116,0.363017737865448
CVCL_1125,5,1,1116,0.3508215397596359
CVCL_1125,5,2,1116,0.333198681473732
CVCL_1125,10,0,1116,0.39148178696632385
CVCL_1125,10,1,1116,0.3914431780576706
CVCL_1125,10,2,1116,0.39452576637268066
CVCL_1125,20,0,1116,0.4035707414150238
CVCL_1125,20,1,1116,0.39638862013816833
CVCL_1125,20,2,1116,0.39770089089870453
CVCL_1125,45,0,1116,0.41330866515636444
CVCL_1125,45,1,1116,0.41161029040813446
CVCL_1125,45,2,1116,0.41217535734176636
CVCL_1239,5,0,1130,0.526477575302124
CVCL_1239,5,1,1130,0.5634548962116241
CVCL_1239,5,2,1130,0.5639910697937012
CVCL_1239,10,0,1130,0.5561340153217316
CVCL_1239,10,1,1130,0.5787555277347565
CVCL_1239,10,2,1130,0.5743477046489716
CVCL_1239,20,0,1130,0.5724870264530182
CVCL_1239,20,1,1130,0.5757723152637482
CVCL_1239,20,2,1130,0.567421019077301
CVCL_1239,45,0,1130,0.5849571824073792
CVCL_1239,45,1,1130,0.5857378244400024
CVCL_1239,45,2,1130,0.5822872221469879
CVCL_1285,5,0,1132,0.7469445765018463
CVCL_1285,5,1,1133,0.7634925246238708
CVCL_1285,5,2,1132,0.7252158224582672
CVCL_1285,10,0,1133,0.7766141295433044
CVCL_1285,10,1,1133,0.7663817405700684
CVCL_1285,10,2,1132,0.7892641723155975
CVCL_1285,20,0,1133,0.7773861289024353
CVCL_1285,20,1,1133,0.7867143750190735
CVCL_1285,20,2,1133,0.7725908756256104
CVCL_1285,45,0,1133,0.7918351888656616
CVCL_1285,45,1,1133,0.7927672266960144
CVCL_1285,45,2,1133,0.791100263595581
CVCL_1381,5,0,1132,0.7288630604743958
CVCL_1381,5,1,1132,0.6830986738204956
CVCL_1381,5,2,1132,0.6927880346775055
CVCL_1381,10,0,1132,0.7271017134189606
CVCL_1381,10,1,1132,0.7260038554668427
CVCL_1381,10,2,1132,0.7245705425739288
CVCL_1381,20,0,1132,0.7361412048339844
CVCL_1381,20,1,1132,0.7393422424793243
CVCL_1381,20,2,1132,0.7310135066509247
CVCL_1381,45,0,1132,0.7447368800640106
CVCL_1381,45,1,1132,0.7445665299892426
CVCL_1381,45,2,1132,0.7455855906009674
CVCL_1478,5,0,1132,0.6956514716148376
CVCL_1478,5,1,1131,0.7238366007804871
CVCL_1478,5,2,1131,0.6856262683868408
CVCL_1478,10,0,1132,0.7538726925849915
CVCL_1478,10,1,1132,0.7275515496730804
CVCL_1478,10,2,1132,0.7467881143093109
CVCL_1478,20,0,1132,0.7462439239025116
CVCL_1478,20,1,1132,0.7554419934749603
CVCL_1478,20,2,1132,0.7520226240158081
CVCL_1478,45,0,1132,0.7611815333366394
CVCL_1478,45,1,1132,0.7607412338256836
CVCL_1478,45,2,1132,0.7599585652351379
CVCL_1495,5,0,1132,0.6461233198642731
CVCL_1495,5,1,1132,0.6839456260204315
CVCL_1495,5,2,1132,0.6992191970348358
CVCL_1495,10,0,1132,0.6878605484962463
CVCL_1495,10,1,1132,0.7155625224113464
CVCL_1495,10,2,1132,0.6800965964794159
CVCL_1495,20,0,1132,0.7091077268123627
CVCL_1495,20,1,1132,0.7100122570991516
CVCL_1495,20,2,1132,0.7131726145744324
CVCL_1495,45,0,1132,0.7184805572032928
CVCL_1495,45,1,1132,0.7177493870258331
CVCL_1495,45,2,1132,0.7177855372428894
CVCL_1517,5,0,1132,0.6676588654518127
CVCL_1517,5,1,1132,0.7184856534004211
CVCL_1517,5,2,1131,0.6262745261192322
CVCL_1517,10,0,1133,0.7298562526702881
CVCL_1517,10,1,1133,0.7431982755661011
CVCL_1517,10,2,1133,0.715694010257721
CVCL_1517,20,0,1133,0.7349782586097717
CVCL_1517,20,1,1133,0.7367197275161743
CVCL_1517,20,2,1133,0.7510793805122375
CVCL_1517,45,0,1133,0.7528488636016846
CVCL_1517,45,1,1133,0.7530442476272583
CVCL_1517,45,2,1133,0.7525378465652466
CVCL_1531,5,0,2,0.1226058192551136
CVCL_1531,5,1,2,0.06883865222334862
CVCL_1531,5,2,2,0.21168318390846252
CVCL_1531,10,0,2,0.19079869985580444
CVCL_1531,10,1,2,0.23046477884054184
CVCL_1531,10,2,2,0.16640206426382065
CVCL_1531,20,0,2,0.22583962976932526
CVCL_1531,20,1,2,0.19510141760110855
CVCL_1531,20,2,2,0.26065006107091904
CVCL_1531,45,0,2,0.21016406267881393
CVCL_1531,45,1,2,0.21672850847244263
CVCL_1531,45,2,2,0.22208579629659653
CVCL_1547,5,0,1130,0.6436609923839569
CVCL_1547,5,1,1127,0.5847743153572083
CVCL_1547,5,2,1130,0.6377894282341003
CVCL_1547,10,0,1130,0.6979272365570068
CVCL_1547,10,1,1130,0.7115467190742493
CVCL_1547,10,2,1130,0.7146165072917938
CVCL_1547,20,0,1130,0.724292129278183
CVCL_1547,20,1,1130,0.7177006006240845
CVCL_1547,20,2,1130,0.7217863202095032
CVCL_1547,45,0,1130,0.7284408211708069
CVCL_1547,45,1,1130,0.728014349937439
CVCL_1547,45,2,1130,0.7295823991298676
CVCL_1550,5,0,1132,0.7650030851364136
CVCL_1550,5,1,1132,0.7751824259757996
CVCL_1550,5,2,1132,0.7268306016921997
CVCL_1550,10,0,1132,0.7896554470062256
CVCL_1550,10,1,1132,0.7944080829620361
CVCL_1550,10,2,1132,0.7719589471817017
CVCL_1550,20,0,1132,0.7959671020507812
CVCL_1550,20,1,1132,0.8026750981807709
CVCL_1550,20,2,1132,0.795561671257019
CVCL_1550,45,0,1132,0.8047885000705719
CVCL_1550,45,1,1132,0.8034647405147552
CVCL_1550,45,2,1132,0.8026497662067413
CVCL_1577,5,0,1000,0.2629145681858063
CVCL_1577,5,1,1000,0.32506512105464935
CVCL_1577,5,2,1000,0.34242677688598633
CVCL_1577,10,0,1000,0.34478242695331573
CVCL_1577,10,1,1000,0.3347480148077011
CVCL_1577,10,2,1000,0.35147933661937714
CVCL_1577,20,0,1000,0.3516382873058319
CVCL_1577,20,1,1000,0.3529479056596756
CVCL_1577,20,2,1000,0.36056526005268097
CVCL_1577,45,0,1000,0.36393803358078003
CVCL_1577,45,1,1000,0.36586233973503113
CVCL_1577,45,2,1000,0.3657670021057129
CVCL_1635,5,0,1131,0.692539393901825
CVCL_1635,5,1,1131,0.6305046081542969
CVCL_1635,5,2,1131,0.6815492510795593
CVCL_1635,10,0,1131,0.6784110069274902
CVCL_1635,10,1,1131,0.6853210926055908
CVCL_1635,10,2,1131,0.6963275074958801
CVCL_1635,20,0,1131,0.6980190277099609
CVCL_1635,20,1,1131,0.7021622061729431
CVCL_1635,20,2,1131,0.6936720609664917
CVCL_1635,45,0,1131,0.7020555734634399
CVCL_1635,45,1,1131,0.7042747735977173
CVCL_1635,45,2,1131,0.7041750550270081
CVCL_1666,5,0,1131,0.6045449376106262
CVCL_1666,5,1,1131,0.6158010363578796
CVCL_1666,5,2,1131,0.5643097758293152
CVCL_1666,10,0,1131,0.6280074119567871
CVCL_1666,10,1,1131,0.6161862015724182
CVCL_1666,10,2,1131,0.625188946723938
CVCL_1666,20,0,1131,0.6411229968070984
CVCL_1666,20,1,1131,0.6434357166290283
CVCL_1666,20,2,1131,0.6420804262161255
CVCL_1666,45,0,1131,0.646741509437561
CVCL_1666,45,1,1131,0.646244466304779
CVCL_1666,45,2,1131,0.6495090126991272
CVCL_1693,5,0,1132,0.6109611988067627
CVCL_1693,5,1,1132,0.6125435531139374
CVCL_1693,5,2,1132,0.5928786993026733
CVCL_1693,10,0,1132,0.627206563949585
CVCL_1693,10,1,1133,0.6237342953681946
CVCL_1693,10,2,1133,0.6247479915618896
CVCL_1693,20,0,1133,0.6344380378723145
CVCL_1693,20,1,1133,0.6415054202079773
CVCL_1693,20,2,1133,0.6349478960037231
CVCL_1693,45,0,1133,0.6454678773880005
CVCL_1693,45,1,1133,0.6440915465354919
CVCL_1693,45,2,1133,0.6444193720817566
CVCL_1715,5,0,883,0.3003746271133423
CVCL_1715,5,1,883,0.3322944641113281
CVCL_1715,5,2,883,0.2898145318031311
CVCL_1715,10,0,883,0.32778093218803406
CVCL_1715,10,1,883,0.32142195105552673
CVCL_1715,10,2,883,0.3018932044506073
CVCL_1715,20,0,883,0.3196497857570648
CVCL_1715,20,1,883,0.34006062150001526
CVCL_1715,20,2,883,0.3280866742134094
CVCL_1715,45,0,883,0.3380008637905121
CVCL_1715,45,1,883,0.33480942249298096
CVCL_1715,45,2,883,0.34100645780563354
CVCL_1716,5,0,1079,0.3229018747806549
CVCL_1716,5,1,1079,0.33216220140457153
CVCL_1716,5,2,1079,0.2950665354728699
CVCL_1716,10,0,1079,0.32140660285949707
CVCL_1716,10,1,1079,0.31886646151542664
CVCL_1716,10,2,1079,0.3263624608516693
CVCL_1716,20,0,1079,0.33200615644454956
CVCL_1716,20,1,1079,0.3364841043949127
CVCL_1716,20,2,1079,0.342191606760025
CVCL_1716,45,0,1079,0.3464285731315613
CVCL_1716,45,1,1079,0.34878093004226685
CVCL_1716,45,2,1079,0.34750720858573914
CVCL_1717,5,0,1132,0.7177223265171051
CVCL_1717,5,1,1132,0.6614622473716736
CVCL_1717,5,2,1132,0.6980066895484924
CVCL_1717,10,0,1132,0.7219164371490479
CVCL_1717,10,1,1132,0.7147192656993866
CVCL_1717,10,2,1132,0.7247829437255859
CVCL_1717,20,0,1132,0.7187820971012115
CVCL_1717,20,1,1132,0.7210007607936859
CVCL_1717,20,2,1132,0.7285974025726318
CVCL_1717,45,0,1132,0.7345656454563141
CVCL_1717,45,1,1132,0.7350000143051147
CVCL_1717,45,2,1132,0.7348852455615997
CVCL_1724,5,0,1131,0.5019217133522034
CVCL_1724,5,1,1131,0.5166659951210022
CVCL_1724,5,2,1131,0.4942159950733185
CVCL_1724,10,0,1131,0.5194879770278931
CVCL_1724,10,1,1131,0.5241014957427979
CVCL_1724,10,2,1131,0.5028222799301147
CVCL_1724,20,0,1131,0.5262142419815063
CVCL_1724,20,1,1131,0.5337046384811401
CVCL_1724,20,2,1131,0.5330504775047302
CVCL_1724,45,0,1131,0.5412552952766418
CVCL_1724,45,1,1131,0.5403783917427063
CVCL_1724,45,2,1131,0.5410815477371216
CVCL_1731,5,0,1132,0.6445872783660889
CVCL_1731,5,1,1132,0.6511875987052917
CVCL_1731,5,2,1131,0.625725507736206
CVCL_1731,10,0,1132,0.6569388508796692
CVCL_1731,10,1,1132,0.6707177758216858
CVCL_1731,10,2,1132,0.6527661085128784
CVCL_1731,20,0,1132,0.6686942875385284
CVCL_1731,20,1,1132,0.6672833859920502
CVCL_1731,20,2,1132,0.6705665290355682
CVCL_1731,45,0,1132,0.6783056259155273
CVCL_1731,45,1,1132,0.6785393357276917
CVCL_1731,45,2,1132,0.6782647371292114
CVCL_C466,5,0,1132,0.5826438069343567
CVCL_C466,5,1,1132,0.5591965913772583
CVCL_C466,5,2,1133,0.5518596768379211
CVCL_C466,10,0,1133,0.5990498065948486
CVCL_C466,10,1,1133,0.5723521709442139
CVCL_C466,10,2,1133,0.5801452994346619
CVCL_C466,20,0,1133,0.6076645255088806
CVCL_C466,20,1,1133,0.5948256254196167
CVCL_C466,20,2,1133,0.591786801815033
CVCL_C466,45,0,1133,0.6067418456077576
CVCL_C466,45,1,1133,0.6055847406387329
CVCL_C466,45,2,1133,0.6061207056045532
