key,cell_line_id,n_conditions,additive_var,context_var,line_cdi,cell_name,total_cells,beta_genomewide,beta_promoter,beta_cgi,beta_cpg_shore,pdr_genomewide,pdr_promoter,pdr_cgi,pdr_cpg_shore,me_genomewide,me_promoter,me_cgi,me_cpg_shore,mhl_genomewide,mhl_promoter,mhl_cgi,mhl_cpg_shore,lpmd_genomewide,lpmd_promoter,lpmd_cgi,lpmd_cpg_shore
A549,CVCL_0023,1200,0.05946297571063042,0.010256327848770352,0.14710886834995376,A549,2664482,0.479336,0.124721,0.216271,0.56856,0.1632104358417131,0.1080164705708149,0.1434736975778646,0.2280402472297159,0.1295822386149908,0.0897403039892979,0.1168101386061265,0.1854616228932137,0.190694159242765,0.0499701674062296,0.1309324685779901,0.3761951402994975,0.08816038,0.04805462,0.062374163,0.12645026
AN3CA,CVCL_0028,1194,0.05741756409406662,0.011605431596877686,0.16813862511621322,AN3 CA,634931,0.489975,0.122026,0.224367,0.579689,0.112191510919521,0.061794260284984,0.0950494985141388,0.1821498154407685,0.0713085860480756,0.0407093710967514,0.0609677041393761,0.1136687933216434,0.1992184534627828,0.0543736730577834,0.1393336059529586,0.3732372540015854,0.059456892,0.026258508,0.039236043,0.101958245
SKMEL2,CVCL_0069,1198,0.05902634561061859,0.012090785984413661,0.1700122841464298,SK-MEL-2,1613877,0.315787,0.0892062,0.161622,0.421626,0.1606566855372943,0.0965165546324993,0.1406557844031842,0.2332745437601206,0.1252166100318764,0.0772354666520017,0.1105820330032234,0.18563367729658,0.1289756565173543,0.0334503485844694,0.090274292727403,0.2735443432934412,0.08392793,0.04281717,0.061618783,0.12116093
SNU1,CVCL_0099,1198,0.05870550498366356,0.008736756033012312,0.12954423385734426,SNU-1,1343339,0.610029,0.260142,0.38502,0.692891,0.1447456887319201,0.1108655431631472,0.1359402463172448,0.1896044517464868,0.1038638612739614,0.0788976023478088,0.0977179241747043,0.144348408559116,0.3336489827204323,0.1636815997560279,0.2765257823330264,0.5109483706718793,0.07138682,0.046242308,0.0571092,0.09966215
A172,CVCL_0131,1200,0.059429656714200974,0.012283436690907345,0.17128582951397775,A-172,2352722,0.558071,0.22309,0.350492,0.655791,0.1191810815484388,0.0838607870651933,0.1067324351370158,0.1602543725418414,0.1147788308789907,0.0832229944101563,0.104960587715385,0.1571604799589406,0.3210254084715948,0.1421095750426417,0.2634509308756925,0.5005319853095034,0.06326333,0.037447564,0.046575755,0.08789758
ASPC1,CVCL_0152,1201,0.059746064245700836,0.00998902007420659,0.1432423889871888,AsPC-1,2474241,0.49814,0.176322,0.280268,0.555433,0.1327927146902306,0.0889769979958422,0.1148723720976956,0.1904565881141821,0.0816577055596282,0.056561625618582,0.072421501310227,0.1244399065343421,0.2456973276964937,0.1110150323802785,0.1949702331060475,0.3862011061899443,0.07482357,0.039606377,0.051080875,0.10531886
BT474,CVCL_0179,1199,0.059256892651319504,0.02032310160801386,0.2553795309633402,BT-474,1322285,0.527026,0.131904,0.227494,0.619759,0.1194162972701348,0.0719754545594618,0.1050402099730573,0.1863177820738676,0.08725386366823,0.0536281177669033,0.0775122897836632,0.1414787302233817,0.2061779493841632,0.0580724703700681,0.1412135829174106,0.3969654189696417,0.06449934,0.033310223,0.046203382,0.10181565
HCT15,CVCL_0292,1202,0.0597735233604908,0.010784515971783237,0.15284602681483922,HCT15,1682550,0.535797,0.217379,0.329244,0.602413,0.12943289800942,0.0829820010715295,0.112233778916661,0.1913379579179718,0.1032195838800141,0.0697684013539601,0.091843301134716,0.158469332195414,0.2901227088746415,0.1389655142240948,0.2364462817050193,0.4389454628366898,0.072612666,0.036654834,0.04912042,0.10844269
HEC1A,CVCL_0293,1202,0.06001058220863342,0.010160911068933083,0.14480112356653352,HEC-1-A,2766680,0.608355,0.234562,0.34361,0.668902,0.1667470604609026,0.1274325254785072,0.1597699598106522,0.1984173627275387,0.1104785150815783,0.0831261444430455,0.1035322088488843,0.1397358945651304,0.2958379798553884,0.1292928462448432,0.2301564194815148,0.4651146269100314,0.07853776,0.0519086,0.065620475,0.10586659
HT29,CVCL_0320,1201,0.05977673456072807,0.011148520164383583,0.15718688931879662,HT-29,2252219,0.432376,0.150688,0.230409,0.467067,0.1310025745151651,0.0757562413576751,0.1075306365128908,0.2216053117824438,0.0032332149310522,0.002304174611339,0.0025944963088279,0.0047312775229437,0.208190819344556,0.0964141490632641,0.1647620334562373,0.3154921236162918,0.07586276,0.034708854,0.049140308,0.122497775
HS578T,CVCL_0332,1200,0.059414591640233994,0.010507654303371111,0.15027626989908083,HS-578T,1771742,0.369691,0.111609,0.187281,0.455926,0.1986949648821395,0.1402958359867923,0.1812998435947806,0.2486618167878064,0.1467947995197911,0.1033443691424895,0.1337198632703121,0.1934262062085236,0.1417220249253184,0.0390969516688299,0.0989479963967624,0.2862268146467254,0.10085012,0.06262287,0.08045881,0.13127191
HS766T,CVCL_0334,1199,0.05917876958847046,0.009985646534862594,0.1443754909613684,Hs 766T,2742987,0.377824,0.112499,0.205413,0.423402,0.1563880431501331,0.0786497422748915,0.1260255456135085,0.2469455087088825,0.072935475605467,0.0395433730741623,0.0599554613360771,0.1224640767114723,0.174389145619285,0.0632589063181417,0.1306386251706858,0.2884941717949604,0.09122221,0.036203723,0.05718805,0.12936646
J82,CVCL_0359,1200,0.059493906795978546,0.008332411518353719,0.12284923795713398,J82,2396294,0.454641,0.125986,0.223065,0.547395,0.158821260471958,0.104482765529477,0.1436166375980643,0.2129191106590877,0.0660567349730759,0.0455269633528515,0.0608645339427811,0.0882059151117764,0.1946587988488864,0.0595369237126915,0.1411253198426993,0.3668808357623832,0.07977259,0.046343934,0.06296321,0.11438258
SNU423,CVCL_0366,1200,0.05946001783013344,0.007787847533945196,0.11580810025391797,SNU-423,1546064,0.407547,0.0956232,0.17262,0.489815,0.1629747165850283,0.0952547222116463,0.1412758261259018,0.2385475908167488,0.0726419630251715,0.0451201048229156,0.0644157119477309,0.1089347563488932,0.1487579984927455,0.0324643522708088,0.0944469337429947,0.3141191156336309,0.08925998,0.04448507,0.06438095,0.13052632
KATOIII,CVCL_0371,1200,0.05959964171051979,0.013234128230042802,0.18170318851877046,KATO III,2332035,0.366166,0.172851,0.262008,0.388723,0.1655251446426368,0.0990608820563608,0.1398848765091356,0.2275146813611654,0.0143322059217717,0.0100649527943413,0.0127093532559012,0.0201645557618836,0.2206424188688959,0.12690506993373,0.1925267340515848,0.2810971689342068,0.084385835,0.040692333,0.059101332,0.11991973
LS180,CVCL_0397,1200,0.059583067893981934,0.010397211509651826,0.148573449524009,LS 180,1946902,0.384169,0.117882,0.206341,0.446819,0.177997735933406,0.1104941550691452,0.156276413178541,0.2404925149603491,0.1441500711582604,0.0935860288323556,0.1288443303251863,0.2044669763522003,0.170345277491284,0.0559693756434773,0.1230377216738255,0.302959164113239,0.090243064,0.046346422,0.065675445,0.12426851
LOVO,CVCL_0399,1202,0.06001150980591774,0.011177490808236002,0.15701148649098612,LoVo,3274272,0.476754,0.181441,0.288171,0.562951,0.1845095028437267,0.117226488757878,0.1626656345623609,0.2516867225832648,0.1565448711457972,0.1037514578902798,0.1405090849818048,0.2226720728355433,0.2454918400498185,0.1042019446383193,0.194322979122245,0.400379004520794,0.095962025,0.05000393,0.06950546,0.13298339
MIAPACA2,CVCL_0428,1200,0.05938706547021866,0.01289846583727658,0.17843772611157588,MIA PaCa-2,2491219,0.474099,0.119619,0.188584,0.528141,0.0992339576217189,0.0490653780800975,0.0756872003051919,0.1756537312527785,0.0038396853757571,0.0027156036919876,0.0032187894833127,0.0077817662748051,0.1867493080481787,0.0531639824184946,0.1278699292640273,0.3555047596731819,0.060568664,0.025110267,0.03653565,0.10802136
NCIH460,CVCL_0459,1204,0.059944164007902145,0.015061498818205118,0.20080482260550936,NCI-H460,5943411,0.440529,0.111872,0.213794,0.546077,0.1317898981572491,0.0725612049180525,0.1122832289738938,0.1991015541775837,0.1052164244772772,0.0608721871886583,0.0919781347103396,0.1660657305956129,0.1930508316443612,0.0542367715673974,0.1391136330164262,0.3715863952844512,0.07355075,0.032273877,0.049207415,0.11492032
PANC1,CVCL_0480,1200,0.0595654621720314,0.008067877235016244,0.11928846491609936,PANC-1,4170586,0.444256,0.10599,0.201189,0.503486,0.1466229179924895,0.0781428276642727,0.1188308470671232,0.2378526186389571,0.0970689180044144,0.0548943454901307,0.0808950809571692,0.165399625413975,0.1825433532377042,0.0471658671626869,0.1269182122238226,0.3260361605741358,0.08743357,0.035126347,0.052888688,0.13428931
RKO,CVCL_0504,1199,0.059175796806812286,0.010274334124802985,0.14793829740824688,RKO,2358711,0.565664,0.221702,0.339964,0.656905,0.1326739305913229,0.0881766628178753,0.1160939959676208,0.1802996619508726,0.1402880321163733,0.1032654963226799,0.127213812511982,0.1875076746146187,0.3175135146552733,0.1442744058810705,0.2565938701738121,0.4966702378327959,0.07456698,0.040395446,0.05197258,0.10133151
SW480,CVCL_0546,1203,0.06001456826925278,0.012320823817841654,0.17032912191872737,SW480,6364321,0.506477,0.144472,0.238759,0.592601,0.1078430663017153,0.069358831928396,0.0921542140634428,0.1613229787484817,0.0346992831006447,0.0239853574331174,0.0308690151349363,0.0517502174981818,0.2234158565485301,0.0815470335556897,0.1669044023273265,0.3887134846448724,0.055717062,0.029314203,0.038292326,0.0884923
A498,CVCL_1056,1200,0.05957882106304169,0.009047009128454993,0.1318309607797793,A498,2785040,0.581126,0.216352,0.325394,0.655715,0.1512738879783315,0.1254517762864439,0.1446923333508911,0.1737515277988476,0.1251374523043781,0.1014360689847755,0.1185731760241475,0.1501618581771693,0.2839582126950257,0.1191498066043029,0.2204837651489387,0.4673451549070939,0.07457907,0.05412941,0.06272583,0.09460046
C32,CVCL_1097,1200,0.05936641991138458,0.01539009093832056,0.2058695726083538,C32,2098357,0.528859,0.182455,0.274179,0.626353,0.2243649532750192,0.1945611755899261,0.2219420034838432,0.2237414892510939,0.1611532363881783,0.1401531521177995,0.1586061385105708,0.1713381330641495,0.2198644113287223,0.0735383437079582,0.1572519419672254,0.4279537378357342,0.10734359,0.08629786,0.09941444,0.11726726
CFPAC1,CVCL_1119,1200,0.05955453962087631,0.010938502921568907,0.15517138326073276,CFPAC-1,2495566,0.460049,0.109111,0.191951,0.514368,0.1684616011455638,0.1114761274368275,0.1495336982155498,0.2278358663522352,0.0942215920595704,0.0670914848245106,0.085508354066811,0.1321840992425282,0.1731130870821882,0.0411479095685962,0.1107021370634177,0.3320420856994521,0.0932822,0.05026223,0.06676834,0.12564524
CHP212,CVCL_1125,1183,0.05777844414114952,0.016490073236776363,0.222033155083254,CHP-212,586551,0.48017,0.0924587,0.170529,0.543493,0.1252719657263874,0.0688245734505787,0.1064325542885074,0.2014165289766122,0.0500153822807988,0.0299363434726231,0.0444119866384252,0.0795647105541959,0.1640622569991393,0.0304703792446555,0.0990433076132909,0.3321491859584162,0.06853821,0.0315674,0.047061987,0.11399389
H4,CVCL_1239,1198,0.058707140386104584,0.015899649107920966,0.21311262977204234,H4,1075515,0.485145,0.174883,0.285742,0.583497,0.1674334092880797,0.1064097538419873,0.1483114464671655,0.2329084394597201,0.1507416848123908,0.0995473579810233,0.1356544222450096,0.2153839959993206,0.2549396665225508,0.0974863974152559,0.1983326512183026,0.4337794524108475,0.09111288,0.04709591,0.064696714,0.12843084
HOP62,CVCL_1285,1201,0.059448350220918655,0.01353372826255419,0.18543906317520087,HOP62,3420378,0.45318,0.0888912,0.175734,0.54168,0.1100632049013537,0.0497659500953625,0.0854764973404257,0.1892603071471831,0.0600939954121945,0.0299680021331691,0.049018983243257,0.1060760460433011,0.1698308611305154,0.0347507409714733,0.1092034155465629,0.3443468277053381,0.064925924,0.023740113,0.03810287,0.10859508
LOXIMVI,CVCL_1381,1200,0.059331685304641724,0.01000225075150928,0.14426197790658857,LOX-IMVI,2278841,0.481116,0.220874,0.325327,0.559895,0.1716295391787721,0.1245039511835204,0.1581373269601079,0.2133536513304392,0.1578129605549054,0.1174973083604995,0.147077177693407,0.2049828045793217,0.2911026594176304,0.1492838695653192,0.2453692963975448,0.4414194243504777,0.08799388,0.054542243,0.06977351,0.11727765
NCIH1573,CVCL_1478,1200,0.05939919874072075,0.0121277802126861,0.16955532569866005,NCI-H1573,2254353,0.501659,0.146274,0.245439,0.618183,0.1678394419410045,0.1222880863708554,0.1595485706508495,0.1973231915831441,0.0606352585985472,0.0466742522662602,0.0585379338102353,0.0744022254649445,0.2132163101377394,0.0654002594089265,0.1531647845882654,0.4164693146376856,0.07965597,0.04886249,0.0654432,0.11004359
NCIH1792,CVCL_1495,1200,0.05939238891005516,0.014342020531812648,0.19450919374515224,NCI-H1792,1889509,0.384968,0.0821474,0.164479,0.473855,0.1397184391931034,0.0716384911344741,0.1171355370878015,0.2211320011844738,0.1041664472230251,0.0552920303023107,0.089111129736438,0.1729784901946836,0.1457314582299512,0.0313926022646617,0.0951082789165031,0.3067031073697064,0.07678636,0.031936023,0.051147483,0.119487725
NCIH2030,CVCL_1517,1201,0.05973908305168152,0.010105075383218483,0.14468032273074308,NCI-H2030,1987892,0.476294,0.130076,0.229071,0.553903,0.1669172497148045,0.0993811400850755,0.1477179182373486,0.2432240890959712,0.1213193239421962,0.0762838512457951,0.1090844529365644,0.1815354697760563,0.1789143804215876,0.0519703220580136,0.1250960054700543,0.3353807242324103,0.086404435,0.04246018,0.06262727,0.13349622
NCIH23,CVCL_1547,1198,0.05889221653342247,0.011599728189419897,0.16455395343435736,NCI-H23,1835947,0.505221,0.123862,0.232161,0.615593,0.1048127165307243,0.069787106527096,0.0924538319622302,0.1567618896860801,0.1023844153855709,0.06906125228965,0.0923310599289322,0.154447615173638,0.2333124195497097,0.0664058047855134,0.1686881655874343,0.4388999743382938,0.058311563,0.03207794,0.041664384,0.09107672
NCIH2347,CVCL_1550,1200,0.059810571372509,0.008982936679432913,0.13057826143493698,NCI-H2347,2360694,0.483861,0.128312,0.230498,0.571557,0.1314311851357654,0.0814423681835187,0.1140063036608361,0.1805134015789788,0.0974231419870949,0.0600820244853402,0.083802674961845,0.1395179897748072,0.2064957213555839,0.0598849376347514,0.1441059676517531,0.3857616948852485,0.069257714,0.03515053,0.048426826,0.09765795
NCIH661,CVCL_1577,1057,0.05415039509534836,0.012169082233023043,0.1834918295988609,NCI-H661,144860,0.440343,0.0980412,0.190198,0.574357,0.1144459012321663,0.0554458432216213,0.0901922324305578,0.2089542963859384,0.1039196015780552,0.0535365209562739,0.086062345438078,0.1903533424397093,0.1790134562649523,0.0403483521491077,0.1213293300797071,0.3706628158835461,0.067727536,0.027069006,0.04044121,0.11761031
PANC0327,CVCL_1635,1199,0.0592457577586174,0.008460665334015589,0.12496104427847375,Panc 03.27,1755313,0.461955,0.0985722,0.193581,0.52493,0.139384462148,0.0785655951123824,0.1204366618529932,0.2205429649668307,0.0895423340235391,0.0528905654578677,0.0789556954423734,0.1483477105635387,0.1716689689999426,0.0416497260850364,0.1137907547973813,0.3314232206869727,0.07823546,0.035471678,0.053713527,0.123742186
RPMI7951,CVCL_1666,1199,0.059026557952165604,0.010775877905850807,0.1543768175622092,RPMI-7951,1713177,0.34188,0.0661127,0.144506,0.433908,0.1245458302863299,0.0599565299245225,0.0990744009631096,0.206129114309802,0.0881697827121793,0.045844497828193,0.0731816661957399,0.1483137036945806,0.1228289232992498,0.0226954102920001,0.0793456247082269,0.2673344542563229,0.07280707,0.028245755,0.04541634,0.114054166
SHP77,CVCL_1693,1201,0.06005602702498436,0.015392529188794326,0.20401356846618207,SHP-77,2444712,0.397267,0.127447,0.222636,0.460146,0.1528733570145844,0.0903040897430449,0.134452535323257,0.2157904657307533,0.0801640856678408,0.0517756150622134,0.0718781058857121,0.1152762760152685,0.1711116554347455,0.064030693426174,0.1321368479266025,0.298236000776351,0.079727404,0.039815556,0.05874956,0.11518588
SW1088,CVCL_1715,920,0.057926956564188004,0.03917416368135581,0.40343678406896233,SW 1088,163938,0.406283,0.101625,0.190319,0.49166,0.1649138129735197,0.0871868704272328,0.1360201067322424,0.2659127173139002,0.1075686027952821,0.0607868179316166,0.0913022606669213,0.1786685606914622,0.1502799798029425,0.0398602976230188,0.101133156201552,0.3045489371553824,0.096477665,0.041013636,0.062240895,0.14824769
SW1271,CVCL_1716,1139,0.05546628311276436,0.03369683986900976,0.37792350404659725,SW 1271,229595,0.537566,0.14092,0.246215,0.643958,0.1634765606454965,0.1076892800453636,0.1522192607668507,0.2076162415004885,0.1111429582559554,0.0755380434997426,0.1045034909410205,0.1455096166595954,0.2192708289943793,0.0562141039595283,0.1506070879139918,0.4356023066487192,0.08547974,0.050460238,0.070023865,0.11539794
SW1417,CVCL_1717,1200,0.05961255356669426,0.00715730313073534,0.10719362725561864,SW1417,2039153,0.442136,0.159183,0.259459,0.526282,0.1687598752184023,0.1053404789241585,0.1463619170807006,0.2313160282855964,0.1441487225596042,0.0931888902256876,0.1271351863818388,0.2055361310507904,0.2324882823337807,0.0962228676251936,0.1850312110306391,0.3761488256498915,0.08865043,0.043859996,0.061178938,0.12739156
SW48,CVCL_1724,1199,0.058963894844055176,0.008921643456641752,0.1314218562593347,SW48,1032791,0.627111,0.27251,0.387426,0.688618,0.1142076223190054,0.0793074893269534,0.100733071150777,0.1668564605132236,0.1128297359742452,0.0807510476147158,0.1005754681153259,0.1614408992417856,0.373963467439689,0.1969550665855797,0.3116481556052473,0.5312554239325579,0.057761926,0.032631863,0.04136055,0.08970013
SW900,CVCL_1731,1200,0.05919216200709343,0.010685976822933351,0.15292303146376254,SW 900,1791184,0.517953,0.127998,0.227345,0.628198,0.1056379248446186,0.0685227421487476,0.0977552965215592,0.1430314622353731,0.0825587699479621,0.0531285814023996,0.0760427466176664,0.1198856617315447,0.2060774879978965,0.0592903321678869,0.1425357142007473,0.4164784155121454,0.05341359,0.029797593,0.04170402,0.07709117
